data,medicamento_id,consumo_unidades,estoque_disponivel,entradas_unidades,ocupacao_leitos_pct,atendimentos_ps
2024-01-01,paracetamol,198.0,2772.0,0.0,52.7,111
2024-01-02,paracetamol,115.0,2657.0,0.0,33.6,51
2024-01-03,paracetamol,193.0,2464.0,0.0,34.2,61
2024-01-04,paracetamol,196.0,2268.0,0.0,32.6,51
2024-01-05,paracetamol,150.0,2118.0,0.0,24.7,30
2024-01-06,paracetamol,177.0,1941.0,0.0,41.6,71
2024-01-07,paracetamol,186.0,1755.0,0.0,51.5,99
2024-01-08,paracetamol,199.0,1556.0,0.0,29.9,65
2024-01-09,paracetamol,203.0,1353.0,0.0,20.0,44
2024-01-10,paracetamol,158.0,1195.0,0.0,37.5,57
2024-01-11,paracetamol,193.0,1002.0,0.0,49.8,90
2024-01-12,paracetamol,203.0,799.0,0.0,37.9,81
2024-01-13,paracetamol,197.0,602.0,0.0,34.2,80
2024-01-14,paracetamol,195.0,407.0,0.0,43.7,85
2024-01-15,paracetamol,189.0,218.0,0.0,38.7,61
2024-01-16,paracetamol,144.0,2769.0,2695.0,33.7,37
2024-01-17,paracetamol,192.0,2577.0,0.0,32.8,49
2024-01-18,paracetamol,150.0,2427.0,0.0,28.6,47
2024-01-19,paracetamol,199.0,2228.0,0.0,26.8,48
2024-01-20,paracetamol,175.0,2053.0,0.0,39.9,75
2024-01-21,paracetamol,175.0,1878.0,0.0,40.7,81
2024-01-22,paracetamol,174.0,1704.0,0.0,22.5,37
2024-01-23,paracetamol,226.0,1478.0,0.0,38.6,48
2024-01-24,paracetamol,175.0,1303.0,0.0,36.8,46
2024-01-25,paracetamol,159.0,1144.0,0.0,33.2,43
2024-01-26,paracetamol,173.0,971.0,0.0,26.7,48
2024-01-27,paracetamol,214.0,757.0,0.0,47.1,86
2024-01-28,paracetamol,204.0,553.0,0.0,40.6,70
2024-01-29,paracetamol,197.0,356.0,0.0,51.4,103
2024-01-30,paracetamol,201.0,2926.785714285714,2771.785714285714,35.7,49
2024-01-31,paracetamol,252.0,2674.785714285714,0.0,46.2,86
2024-02-01,paracetamol,182.0,2492.785714285714,0.0,34.4,51
2024-02-02,paracetamol,178.0,2314.785714285714,0.0,29.8,39
2024-02-03,paracetamol,201.0,2113.785714285714,0.0,40.2,72
2024-02-04,paracetamol,220.0,1893.7857142857142,0.0,31.0,70
2024-02-05,paracetamol,249.0,1644.7857142857142,0.0,39.8,74
2024-02-06,paracetamol,194.0,1450.7857142857142,0.0,29.2,51
2024-02-07,paracetamol,205.0,1245.7857142857142,0.0,34.0,73
2024-02-08,paracetamol,159.0,1086.7857142857142,0.0,42.0,62
2024-02-09,paracetamol,228.0,858.7857142857142,0.0,51.3,88
2024-02-10,paracetamol,226.0,632.7857142857142,0.0,53.0,97
2024-02-11,paracetamol,278.0,3353.7142857142853,2998.928571428571,59.8,129
2024-02-12,paracetamol,213.0,3140.7142857142853,0.0,55.4,104
2024-02-13,paracetamol,235.0,2905.7142857142853,0.0,46.5,94
2024-02-14,paracetamol,225.0,2680.7142857142853,0.0,40.7,75
2024-02-15,paracetamol,248.0,2432.7142857142853,0.0,42.8,96
2024-02-16,paracetamol,258.0,2174.7142857142853,0.0,55.8,116
2024-02-17,paracetamol,232.0,1942.7142857142853,0.0,58.6,128
2024-02-18,paracetamol,302.0,1640.7142857142853,0.0,72.4,183
2024-02-19,paracetamol,297.0,1343.7142857142853,0.0,61.3,137
2024-02-20,paracetamol,259.0,1084.7142857142853,0.0,55.3,120
2024-02-21,paracetamol,283.0,801.7142857142853,0.0,73.6,151
2024-02-22,paracetamol,222.0,579.7142857142853,0.0,49.7,93
2024-02-23,paracetamol,248.0,331.7142857142853,0.0,56.0,121
2024-02-24,paracetamol,263.0,3552.9999999999995,3484.285714285714,60.4,131
2024-02-25,paracetamol,246.0,3306.9999999999995,0.0,65.6,148
2024-02-26,paracetamol,276.0,3030.9999999999995,0.0,61.8,140
2024-02-27,paracetamol,357.0,2673.9999999999995,0.0,56.9,136
2024-02-28,paracetamol,213.0,2460.9999999999995,0.0,54.6,119
2024-02-29,paracetamol,319.0,2141.9999999999995,0.0,63.8,152
2024-03-01,paracetamol,201.0,1940.9999999999995,0.0,50.9,121
2024-03-02,paracetamol,279.0,1661.9999999999995,0.0,63.2,136
2024-03-03,paracetamol,282.0,1379.9999999999995,0.0,64.2,140
2024-03-04,paracetamol,295.0,1084.9999999999995,0.0,60.3,154
2024-03-05,paracetamol,294.0,4835.642857142857,4044.6428571428573,58.6,130
2024-03-06,paracetamol,265.0,4570.642857142857,0.0,59.9,121
2024-03-07,paracetamol,242.0,4328.642857142857,0.0,56.7,111
2024-03-08,paracetamol,286.0,4042.642857142857,0.0,60.7,123
2024-03-09,paracetamol,298.0,3744.642857142857,0.0,83.7,200
2024-03-10,paracetamol,285.0,3459.642857142857,0.0,70.4,172
2024-03-11,paracetamol,255.0,3204.642857142857,0.0,58.3,140
2024-03-12,paracetamol,231.0,2973.642857142857,0.0,54.9,114
2024-03-13,paracetamol,224.0,2749.642857142857,0.0,53.3,109
2024-03-14,paracetamol,299.0,2450.642857142857,0.0,70.9,149
2024-03-15,paracetamol,279.0,2171.642857142857,0.0,69.1,146
2024-03-16,paracetamol,308.0,1863.6428571428569,0.0,61.7,139
2024-03-17,paracetamol,288.0,1575.6428571428569,0.0,58.3,142
2024-03-18,paracetamol,259.0,1316.6428571428569,0.0,62.4,143
2024-03-19,paracetamol,258.0,1058.6428571428569,0.0,50.9,104
2024-03-20,paracetamol,272.0,786.6428571428569,0.0,57.9,129
2024-03-21,paracetamol,274.0,4599.071428571428,4086.4285714285716,66.6,158
2024-03-22,paracetamol,231.0,4368.071428571428,0.0,52.1,107
2024-03-23,paracetamol,297.0,4071.0714285714284,0.0,62.0,144
2024-03-24,paracetamol,246.0,3825.0714285714284,0.0,57.6,133
2024-03-25,paracetamol,208.0,3617.0714285714284,0.0,49.5,99
2024-03-26,paracetamol,279.0,3338.0714285714284,0.0,50.1,109
2024-03-27,paracetamol,229.0,3109.0714285714284,0.0,59.4,128
2024-03-28,paracetamol,243.0,2866.0714285714284,0.0,47.6,94
2024-03-29,paracetamol,291.0,2575.0714285714284,0.0,62.6,153
2024-03-30,paracetamol,280.0,2295.0714285714284,0.0,66.3,156
2024-03-31,paracetamol,287.0,2008.0714285714284,0.0,77.8,167
2024-04-01,paracetamol,252.0,1756.0714285714284,0.0,53.0,126
2024-04-02,paracetamol,196.0,1560.0714285714284,0.0,32.8,79
2024-04-03,paracetamol,282.0,1278.0714285714284,0.0,53.0,134
2024-04-04,paracetamol,215.0,1063.0714285714284,0.0,51.5,108
2024-04-05,paracetamol,212.0,851.0714285714284,0.0,47.7,97
2024-04-06,paracetamol,258.0,4508.071428571428,3915.0,59.3,132
2024-04-07,paracetamol,229.0,4279.071428571428,0.0,48.9,87
2024-04-08,paracetamol,288.0,3991.0714285714284,0.0,51.9,140
2024-04-09,paracetamol,179.0,3812.0714285714284,0.0,51.6,104
2024-04-10,paracetamol,240.0,3572.0714285714284,0.0,67.4,136
2024-04-11,paracetamol,289.0,3283.0714285714284,0.0,56.3,135
2024-04-12,paracetamol,213.0,3070.0714285714284,0.0,53.0,117
2024-04-13,paracetamol,281.0,2789.0714285714284,0.0,62.0,147
2024-04-14,paracetamol,207.0,2582.0714285714284,0.0,47.8,108
2024-04-15,paracetamol,224.0,2358.0714285714284,0.0,47.3,100
2024-04-16,paracetamol,180.0,2178.0714285714284,0.0,56.7,107
2024-04-17,paracetamol,207.0,1971.0714285714284,0.0,45.4,70
2024-04-18,paracetamol,235.0,1736.0714285714284,0.0,48.6,104
2024-04-19,paracetamol,178.0,1558.0714285714284,0.0,58.0,105
2024-04-20,paracetamol,260.0,1298.0714285714284,0.0,56.8,123
2024-04-21,paracetamol,311.0,987.0714285714284,0.0,86.4,188
2024-04-22,paracetamol,190.0,797.0714285714284,0.0,38.8,73
2024-04-23,paracetamol,192.0,605.0714285714284,0.0,37.6,67
2024-04-24,paracetamol,210.0,395.07142857142844,0.0,42.4,78
2024-04-25,paracetamol,198.0,3670.6428571428573,3473.571428571429,53.3,77
2024-04-26,paracetamol,210.0,3460.6428571428573,0.0,43.6,76
2024-04-27,paracetamol,228.0,3232.6428571428573,0.0,52.4,119
2024-04-28,paracetamol,297.0,2935.6428571428573,0.0,60.2,122
2024-04-29,paracetamol,242.0,2693.6428571428573,0.0,56.9,128
2024-04-30,paracetamol,196.0,2497.6428571428573,0.0,35.1,67
2024-05-01,paracetamol,248.0,2249.6428571428573,0.0,60.6,124
2024-05-02,paracetamol,201.0,2048.6428571428573,0.0,45.2,90
2024-05-03,paracetamol,260.0,1788.6428571428573,0.0,50.4,102
2024-05-04,paracetamol,269.0,1519.6428571428573,0.0,60.9,135
2024-05-05,paracetamol,238.0,1281.6428571428573,0.0,50.3,101
2024-05-06,paracetamol,282.0,999.6428571428573,0.0,60.1,128
2024-05-07,paracetamol,175.0,824.6428571428573,0.0,27.2,61
2024-05-08,paracetamol,180.0,644.6428571428573,0.0,44.3,80
2024-05-09,paracetamol,174.0,3945.2857142857138,3474.642857142857,34.2,70
2024-05-10,paracetamol,212.0,3733.2857142857138,0.0,39.3,90
2024-05-11,paracetamol,186.0,3547.2857142857138,0.0,50.8,107
2024-05-12,paracetamol,257.0,3290.2857142857138,0.0,56.3,121
2024-05-13,paracetamol,222.0,3068.2857142857138,0.0,49.7,111
2024-05-14,paracetamol,185.0,2883.2857142857138,0.0,45.3,81
2024-05-15,paracetamol,184.0,2699.2857142857138,0.0,29.2,60
2024-05-16,paracetamol,225.0,2474.2857142857138,0.0,50.1,109
2024-05-17,paracetamol,265.0,2209.2857142857138,0.0,53.3,120
2024-05-18,paracetamol,288.0,1921.2857142857138,0.0,63.1,142
2024-05-19,paracetamol,307.0,1614.2857142857138,0.0,65.8,146
2024-05-20,paracetamol,210.0,1404.2857142857138,0.0,44.2,99
2024-05-21,paracetamol,185.0,1219.2857142857138,0.0,36.8,58
2024-05-22,paracetamol,163.0,1056.2857142857138,0.0,39.4,73
2024-05-23,paracetamol,202.0,854.2857142857138,0.0,41.4,101
2024-05-24,paracetamol,184.0,4036.7142857142844,3366.428571428571,31.3,73
2024-05-25,paracetamol,196.0,3840.7142857142844,0.0,47.8,98
2024-05-26,paracetamol,195.0,3645.7142857142844,0.0,49.1,104
2024-05-27,paracetamol,215.0,3430.7142857142844,0.0,43.6,87
2024-05-28,paracetamol,204.0,3226.7142857142844,0.0,50.6,106
2024-05-29,paracetamol,191.0,3035.7142857142844,0.0,36.2,62
2024-05-30,paracetamol,206.0,2829.7142857142844,0.0,40.1,65
2024-05-31,paracetamol,183.0,2646.7142857142844,0.0,31.2,63
2024-06-01,paracetamol,162.0,2484.7142857142844,0.0,36.2,78
2024-06-02,paracetamol,200.0,2284.7142857142844,0.0,43.2,97
2024-06-03,paracetamol,178.0,2106.7142857142844,0.0,44.8,86
2024-06-04,paracetamol,256.0,1850.7142857142844,0.0,67.9,141
2024-06-05,paracetamol,219.0,1631.7142857142844,0.0,39.9,80
2024-06-06,paracetamol,199.0,1432.7142857142844,0.0,34.0,87
2024-06-07,paracetamol,170.0,1262.7142857142844,0.0,28.1,61
2024-06-08,paracetamol,189.0,1073.7142857142844,0.0,51.9,119
2024-06-09,paracetamol,203.0,870.7142857142844,0.0,45.0,96
2024-06-10,paracetamol,192.0,678.7142857142844,0.0,41.0,83
2024-06-11,paracetamol,249.0,429.7142857142844,0.0,47.7,97
2024-06-12,paracetamol,178.0,3238.8571428571413,2987.142857142857,39.6,78
2024-06-13,paracetamol,228.0,3010.8571428571413,0.0,55.2,107
2024-06-14,paracetamol,191.0,2819.8571428571413,0.0,41.7,88
2024-06-15,paracetamol,262.0,2557.8571428571413,0.0,55.3,129
2024-06-16,paracetamol,212.0,2345.8571428571413,0.0,53.3,108
2024-06-17,paracetamol,210.0,2135.8571428571413,0.0,36.1,82
2024-06-18,paracetamol,210.0,1925.8571428571413,0.0,39.3,69
2024-06-19,paracetamol,195.0,1730.8571428571413,0.0,40.6,76
2024-06-20,paracetamol,185.0,1545.8571428571413,0.0,43.4,87
2024-06-21,paracetamol,155.0,1390.8571428571413,0.0,40.6,59
2024-06-22,paracetamol,193.0,1197.8571428571413,0.0,50.7,113
2024-06-23,paracetamol,188.0,1009.8571428571413,0.0,53.3,90
2024-06-24,paracetamol,191.0,818.8571428571413,0.0,41.0,81
2024-06-25,paracetamol,252.0,566.8571428571413,0.0,49.4,117
2024-06-26,paracetamol,198.0,3448.1428571428555,3079.285714285714,38.4,70
2024-06-27,paracetamol,169.0,3279.1428571428555,0.0,35.2,74
2024-06-28,paracetamol,210.0,3069.1428571428555,0.0,35.8,72
2024-06-29,paracetamol,261.0,2808.1428571428555,0.0,63.1,137
2024-06-30,paracetamol,233.0,2575.1428571428555,0.0,54.3,110
2024-07-01,paracetamol,191.0,2384.1428571428555,0.0,45.8,99
2024-07-02,paracetamol,210.0,2174.1428571428555,0.0,57.4,114
2024-07-03,paracetamol,187.0,1987.1428571428555,0.0,56.7,110
2024-07-04,paracetamol,220.0,1767.1428571428555,0.0,49.8,87
2024-07-05,paracetamol,215.0,1552.1428571428555,0.0,50.4,99
2024-07-06,paracetamol,192.0,1360.1428571428555,0.0,56.8,108
2024-07-07,paracetamol,175.0,1185.1428571428555,0.0,32.7,76
2024-07-08,paracetamol,230.0,955.1428571428555,0.0,49.8,107
2024-07-09,paracetamol,243.0,712.1428571428555,0.0,49.0,111
2024-07-10,paracetamol,198.0,3640.5714285714266,3126.428571428571,44.9,88
2024-07-11,paracetamol,185.0,3455.5714285714266,0.0,43.2,91
2024-07-12,paracetamol,239.0,3216.5714285714266,0.0,47.9,100
2024-07-13,paracetamol,154.0,3062.5714285714266,0.0,51.6,87
2024-07-14,paracetamol,190.0,2872.5714285714266,0.0,52.8,114
2024-07-15,paracetamol,216.0,2656.5714285714266,0.0,48.5,95
2024-07-16,paracetamol,199.0,2457.5714285714266,0.0,42.1,84
2024-07-17,paracetamol,189.0,2268.5714285714266,0.0,39.8,74
2024-07-18,paracetamol,191.0,2077.5714285714266,0.0,39.5,74
2024-07-19,paracetamol,204.0,1873.5714285714266,0.0,39.9,70
2024-07-20,paracetamol,222.0,1651.5714285714266,0.0,74.3,160
2024-07-21,paracetamol,198.0,1453.5714285714266,0.0,51.7,90
2024-07-22,paracetamol,222.0,1231.5714285714266,0.0,41.4,76
2024-07-23,paracetamol,166.0,1065.5714285714266,0.0,35.9,57
2024-07-24,paracetamol,188.0,877.5714285714266,0.0,34.2,72
2024-07-25,paracetamol,145.0,732.5714285714266,0.0,37.7,70
2024-07-26,paracetamol,167.0,565.5714285714266,0.0,35.6,52
2024-07-27,paracetamol,195.0,3432.7142857142835,3062.142857142857,51.4,98
2024-07-28,paracetamol,181.0,3251.7142857142835,0.0,50.5,103
2024-07-29,paracetamol,221.0,3030.7142857142835,0.0,58.4,118
2024-07-30,paracetamol,147.0,2883.7142857142835,0.0,32.0,47
2024-07-31,paracetamol,185.0,2698.7142857142835,0.0,44.3,74
2024-08-01,paracetamol,152.0,2546.7142857142835,0.0,36.8,63
2024-08-02,paracetamol,175.0,2371.7142857142835,0.0,36.0,68
2024-08-03,paracetamol,267.0,2104.7142857142835,0.0,58.0,123
2024-08-04,paracetamol,206.0,1898.7142857142835,0.0,44.6,122
2024-08-05,paracetamol,281.0,1617.7142857142835,0.0,70.8,159
2024-08-06,paracetamol,207.0,1410.7142857142835,0.0,27.7,82
2024-08-07,paracetamol,193.0,1217.7142857142835,0.0,43.8,106
2024-08-08,paracetamol,185.0,1032.7142857142835,0.0,46.5,89
2024-08-09,paracetamol,231.0,801.7142857142835,0.0,57.1,119
2024-08-10,paracetamol,233.0,568.7142857142835,0.0,42.2,95
2024-08-11,paracetamol,187.0,3292.7857142857124,2911.071428571429,44.0,95
2024-08-12,paracetamol,201.0,3091.7857142857124,0.0,53.0,97
2024-08-13,paracetamol,203.0,2888.7857142857124,0.0,45.6,97
2024-08-14,paracetamol,254.0,2634.7857142857124,0.0,62.1,113
2024-08-15,paracetamol,220.0,2414.7857142857124,0.0,41.6,80
2024-08-16,paracetamol,179.0,2235.7857142857124,0.0,41.5,75
2024-08-17,paracetamol,203.0,2032.7857142857124,0.0,60.0,114
2024-08-18,paracetamol,178.0,1854.7857142857124,0.0,42.1,80
2024-08-19,paracetamol,209.0,1645.7857142857124,0.0,44.6,100
2024-08-20,paracetamol,188.0,1457.7857142857124,0.0,42.2,83
2024-08-21,paracetamol,220.0,1237.7857142857124,0.0,48.1,99
2024-08-22,paracetamol,178.0,1059.7857142857124,0.0,27.7,56
2024-08-23,paracetamol,167.0,892.7857142857124,0.0,35.7,66
2024-08-24,paracetamol,155.0,737.7857142857124,0.0,42.1,90
2024-08-25,paracetamol,184.0,3642.7142857142835,3088.928571428571,43.9,76
2024-08-26,paracetamol,167.0,3475.7142857142835,0.0,45.9,92
2024-08-27,paracetamol,176.0,3299.7142857142835,0.0,47.1,99
2024-08-28,paracetamol,157.0,3142.7142857142835,0.0,38.4,72
2024-08-29,paracetamol,208.0,2934.7142857142835,0.0,43.5,83
2024-08-30,paracetamol,156.0,2778.7142857142835,0.0,35.7,56
2024-08-31,paracetamol,199.0,2579.7142857142835,0.0,36.5,77
2024-09-01,paracetamol,293.0,2286.7142857142835,0.0,58.8,141
2024-09-02,paracetamol,174.0,2112.7142857142835,0.0,42.2,69
2024-09-03,paracetamol,178.0,1934.7142857142835,0.0,36.1,69
2024-09-04,paracetamol,230.0,1704.7142857142835,0.0,41.9,97
2024-09-05,paracetamol,278.0,1426.7142857142835,0.0,52.8,107
2024-09-06,paracetamol,179.0,1247.7142857142835,0.0,39.2,68
2024-09-07,paracetamol,228.0,1019.7142857142835,0.0,58.9,147
2024-09-08,paracetamol,196.0,823.7142857142835,0.0,55.8,118
2024-09-09,paracetamol,239.0,584.7142857142835,0.0,59.9,124
2024-09-10,paracetamol,180.0,404.7142857142835,0.0,43.4,81
2024-09-11,paracetamol,184.0,220.7142857142835,0.0,42.4,75
2024-09-12,paracetamol,198.0,2939.1428571428546,2916.428571428571,39.8,91
2024-09-13,paracetamol,209.0,2730.1428571428546,0.0,45.7,88
2024-09-14,paracetamol,199.0,2531.1428571428546,0.0,46.7,98
2024-09-15,paracetamol,191.0,2340.1428571428546,0.0,45.6,97
2024-09-16,paracetamol,144.0,2196.1428571428546,0.0,45.4,81
2024-09-17,paracetamol,191.0,2005.1428571428546,0.0,45.8,75
2024-09-18,paracetamol,168.0,1837.1428571428546,0.0,42.1,61
2024-09-19,paracetamol,185.0,1652.1428571428546,0.0,46.8,80
2024-09-20,paracetamol,155.0,1497.1428571428546,0.0,29.6,47
2024-09-21,paracetamol,206.0,1291.1428571428546,0.0,47.6,93
2024-09-22,paracetamol,225.0,1066.1428571428546,0.0,49.2,93
2024-09-23,paracetamol,175.0,891.1428571428546,0.0,48.0,97
2024-09-24,paracetamol,182.0,709.1428571428546,0.0,38.3,69
2024-09-25,paracetamol,211.0,3355.6428571428546,2857.5,35.1,52
2024-09-26,paracetamol,157.0,3198.6428571428546,0.0,35.4,63
2024-09-27,paracetamol,182.0,3016.6428571428546,0.0,32.7,63
2024-09-28,paracetamol,203.0,2813.6428571428546,0.0,43.1,89
2024-09-29,paracetamol,190.0,2623.6428571428546,0.0,45.2,83
2024-09-30,paracetamol,264.0,2359.6428571428546,0.0,47.9,98
2024-10-01,paracetamol,191.0,2168.6428571428546,0.0,38.1,66
2024-10-02,paracetamol,175.0,1993.6428571428546,0.0,40.1,68
2024-10-03,paracetamol,189.0,1804.6428571428546,0.0,35.5,67
2024-10-04,paracetamol,156.0,1648.6428571428546,0.0,34.1,50
2024-10-05,paracetamol,224.0,1424.6428571428546,0.0,47.7,93
2024-10-06,paracetamol,186.0,1238.6428571428546,0.0,49.3,116
2024-10-07,paracetamol,214.0,1024.6428571428546,0.0,46.0,76
2024-10-08,paracetamol,175.0,849.6428571428546,0.0,32.2,59
2024-10-09,paracetamol,220.0,629.6428571428546,0.0,34.3,78
2024-10-10,paracetamol,196.0,433.6428571428546,0.0,38.1,82
2024-10-11,paracetamol,161.0,272.6428571428546,0.0,36.8,78
2024-10-12,paracetamol,216.0,2975.2142857142835,2918.571428571429,59.3,130
2024-10-13,paracetamol,209.0,2766.2142857142835,0.0,43.3,88
2024-10-14,paracetamol,174.0,2592.2142857142835,0.0,44.1,91
2024-10-15,paracetamol,180.0,2412.2142857142835,0.0,40.9,71
2024-10-16,paracetamol,190.0,2222.2142857142835,0.0,41.5,76
2024-10-17,paracetamol,167.0,2055.2142857142835,0.0,40.4,73
2024-10-18,paracetamol,192.0,1863.2142857142835,0.0,35.9,59
2024-10-19,paracetamol,211.0,1652.2142857142835,0.0,57.0,117
2024-10-20,paracetamol,129.0,1523.2142857142835,0.0,24.8,56
2024-10-21,paracetamol,196.0,1327.2142857142835,0.0,37.7,73
2024-10-22,paracetamol,195.0,1132.2142857142835,0.0,31.5,76
2024-10-23,paracetamol,183.0,949.2142857142835,0.0,39.6,74
2024-10-24,paracetamol,186.0,763.2142857142835,0.0,36.7,66
2024-10-25,paracetamol,181.0,582.2142857142835,0.0,42.6,71
2024-10-26,paracetamol,193.0,3192.0714285714266,2802.857142857143,49.5,89
2024-10-27,paracetamol,250.0,2942.0714285714266,0.0,56.8,121
2024-10-28,paracetamol,158.0,2784.0714285714266,0.0,36.4,71
2024-10-29,paracetamol,209.0,2575.0714285714266,0.0,43.2,79
2024-10-30,paracetamol,172.0,2403.0714285714266,0.0,29.0,50
2024-10-31,paracetamol,192.0,2211.0714285714266,0.0,44.7,89
2024-11-01,paracetamol,154.0,2057.0714285714266,0.0,38.2,59
2024-11-02,paracetamol,212.0,1845.0714285714266,0.0,57.9,133
2024-11-03,paracetamol,239.0,1606.0714285714266,0.0,54.6,108
2024-11-04,paracetamol,210.0,1396.0714285714266,0.0,45.3,83
2024-11-05,paracetamol,228.0,1168.0714285714266,0.0,37.8,80
2024-11-06,paracetamol,186.0,982.0714285714266,0.0,37.4,57
2024-11-07,paracetamol,184.0,798.0714285714266,0.0,41.9,73
2024-11-08,paracetamol,228.0,570.0714285714266,0.0,41.6,79
2024-11-09,paracetamol,215.0,355.0714285714266,0.0,42.4,91
2024-11-10,paracetamol,241.0,3043.357142857141,2929.285714285714,46.9,105
2024-11-11,paracetamol,200.0,2843.357142857141,0.0,42.6,89
2024-11-12,paracetamol,192.0,2651.357142857141,0.0,46.2,87
2024-11-13,paracetamol,175.0,2476.357142857141,0.0,24.1,41
2024-11-14,paracetamol,215.0,2261.357142857141,0.0,40.9,73
2024-11-15,paracetamol,220.0,2041.3571428571408,0.0,39.8,89
2024-11-16,paracetamol,221.0,1820.3571428571408,0.0,48.1,101
2024-11-17,paracetamol,201.0,1619.3571428571408,0.0,53.9,114
2024-11-18,paracetamol,224.0,1395.3571428571408,0.0,61.2,108
2024-11-19,paracetamol,215.0,1180.3571428571408,0.0,28.0,57
2024-11-20,paracetamol,251.0,929.3571428571408,0.0,61.8,121
2024-11-21,paracetamol,214.0,715.3571428571408,0.0,42.9,82
2024-11-22,paracetamol,146.0,3693.642857142855,3124.285714285714,29.6,41
2024-11-23,paracetamol,238.0,3455.642857142855,0.0,54.0,114
2024-11-24,paracetamol,163.0,3292.642857142855,0.0,40.6,72
2024-11-25,paracetamol,183.0,3109.642857142855,0.0,34.7,62
2024-11-26,paracetamol,233.0,2876.642857142855,0.0,45.0,73
2024-11-27,paracetamol,184.0,2692.642857142855,0.0,39.1,78
2024-11-28,paracetamol,169.0,2523.642857142855,0.0,38.8,59
2024-11-29,paracetamol,154.0,2369.642857142855,0.0,29.9,54
2024-11-30,paracetamol,185.0,2184.642857142855,0.0,42.0,82
2024-12-01,paracetamol,185.0,1999.642857142855,0.0,38.7,84
2024-12-02,paracetamol,179.0,1820.642857142855,0.0,36.1,59
2024-12-03,paracetamol,203.0,1617.642857142855,0.0,50.9,90
2024-12-04,paracetamol,211.0,1406.642857142855,0.0,43.0,85
2024-12-05,paracetamol,188.0,1218.642857142855,0.0,37.3,70
2024-12-06,paracetamol,128.0,1090.642857142855,0.0,28.7,56
2024-12-07,paracetamol,207.0,883.6428571428551,0.0,45.2,93
2024-12-08,paracetamol,216.0,667.6428571428551,0.0,48.2,117
2024-12-09,paracetamol,194.0,473.64285714285506,0.0,42.8,94
2024-12-10,paracetamol,222.0,3087.714285714284,2836.071428571429,51.6,106
2024-12-11,paracetamol,140.0,2947.714285714284,0.0,30.1,32
2024-12-12,paracetamol,172.0,2775.714285714284,0.0,40.9,46
2024-12-13,paracetamol,203.0,2572.714285714284,0.0,39.6,81
2024-12-14,paracetamol,189.0,2383.714285714284,0.0,42.8,67
2024-12-15,paracetamol,238.0,2145.714285714284,0.0,52.7,109
2024-12-16,paracetamol,200.0,1945.714285714284,0.0,40.6,79
2024-12-17,paracetamol,205.0,1740.714285714284,0.0,38.8,67
2024-12-18,paracetamol,185.0,1555.714285714284,0.0,36.2,64
2024-12-19,paracetamol,189.0,1366.714285714284,0.0,35.7,62
2024-12-20,paracetamol,200.0,1166.714285714284,0.0,34.4,64
2024-12-21,paracetamol,197.0,969.714285714284,0.0,43.7,102
2024-12-22,paracetamol,236.0,733.714285714284,0.0,42.4,100
2024-12-23,paracetamol,201.0,532.714285714284,0.0,45.3,83
2024-12-24,paracetamol,151.0,381.71428571428396,0.0,35.2,65
2024-12-25,paracetamol,203.0,178.71428571428396,0.0,38.5,78
2024-12-26,paracetamol,187.0,2871.714285714284,2880.0,32.9,55
2024-12-27,paracetamol,177.0,2694.714285714284,0.0,45.1,81
2024-12-28,paracetamol,216.0,2478.714285714284,0.0,53.9,113
2024-12-29,paracetamol,165.0,2313.714285714284,0.0,38.3,78
2024-12-30,paracetamol,209.0,2104.714285714284,0.0,51.0,93
2024-12-31,paracetamol,214.0,1890.714285714284,0.0,43.7,68
2025-01-01,paracetamol,195.0,1695.714285714284,0.0,50.9,101
2025-01-02,paracetamol,182.0,1513.714285714284,0.0,43.7,75
2025-01-03,paracetamol,188.0,1325.714285714284,0.0,45.2,76
2025-01-04,paracetamol,215.0,1110.714285714284,0.0,50.7,93
2025-01-05,paracetamol,168.0,942.714285714284,0.0,49.6,96
2025-01-06,paracetamol,231.0,711.714285714284,0.0,49.6,96
2025-01-07,paracetamol,184.0,3455.9285714285697,2928.214285714286,44.7,83
2025-01-08,paracetamol,218.0,3237.9285714285697,0.0,36.2,77
2025-01-09,paracetamol,186.0,3051.9285714285697,0.0,41.2,71
2025-01-10,paracetamol,244.0,2807.9285714285697,0.0,46.3,109
2025-01-11,paracetamol,219.0,2588.9285714285697,0.0,40.9,87
2025-01-12,paracetamol,156.0,2432.9285714285697,0.0,41.6,65
2025-01-13,paracetamol,262.0,2170.9285714285697,0.0,60.7,125
2025-01-14,paracetamol,184.0,1986.9285714285697,0.0,39.8,58
2025-01-15,paracetamol,166.0,1820.9285714285697,0.0,29.7,49
2025-01-16,paracetamol,202.0,1618.9285714285697,0.0,34.9,74
2025-01-17,paracetamol,151.0,1467.9285714285697,0.0,31.9,55
2025-01-18,paracetamol,187.0,1280.9285714285697,0.0,39.9,74
2025-01-19,paracetamol,157.0,1123.9285714285697,0.0,33.2,55
2025-01-20,paracetamol,171.0,952.9285714285697,0.0,50.0,91
2025-01-21,paracetamol,209.0,743.9285714285697,0.0,34.5,64
2025-01-22,paracetamol,156.0,587.9285714285697,0.0,43.3,81
2025-01-23,paracetamol,195.0,392.92857142856974,0.0,37.3,79
2025-01-24,paracetamol,144.0,3233.9285714285697,2985.0,34.6,55
2025-01-25,paracetamol,169.0,3064.9285714285697,0.0,43.4,85
2025-01-26,paracetamol,205.0,2859.9285714285697,0.0,43.8,95
2025-01-27,paracetamol,162.0,2697.9285714285697,0.0,37.5,71
2025-01-28,paracetamol,218.0,2479.9285714285697,0.0,40.2,78
2025-01-29,paracetamol,194.0,2285.9285714285697,0.0,41.9,84
2025-01-30,paracetamol,185.0,2100.9285714285697,0.0,36.4,45
2025-01-31,paracetamol,213.0,1887.9285714285697,0.0,40.5,78
2025-02-01,paracetamol,195.0,1692.9285714285697,0.0,43.4,88
2025-02-02,paracetamol,199.0,1493.9285714285697,0.0,40.5,101
2025-02-03,paracetamol,174.0,1319.9285714285697,0.0,33.1,66
2025-02-04,paracetamol,172.0,1147.9285714285697,0.0,37.0,70
2025-02-05,paracetamol,207.0,940.9285714285697,0.0,38.5,79
2025-02-06,paracetamol,209.0,731.9285714285697,0.0,52.0,94
2025-02-07,paracetamol,173.0,558.9285714285697,0.0,30.8,51
2025-02-08,paracetamol,217.0,3143.714285714284,2801.785714285714,58.3,113
2025-02-09,paracetamol,194.0,2949.714285714284,0.0,47.4,96
2025-02-10,paracetamol,183.0,2766.714285714284,0.0,46.6,94
2025-02-11,paracetamol,200.0,2566.714285714284,0.0,41.6,81
2025-02-12,paracetamol,163.0,2403.714285714284,0.0,30.4,48
2025-02-13,paracetamol,170.0,2233.714285714284,0.0,36.9,47
2025-02-14,paracetamol,159.0,2074.714285714284,0.0,25.0,59
2025-02-15,paracetamol,168.0,1906.714285714284,0.0,26.9,61
2025-02-16,paracetamol,173.0,1733.714285714284,0.0,36.3,71
2025-02-17,paracetamol,212.0,1521.714285714284,0.0,50.4,105
2025-02-18,paracetamol,148.0,1373.714285714284,0.0,32.1,45
2025-02-19,paracetamol,204.0,1169.714285714284,0.0,45.6,86
2025-02-20,paracetamol,204.0,965.714285714284,0.0,35.5,67
2025-02-21,paracetamol,203.0,762.714285714284,0.0,43.6,74
2025-02-22,paracetamol,210.0,552.714285714284,0.0,47.1,84
2025-02-23,paracetamol,223.0,3089.714285714284,2760.0,56.3,120
2025-02-24,paracetamol,207.0,2882.714285714284,0.0,46.8,84
2025-02-25,paracetamol,155.0,2727.714285714284,0.0,28.0,38
2025-02-26,paracetamol,176.0,2551.714285714284,0.0,26.7,44
2025-02-27,paracetamol,154.0,2397.714285714284,0.0,39.8,67
2025-02-28,paracetamol,163.0,2234.714285714284,0.0,39.9,74
2025-03-01,paracetamol,180.0,2054.714285714284,0.0,46.1,93
2025-03-02,paracetamol,241.0,1813.714285714284,0.0,58.7,112
2025-03-03,paracetamol,245.0,1568.714285714284,0.0,42.3,110
2025-03-04,paracetamol,180.0,1388.714285714284,0.0,26.1,52
2025-03-05,paracetamol,181.0,1207.714285714284,0.0,31.9,66
2025-03-06,paracetamol,144.0,1063.714285714284,0.0,28.9,48
2025-03-07,paracetamol,173.0,890.714285714284,0.0,33.6,60
2025-03-08,paracetamol,218.0,672.714285714284,0.0,44.7,106
2025-03-09,paracetamol,177.0,495.71428571428396,0.0,36.2,76
2025-03-10,paracetamol,241.0,254.71428571428396,0.0,50.4,115
2025-03-11,paracetamol,175.0,3020.785714285713,2941.071428571429,45.8,64
2025-03-12,paracetamol,174.0,2846.785714285713,0.0,39.7,54
2025-03-13,paracetamol,164.0,2682.785714285713,0.0,41.3,84
2025-03-14,paracetamol,186.0,2496.785714285713,0.0,38.7,76
2025-03-15,paracetamol,200.0,2296.785714285713,0.0,46.1,106
2025-03-16,paracetamol,225.0,2071.785714285713,0.0,53.6,136
2025-03-17,paracetamol,220.0,1851.7857142857129,0.0,50.6,107
2025-03-18,paracetamol,178.0,1673.7857142857129,0.0,41.1,90
2025-03-19,paracetamol,219.0,1454.7857142857129,0.0,46.9,96
2025-03-20,paracetamol,194.0,1260.7857142857129,0.0,28.9,62
2025-03-21,paracetamol,155.0,1105.7857142857129,0.0,28.4,51
2025-03-22,paracetamol,233.0,872.7857142857129,0.0,51.3,106
2025-03-23,paracetamol,208.0,664.7857142857129,0.0,46.9,91
2025-03-24,paracetamol,236.0,428.78571428571286,0.0,46.4,89
2025-03-25,paracetamol,209.0,3106.214285714284,2886.428571428571,36.3,80
2025-03-26,paracetamol,197.0,2909.214285714284,0.0,39.4,64
2025-03-27,paracetamol,198.0,2711.214285714284,0.0,43.6,95
2025-03-28,paracetamol,217.0,2494.214285714284,0.0,50.8,99
2025-03-29,paracetamol,269.0,2225.214285714284,0.0,54.8,118
2025-03-30,paracetamol,204.0,2021.214285714284,0.0,44.1,103
2025-03-31,paracetamol,211.0,1810.214285714284,0.0,43.1,88
2025-04-01,paracetamol,221.0,1589.214285714284,0.0,45.2,86
2025-04-02,paracetamol,181.0,1408.214285714284,0.0,38.1,63
2025-04-03,paracetamol,203.0,1205.214285714284,0.0,43.1,86
2025-04-04,paracetamol,199.0,1006.214285714284,0.0,48.4,82
2025-04-05,paracetamol,196.0,810.214285714284,0.0,50.9,95
2025-04-06,paracetamol,205.0,3788.4285714285697,3183.214285714286,47.9,101
2025-04-07,paracetamol,180.0,3608.4285714285697,0.0,53.7,106
2025-04-08,paracetamol,196.0,3412.4285714285697,0.0,51.4,86
2025-04-09,paracetamol,167.0,3245.4285714285697,0.0,45.6,69
2025-04-10,paracetamol,174.0,3071.4285714285697,0.0,29.3,59
2025-04-11,paracetamol,197.0,2874.4285714285697,0.0,43.5,96
2025-04-12,paracetamol,300.0,2574.4285714285697,0.0,66.1,133
2025-04-13,paracetamol,270.0,2304.4285714285697,0.0,55.6,132
2025-04-14,paracetamol,227.0,2077.4285714285697,0.0,40.5,92
2025-04-15,paracetamol,227.0,1850.4285714285697,0.0,41.0,84
2025-04-16,paracetamol,208.0,1642.4285714285697,0.0,48.2,94
2025-04-17,paracetamol,217.0,1425.4285714285697,0.0,42.9,85
2025-04-18,paracetamol,275.0,1150.4285714285697,0.0,54.7,125
2025-04-19,paracetamol,264.0,886.4285714285697,0.0,53.6,122
2025-04-20,paracetamol,207.0,679.4285714285697,0.0,52.7,120
2025-04-21,paracetamol,269.0,410.42857142856974,0.0,73.8,182
2025-04-22,paracetamol,180.0,230.42857142856974,0.0,50.4,79
2025-04-23,paracetamol,192.0,3198.0714285714266,3159.642857142857,43.5,82
2025-04-24,paracetamol,299.0,2899.0714285714266,0.0,65.4,138
2025-04-25,paracetamol,208.0,2691.0714285714266,0.0,42.8,89
2025-04-26,paracetamol,284.0,2407.0714285714266,0.0,62.2,141
2025-04-27,paracetamol,217.0,2190.0714285714266,0.0,48.2,107
2025-04-28,paracetamol,231.0,1959.0714285714266,0.0,32.7,85
2025-04-29,paracetamol,207.0,1752.0714285714266,0.0,27.3,55
2025-04-30,paracetamol,209.0,1543.0714285714266,0.0,33.3,77
2025-05-01,paracetamol,205.0,1338.0714285714266,0.0,42.4,108
2025-05-02,paracetamol,199.0,1139.0714285714266,0.0,32.6,68
2025-05-03,paracetamol,199.0,940.0714285714266,0.0,54.2,101
2025-05-04,paracetamol,255.0,685.0714285714266,0.0,56.1,122
2025-05-05,paracetamol,227.0,3948.785714285712,3490.714285714286,53.1,98
2025-05-06,paracetamol,203.0,3745.785714285712,0.0,45.3,86
2025-05-07,paracetamol,167.0,3578.785714285712,0.0,43.0,75
2025-05-08,paracetamol,198.0,3380.785714285712,0.0,32.7,65
2025-05-09,paracetamol,194.0,3186.785714285712,0.0,37.7,63
2025-05-10,paracetamol,222.0,2964.785714285712,0.0,54.7,109
2025-05-11,paracetamol,197.0,2767.785714285712,0.0,47.0,102
2025-05-12,paracetamol,188.0,2579.785714285712,0.0,38.9,66
2025-05-13,paracetamol,160.0,2419.785714285712,0.0,38.3,64
2025-05-14,paracetamol,156.0,2263.785714285712,0.0,40.1,82
2025-05-15,paracetamol,247.0,2016.785714285712,0.0,46.5,107
2025-05-16,paracetamol,259.0,1757.785714285712,0.0,45.3,104
2025-05-17,paracetamol,195.0,1562.785714285712,0.0,53.5,113
2025-05-18,paracetamol,175.0,1387.785714285712,0.0,49.5,99
2025-05-19,paracetamol,116.0,1271.785714285712,0.0,30.0,56
2025-05-20,paracetamol,193.0,1078.785714285712,0.0,48.3,99
2025-05-21,paracetamol,260.0,818.785714285712,0.0,52.3,104
2025-05-22,paracetamol,212.0,606.785714285712,0.0,40.2,69
2025-05-23,paracetamol,197.0,409.78571428571195,0.0,52.7,94
2025-05-24,paracetamol,206.0,3276.642857142855,3072.857142857143,62.1,124
2025-05-25,paracetamol,180.0,3096.642857142855,0.0,44.2,99
2025-05-26,paracetamol,161.0,2935.642857142855,0.0,47.3,77
2025-05-27,paracetamol,194.0,2741.642857142855,0.0,40.5,83
2025-05-28,paracetamol,176.0,2565.642857142855,0.0,44.0,75
2025-05-29,paracetamol,239.0,2326.642857142855,0.0,50.3,104
2025-05-30,paracetamol,228.0,2098.642857142855,0.0,51.8,114
2025-05-31,paracetamol,257.0,1841.642857142855,0.0,45.9,113
2025-06-01,paracetamol,173.0,1668.642857142855,0.0,52.5,113
2025-06-02,paracetamol,233.0,1435.642857142855,0.0,45.5,109
2025-06-03,paracetamol,234.0,1201.642857142855,0.0,57.4,114
2025-06-04,paracetamol,158.0,1043.642857142855,0.0,54.0,98
2025-06-05,paracetamol,152.0,891.6428571428551,0.0,38.4,80
2025-06-06,paracetamol,247.0,644.6428571428551,0.0,51.9,106
2025-06-07,paracetamol,210.0,434.64285714285506,0.0,50.6,114
2025-06-08,paracetamol,243.0,3308.4285714285693,3116.785714285714,59.4,138
2025-06-09,paracetamol,178.0,3130.4285714285693,0.0,46.1,84
2025-06-10,paracetamol,259.0,2871.4285714285693,0.0,48.4,100
2025-06-11,paracetamol,182.0,2689.4285714285693,0.0,42.2,62
2025-06-12,paracetamol,193.0,2496.4285714285693,0.0,40.4,82
2025-06-13,paracetamol,219.0,2277.4285714285693,0.0,50.8,95
2025-06-14,paracetamol,227.0,2050.4285714285693,0.0,53.9,114
2025-06-15,paracetamol,167.0,1883.4285714285693,0.0,53.5,105
2025-06-16,paracetamol,193.0,1690.4285714285693,0.0,42.6,88
2025-06-17,paracetamol,171.0,1519.4285714285693,0.0,37.9,70
2025-06-18,paracetamol,165.0,1354.4285714285693,0.0,39.7,76
2025-06-19,paracetamol,195.0,1159.4285714285693,0.0,37.9,79
2025-06-20,paracetamol,176.0,983.4285714285693,0.0,43.5,78
2025-06-21,paracetamol,234.0,749.4285714285693,0.0,60.6,127
2025-06-22,paracetamol,156.0,593.4285714285693,0.0,44.3,81
2025-06-23,paracetamol,193.0,3399.3571428571404,2998.928571428571,53.0,95
2025-06-24,paracetamol,134.0,3265.3571428571404,0.0,35.5,46
2025-06-25,paracetamol,173.0,3092.3571428571404,0.0,35.2,66
2025-06-26,paracetamol,179.0,2913.3571428571404,0.0,37.5,64
2025-06-27,paracetamol,177.0,2736.3571428571404,0.0,40.1,83
2025-06-28,paracetamol,196.0,2540.3571428571404,0.0,50.4,105
2025-06-29,paracetamol,193.0,2347.3571428571404,0.0,45.5,98
2025-06-30,paracetamol,177.0,2170.3571428571404,0.0,53.7,96
2025-07-01,paracetamol,153.0,2017.3571428571404,0.0,43.0,80
2025-07-02,paracetamol,195.0,1822.3571428571404,0.0,39.3,76
2025-07-03,paracetamol,194.0,1628.3571428571404,0.0,42.9,70
2025-07-04,paracetamol,196.0,1432.3571428571404,0.0,35.7,88
2025-07-05,paracetamol,217.0,1215.3571428571404,0.0,43.0,107
2025-07-06,paracetamol,205.0,1010.3571428571404,0.0,51.1,98
2025-07-07,paracetamol,258.0,752.3571428571404,0.0,54.1,115
2025-07-08,paracetamol,193.0,559.3571428571404,0.0,42.6,80
2025-07-09,paracetamol,143.0,416.3571428571404,0.0,32.4,69
2025-07-10,paracetamol,169.0,2979.4999999999973,2732.142857142857,36.9,67
2025-07-11,paracetamol,176.0,2803.4999999999973,0.0,45.4,68
2025-07-12,paracetamol,172.0,2631.4999999999973,0.0,43.8,77
2025-07-13,paracetamol,182.0,2449.4999999999973,0.0,54.2,114
2025-07-14,paracetamol,183.0,2266.4999999999973,0.0,39.8,80
2025-07-15,paracetamol,171.0,2095.4999999999973,0.0,38.3,75
2025-07-16,paracetamol,212.0,1883.4999999999973,0.0,36.2,89
2025-07-17,paracetamol,169.0,1714.4999999999973,0.0,36.3,62
2025-07-18,paracetamol,205.0,1509.4999999999973,0.0,48.8,91
2025-07-19,paracetamol,241.0,1268.4999999999973,0.0,51.7,127
2025-07-20,paracetamol,201.0,1067.4999999999973,0.0,47.7,105
2025-07-21,paracetamol,166.0,901.4999999999973,0.0,38.7,85
2025-07-22,paracetamol,185.0,716.4999999999973,0.0,38.8,83
2025-07-23,paracetamol,175.0,3386.142857142854,2844.642857142857,46.0,92
2025-07-24,paracetamol,147.0,3239.142857142854,0.0,20.7,44
2025-07-25,paracetamol,178.0,3061.142857142854,0.0,39.1,66
2025-07-26,paracetamol,209.0,2852.142857142854,0.0,59.3,122
2025-07-27,paracetamol,199.0,2653.142857142854,0.0,48.3,102
2025-07-28,paracetamol,186.0,2467.142857142854,0.0,40.8,106
2025-07-29,paracetamol,149.0,2318.142857142854,0.0,31.7,63
2025-07-30,paracetamol,217.0,2101.142857142854,0.0,50.0,90
2025-07-31,paracetamol,203.0,1898.1428571428542,0.0,31.5,83
2025-08-01,paracetamol,162.0,1736.1428571428542,0.0,31.1,54
2025-08-02,paracetamol,241.0,1495.1428571428542,0.0,49.8,117
2025-08-03,paracetamol,159.0,1336.1428571428542,0.0,37.8,60
2025-08-04,paracetamol,153.0,1183.1428571428542,0.0,41.7,88
2025-08-05,paracetamol,205.0,978.1428571428542,0.0,57.6,121
2025-08-06,paracetamol,165.0,813.1428571428542,0.0,37.6,62
2025-08-07,paracetamol,225.0,588.1428571428542,0.0,52.8,91
2025-08-08,paracetamol,193.0,395.14285714285415,0.0,39.4,76
2025-08-09,paracetamol,164.0,3036.142857142854,2805.0,43.8,82
2025-08-10,paracetamol,170.0,2866.142857142854,0.0,42.3,99
2025-08-11,paracetamol,194.0,2672.142857142854,0.0,52.3,97
2025-08-12,paracetamol,216.0,2456.142857142854,0.0,44.1,96
2025-08-13,paracetamol,182.0,2274.142857142854,0.0,27.8,47
2025-08-14,paracetamol,191.0,2083.142857142854,0.0,49.9,104
2025-08-15,paracetamol,242.0,1841.1428571428542,0.0,44.4,106
2025-08-16,paracetamol,164.0,1677.1428571428542,0.0,52.3,108
2025-08-17,paracetamol,193.0,1484.1428571428542,0.0,51.8,98
2025-08-18,paracetamol,216.0,1268.1428571428542,0.0,55.7,117
2025-08-19,paracetamol,158.0,1110.1428571428542,0.0,30.3,66
2025-08-20,paracetamol,224.0,886.1428571428542,0.0,47.7,99
2025-08-21,paracetamol,214.0,672.1428571428542,0.0,52.6,103
2025-08-22,paracetamol,146.0,526.1428571428542,0.0,28.5,64
2025-08-23,paracetamol,186.0,3186.9285714285684,2846.785714285714,54.8,130
2025-08-24,paracetamol,178.0,3008.9285714285684,0.0,46.5,84
2025-08-25,paracetamol,221.0,2787.9285714285684,0.0,52.5,108
2025-08-26,paracetamol,161.0,2626.9285714285684,0.0,39.4,69
2025-08-27,paracetamol,167.0,2459.9285714285684,0.0,42.4,61
2025-08-28,paracetamol,196.0,2263.9285714285684,0.0,40.0,70
2025-08-29,paracetamol,190.0,2073.9285714285684,0.0,49.5,95
2025-08-30,paracetamol,196.0,1877.9285714285684,0.0,64.0,113
2025-08-31,paracetamol,171.0,1706.9285714285684,0.0,43.9,89
2025-09-01,paracetamol,226.0,1480.9285714285684,0.0,52.4,120
2025-09-02,paracetamol,150.0,1330.9285714285684,0.0,40.5,72
2025-09-03,paracetamol,178.0,1152.9285714285684,0.0,41.2,74
2025-09-04,paracetamol,162.0,990.9285714285684,0.0,36.0,70
2025-09-05,paracetamol,224.0,766.9285714285684,0.0,42.4,94
2025-09-06,paracetamol,190.0,3399.0714285714253,2822.142857142857,58.5,102
2025-09-07,paracetamol,174.0,3225.0714285714253,0.0,68.8,154
2025-09-08,paracetamol,229.0,2996.0714285714253,0.0,47.1,104
2025-09-09,paracetamol,193.0,2803.0714285714253,0.0,43.9,76
2025-09-10,paracetamol,180.0,2623.0714285714253,0.0,38.4,72
2025-09-11,paracetamol,252.0,2371.0714285714253,0.0,44.1,90
2025-09-12,paracetamol,164.0,2207.0714285714253,0.0,41.0,72
2025-09-13,paracetamol,210.0,1997.0714285714253,0.0,41.7,95
2025-09-14,paracetamol,212.0,1785.0714285714253,0.0,53.5,110
2025-09-15,paracetamol,182.0,1603.0714285714253,0.0,44.3,66
2025-09-16,paracetamol,199.0,1404.0714285714253,0.0,39.6,69
2025-09-17,paracetamol,155.0,1249.0714285714253,0.0,33.8,62
2025-09-18,paracetamol,204.0,1045.0714285714253,0.0,38.9,78
2025-09-19,paracetamol,214.0,831.0714285714253,0.0,38.9,77
2025-09-20,paracetamol,181.0,650.0714285714253,0.0,47.2,99
2025-09-21,paracetamol,144.0,506.07142857142526,0.0,42.2,86
2025-09-22,paracetamol,230.0,276.07142857142526,0.0,53.0,102
2025-09-23,paracetamol,228.0,2993.4285714285684,2945.357142857143,42.4,102
2025-09-24,paracetamol,187.0,2806.4285714285684,0.0,46.4,84
2025-09-25,paracetamol,156.0,2650.4285714285684,0.0,32.7,59
2025-09-26,paracetamol,201.0,2449.4285714285684,0.0,45.5,87
2025-09-27,paracetamol,195.0,2254.4285714285684,0.0,45.5,104
2025-09-28,paracetamol,205.0,2049.4285714285684,0.0,56.4,107
2025-09-29,paracetamol,147.0,1902.4285714285684,0.0,39.6,60
2025-09-30,paracetamol,192.0,1710.4285714285684,0.0,48.9,90
2025-10-01,paracetamol,188.0,1522.4285714285684,0.0,41.8,98
2025-10-02,paracetamol,163.0,1359.4285714285684,0.0,40.0,66
2025-10-03,paracetamol,200.0,1159.4285714285684,0.0,49.5,98
2025-10-04,paracetamol,281.0,878.4285714285684,0.0,60.7,153
2025-10-05,paracetamol,216.0,662.4285714285684,0.0,49.2,102
2025-10-06,paracetamol,191.0,3334.2857142857115,2862.857142857143,42.3,78
2025-10-07,paracetamol,198.0,3136.2857142857115,0.0,40.0,69
2025-10-08,paracetamol,200.0,2936.2857142857115,0.0,52.4,109
2025-10-09,paracetamol,134.0,2802.2857142857115,0.0,38.6,68
2025-10-10,paracetamol,174.0,2628.2857142857115,0.0,35.6,46
2025-10-11,paracetamol,199.0,2429.2857142857115,0.0,60.5,120
2025-10-12,paracetamol,326.0,2103.2857142857115,0.0,68.6,190
2025-10-13,paracetamol,202.0,1901.2857142857115,0.0,48.0,102
2025-10-14,paracetamol,252.0,1649.2857142857115,0.0,55.3,121
2025-10-15,paracetamol,157.0,1492.2857142857115,0.0,26.5,57
2025-10-16,paracetamol,212.0,1280.2857142857115,0.0,51.4,107
2025-10-17,paracetamol,185.0,1095.2857142857115,0.0,46.6,80
2025-10-18,paracetamol,199.0,896.2857142857115,0.0,42.1,94
2025-10-19,paracetamol,192.0,3837.1428571428546,3132.857142857143,49.9,100
2025-10-20,paracetamol,245.0,3592.1428571428546,0.0,51.9,120
2025-10-21,paracetamol,193.0,3399.1428571428546,0.0,36.8,74
2025-10-22,paracetamol,149.0,3250.1428571428546,0.0,39.8,58
2025-10-23,paracetamol,157.0,3093.1428571428546,0.0,38.0,76
2025-10-24,paracetamol,182.0,2911.1428571428546,0.0,42.7,78
2025-10-25,paracetamol,202.0,2709.1428571428546,0.0,49.5,124
2025-10-26,paracetamol,198.0,2511.1428571428546,0.0,60.6,113
2025-10-27,paracetamol,159.0,2352.1428571428546,0.0,42.3,75
2025-10-28,paracetamol,134.0,2218.1428571428546,0.0,29.0,46
2025-10-29,paracetamol,185.0,2033.1428571428546,0.0,45.6,85
2025-10-30,paracetamol,169.0,1864.1428571428546,0.0,29.3,61
2025-10-31,paracetamol,149.0,1715.1428571428546,0.0,41.8,67
2025-11-01,paracetamol,254.0,1461.1428571428546,0.0,50.8,110
2025-11-02,paracetamol,218.0,1243.1428571428546,0.0,61.1,138
2025-11-03,paracetamol,159.0,1084.1428571428546,0.0,32.3,59
2025-11-04,paracetamol,149.0,935.1428571428546,0.0,33.7,64
2025-11-05,paracetamol,209.0,726.1428571428546,0.0,47.2,88
2025-11-06,paracetamol,192.0,534.1428571428546,0.0,40.5,74
2025-11-07,paracetamol,232.0,302.1428571428546,0.0,56.8,116
2025-11-08,paracetamol,228.0,2825.5714285714257,2751.428571428571,51.4,108
2025-11-09,paracetamol,212.0,2613.5714285714257,0.0,58.3,122
2025-11-10,paracetamol,168.0,2445.5714285714257,0.0,36.4,70
2025-11-11,paracetamol,181.0,2264.5714285714257,0.0,54.0,90
2025-11-12,paracetamol,195.0,2069.5714285714257,0.0,31.8,70
2025-11-13,paracetamol,236.0,1833.5714285714257,0.0,59.2,116
2025-11-14,paracetamol,194.0,1639.5714285714257,0.0,41.5,64
2025-11-15,paracetamol,229.0,1410.5714285714257,0.0,58.1,137
2025-11-16,paracetamol,208.0,1202.5714285714257,0.0,53.3,88
2025-11-17,paracetamol,199.0,1003.5714285714257,0.0,56.1,110
2025-11-18,paracetamol,191.0,812.5714285714257,0.0,40.2,65
2025-11-19,paracetamol,196.0,616.5714285714257,0.0,37.2,67
2025-11-20,paracetamol,213.0,3405.7142857142826,3002.142857142857,48.8,103
2025-11-21,paracetamol,191.0,3214.7142857142826,0.0,42.5,85
2025-11-22,paracetamol,201.0,3013.7142857142826,0.0,49.8,99
2025-11-23,paracetamol,219.0,2794.7142857142826,0.0,54.9,102
2025-11-24,paracetamol,138.0,2656.7142857142826,0.0,37.1,65
2025-11-25,paracetamol,151.0,2505.7142857142826,0.0,26.7,48
2025-11-26,paracetamol,171.0,2334.7142857142826,0.0,39.6,65
2025-11-27,paracetamol,146.0,2188.7142857142826,0.0,35.5,52
2025-11-28,paracetamol,153.0,2035.7142857142826,0.0,26.7,30
2025-11-29,paracetamol,157.0,1878.7142857142826,0.0,47.7,89
2025-11-30,paracetamol,215.0,1663.7142857142826,0.0,53.8,118
2025-12-01,paracetamol,212.0,1451.7142857142826,0.0,44.5,99
2025-12-02,paracetamol,186.0,1265.7142857142826,0.0,33.9,68
2025-12-03,paracetamol,180.0,1085.7142857142826,0.0,28.7,62
2025-12-04,paracetamol,208.0,877.7142857142826,0.0,48.8,98
2025-12-05,paracetamol,204.0,673.7142857142826,0.0,47.6,98
2025-12-06,paracetamol,177.0,496.7142857142826,0.0,38.4,76
2025-12-07,paracetamol,210.0,286.7142857142826,0.0,36.8,100
2025-12-08,paracetamol,211.0,2812.1428571428537,2736.428571428571,46.1,107
2025-12-09,paracetamol,162.0,2650.1428571428537,0.0,41.2,66
2025-12-10,paracetamol,203.0,2447.1428571428537,0.0,43.8,94
2025-12-11,paracetamol,212.0,2235.1428571428537,0.0,43.4,81
2025-12-12,paracetamol,190.0,2045.1428571428537,0.0,32.5,70
2025-12-13,paracetamol,161.0,1884.1428571428537,0.0,47.3,80
2025-12-14,paracetamol,215.0,1669.1428571428537,0.0,44.2,89
2025-12-15,paracetamol,199.0,1470.1428571428537,0.0,34.0,55
2025-12-16,paracetamol,171.0,1299.1428571428537,0.0,41.8,54
2025-12-17,paracetamol,163.0,1136.1428571428537,0.0,38.9,55
2025-12-18,paracetamol,195.0,941.1428571428537,0.0,36.9,70
2025-12-19,paracetamol,212.0,729.1428571428537,0.0,37.1,74
2025-12-20,paracetamol,188.0,541.1428571428537,0.0,43.4,89
2025-12-21,paracetamol,183.0,3270.2857142857106,2912.142857142857,48.9,95
2025-12-22,paracetamol,222.0,3048.2857142857106,0.0,49.2,103
2025-12-23,paracetamol,142.0,2906.2857142857106,0.0,29.2,49
2025-12-24,paracetamol,150.0,2756.2857142857106,0.0,38.0,53
2025-12-25,paracetamol,192.0,2564.2857142857106,0.0,53.7,116
2025-12-26,paracetamol,229.0,2335.2857142857106,0.0,52.2,84
2025-12-27,paracetamol,222.0,2113.2857142857106,0.0,40.9,77
2025-12-28,paracetamol,223.0,1890.2857142857106,0.0,62.0,118
2025-12-29,paracetamol,149.0,1741.2857142857106,0.0,38.5,67
2025-12-30,paracetamol,162.0,1579.2857142857106,0.0,36.0,53
2025-12-31,paracetamol,201.0,1378.2857142857106,0.0,36.6,74
2024-01-01,dipirona,262.0,3668.0,0.0,52.7,111
2024-01-02,dipirona,236.0,3432.0,0.0,33.6,51
2024-01-03,dipirona,189.0,3243.0,0.0,34.2,61
2024-01-04,dipirona,194.0,3049.0,0.0,32.6,51
2024-01-05,dipirona,162.0,2887.0,0.0,24.7,30
2024-01-06,dipirona,254.0,2633.0,0.0,41.6,71
2024-01-07,dipirona,261.0,2372.0,0.0,51.5,99
2024-01-08,dipirona,235.0,2137.0,0.0,29.9,65
2024-01-09,dipirona,185.0,1952.0,0.0,20.0,44
2024-01-10,dipirona,254.0,1698.0,0.0,37.5,57
2024-01-11,dipirona,273.0,1425.0,0.0,49.8,90
2024-01-12,dipirona,218.0,1207.0,0.0,37.9,81
2024-01-13,dipirona,204.0,1003.0,0.0,34.2,80
2024-01-14,dipirona,221.0,782.0,0.0,43.7,85
2024-01-15,dipirona,217.0,565.0,0.0,38.7,61
2024-01-16,dipirona,224.0,341.0,0.0,33.7,37
2024-01-17,dipirona,209.0,3480.0,3348.0,32.8,49
2024-01-18,dipirona,224.0,3256.0,0.0,28.6,47
2024-01-19,dipirona,196.0,3060.0,0.0,26.8,48
2024-01-20,dipirona,228.0,2832.0,0.0,39.9,75
2024-01-21,dipirona,284.0,2548.0,0.0,40.7,81
2024-01-22,dipirona,198.0,2350.0,0.0,22.5,37
2024-01-23,dipirona,192.0,2158.0,0.0,38.6,48
2024-01-24,dipirona,218.0,1940.0,0.0,36.8,46
2024-01-25,dipirona,146.0,1794.0,0.0,33.2,43
2024-01-26,dipirona,219.0,1575.0,0.0,26.7,48
2024-01-27,dipirona,295.0,1280.0,0.0,47.1,86
2024-01-28,dipirona,259.0,1021.0,0.0,40.6,70
2024-01-29,dipirona,237.0,784.0,0.0,51.4,103
2024-01-30,dipirona,150.0,634.0,0.0,35.7,49
2024-01-31,dipirona,231.0,3595.857142857143,3192.857142857143,46.2,86
2024-02-01,dipirona,232.0,3363.857142857143,0.0,34.4,51
2024-02-02,dipirona,207.0,3156.857142857143,0.0,29.8,39
2024-02-03,dipirona,299.0,2857.857142857143,0.0,40.2,72
2024-02-04,dipirona,228.0,2629.857142857143,0.0,31.0,70
2024-02-05,dipirona,200.0,2429.857142857143,0.0,39.8,74
2024-02-06,dipirona,178.0,2251.857142857143,0.0,29.2,51
2024-02-07,dipirona,225.0,2026.8571428571431,0.0,34.0,73
2024-02-08,dipirona,241.0,1785.8571428571431,0.0,42.0,62
2024-02-09,dipirona,235.0,1550.8571428571431,0.0,51.3,88
2024-02-10,dipirona,256.0,1294.8571428571431,0.0,53.0,97
2024-02-11,dipirona,273.0,1021.8571428571431,0.0,59.8,129
2024-02-12,dipirona,289.0,732.8571428571431,0.0,55.4,104
2024-02-13,dipirona,233.0,3929.5,3429.642857142857,46.5,94
2024-02-14,dipirona,219.0,3710.5,0.0,40.7,75
2024-02-15,dipirona,301.0,3409.5,0.0,42.8,96
2024-02-16,dipirona,283.0,3126.5,0.0,55.8,116
2024-02-17,dipirona,301.0,2825.5,0.0,58.6,128
2024-02-18,dipirona,352.0,2473.5,0.0,72.4,183
2024-02-19,dipirona,309.0,2164.5,0.0,61.3,137
2024-02-20,dipirona,301.0,1863.5,0.0,55.3,120
2024-02-21,dipirona,344.0,1519.5,0.0,73.6,151
2024-02-22,dipirona,288.0,1231.5,0.0,49.7,93
2024-02-23,dipirona,357.0,874.5,0.0,56.0,121
2024-02-24,dipirona,339.0,535.5,0.0,60.4,131
2024-02-25,dipirona,279.0,4347.214285714286,4090.714285714286,65.6,148
2024-02-26,dipirona,406.0,3941.2142857142862,0.0,61.8,140
2024-02-27,dipirona,262.0,3679.2142857142862,0.0,56.9,136
2024-02-28,dipirona,288.0,3391.2142857142862,0.0,54.6,119
2024-02-29,dipirona,329.0,3062.2142857142862,0.0,63.8,152
2024-03-01,dipirona,379.0,2683.2142857142862,0.0,50.9,121
2024-03-02,dipirona,341.0,2342.2142857142862,0.0,63.2,136
2024-03-03,dipirona,311.0,2031.2142857142862,0.0,64.2,140
2024-03-04,dipirona,363.0,1668.2142857142862,0.0,60.3,154
2024-03-05,dipirona,332.0,1336.2142857142862,0.0,58.6,130
2024-03-06,dipirona,333.0,1003.2142857142862,0.0,59.9,121
2024-03-07,dipirona,316.0,687.2142857142862,0.0,56.7,111
2024-03-08,dipirona,343.0,5244.9285714285725,4900.714285714286,60.7,123
2024-03-09,dipirona,420.0,4824.9285714285725,0.0,83.7,200
2024-03-10,dipirona,453.0,4371.9285714285725,0.0,70.4,172
2024-03-11,dipirona,278.0,4093.9285714285725,0.0,58.3,140
2024-03-12,dipirona,296.0,3797.9285714285725,0.0,54.9,114
2024-03-13,dipirona,321.0,3476.9285714285725,0.0,53.3,109
2024-03-14,dipirona,331.0,3145.9285714285725,0.0,70.9,149
2024-03-15,dipirona,397.0,2748.9285714285725,0.0,69.1,146
2024-03-16,dipirona,316.0,2432.9285714285725,0.0,61.7,139
2024-03-17,dipirona,314.0,2118.9285714285725,0.0,58.3,142
2024-03-18,dipirona,370.0,1748.9285714285725,0.0,62.4,143
2024-03-19,dipirona,232.0,1516.9285714285725,0.0,50.9,104
2024-03-20,dipirona,316.0,1200.9285714285725,0.0,57.9,129
2024-03-21,dipirona,452.0,5929.285714285715,5180.357142857142,66.6,158
2024-03-22,dipirona,322.0,5607.285714285715,0.0,52.1,107
2024-03-23,dipirona,349.0,5258.285714285715,0.0,62.0,144
2024-03-24,dipirona,293.0,4965.285714285715,0.0,57.6,133
2024-03-25,dipirona,306.0,4659.285714285715,0.0,49.5,99
2024-03-26,dipirona,303.0,4356.285714285715,0.0,50.1,109
2024-03-27,dipirona,375.0,3981.2857142857147,0.0,59.4,128
2024-03-28,dipirona,255.0,3726.2857142857147,0.0,47.6,94
2024-03-29,dipirona,249.0,3477.2857142857147,0.0,62.6,153
2024-03-30,dipirona,383.0,3094.2857142857147,0.0,66.3,156
2024-03-31,dipirona,358.0,2736.2857142857147,0.0,77.8,167
2024-04-01,dipirona,298.0,2438.2857142857147,0.0,53.0,126
2024-04-02,dipirona,247.0,2191.2857142857147,0.0,32.8,79
2024-04-03,dipirona,285.0,1906.2857142857147,0.0,53.0,134
2024-04-04,dipirona,340.0,1566.2857142857147,0.0,51.5,108
2024-04-05,dipirona,301.0,1265.2857142857147,0.0,47.7,97
2024-04-06,dipirona,372.0,5705.071428571428,4811.785714285714,59.3,132
2024-04-07,dipirona,223.0,5482.071428571428,0.0,48.9,87
2024-04-08,dipirona,309.0,5173.071428571428,0.0,51.9,140
2024-04-09,dipirona,291.0,4882.071428571428,0.0,51.6,104
2024-04-10,dipirona,290.0,4592.071428571428,0.0,67.4,136
2024-04-11,dipirona,272.0,4320.071428571428,0.0,56.3,135
2024-04-12,dipirona,339.0,3981.0714285714284,0.0,53.0,117
2024-04-13,dipirona,352.0,3629.0714285714284,0.0,62.0,147
2024-04-14,dipirona,272.0,3357.0714285714284,0.0,47.8,108
2024-04-15,dipirona,277.0,3080.0714285714284,0.0,47.3,100
2024-04-16,dipirona,372.0,2708.0714285714284,0.0,56.7,107
2024-04-17,dipirona,232.0,2476.0714285714284,0.0,45.4,70
2024-04-18,dipirona,265.0,2211.0714285714284,0.0,48.6,104
2024-04-19,dipirona,347.0,1864.0714285714284,0.0,58.0,105
2024-04-20,dipirona,295.0,1569.0714285714284,0.0,56.8,123
2024-04-21,dipirona,289.0,1280.0714285714284,0.0,86.4,188
2024-04-22,dipirona,210.0,1070.0714285714284,0.0,38.8,73
2024-04-23,dipirona,239.0,831.0714285714284,0.0,37.6,67
2024-04-24,dipirona,250.0,581.0714285714284,0.0,42.4,78
2024-04-25,dipirona,244.0,4801.714285714286,4464.642857142858,53.3,77
2024-04-26,dipirona,284.0,4517.714285714286,0.0,43.6,76
2024-04-27,dipirona,229.0,4288.714285714286,0.0,52.4,119
2024-04-28,dipirona,222.0,4066.7142857142862,0.0,60.2,122
2024-04-29,dipirona,270.0,3796.7142857142862,0.0,56.9,128
2024-04-30,dipirona,284.0,3512.7142857142862,0.0,35.1,67
2024-05-01,dipirona,240.0,3272.7142857142862,0.0,60.6,124
2024-05-02,dipirona,233.0,3039.7142857142862,0.0,45.2,90
2024-05-03,dipirona,234.0,2805.7142857142862,0.0,50.4,102
2024-05-04,dipirona,296.0,2509.7142857142862,0.0,60.9,135
2024-05-05,dipirona,245.0,2264.7142857142862,0.0,50.3,101
2024-05-06,dipirona,287.0,1977.7142857142862,0.0,60.1,128
2024-05-07,dipirona,189.0,1788.7142857142862,0.0,27.2,61
2024-05-08,dipirona,253.0,1535.7142857142862,0.0,44.3,80
2024-05-09,dipirona,226.0,1309.7142857142862,0.0,34.2,70
2024-05-10,dipirona,272.0,1037.7142857142862,0.0,39.3,90
2024-05-11,dipirona,364.0,673.7142857142862,0.0,50.8,107
2024-05-12,dipirona,251.0,422.71428571428623,0.0,56.3,121
2024-05-13,dipirona,266.0,3967.7857142857156,3811.071428571429,49.7,111
2024-05-14,dipirona,264.0,3703.7857142857156,0.0,45.3,81
2024-05-15,dipirona,238.0,3465.7857142857156,0.0,29.2,60
2024-05-16,dipirona,305.0,3160.7857142857156,0.0,50.1,109
2024-05-17,dipirona,268.0,2892.7857142857156,0.0,53.3,120
2024-05-18,dipirona,280.0,2612.7857142857156,0.0,63.1,142
2024-05-19,dipirona,282.0,2330.7857142857156,0.0,65.8,146
2024-05-20,dipirona,227.0,2103.7857142857156,0.0,44.2,99
2024-05-21,dipirona,223.0,1880.7857142857156,0.0,36.8,58
2024-05-22,dipirona,225.0,1655.7857142857156,0.0,39.4,73
2024-05-23,dipirona,270.0,1385.7857142857156,0.0,41.4,101
2024-05-24,dipirona,284.0,1101.7857142857156,0.0,31.3,73
2024-05-25,dipirona,211.0,4839.000000000002,3948.214285714286,47.8,98
2024-05-26,dipirona,285.0,4554.000000000002,0.0,49.1,104
2024-05-27,dipirona,226.0,4328.000000000002,0.0,43.6,87
2024-05-28,dipirona,252.0,4076.000000000002,0.0,50.6,106
2024-05-29,dipirona,194.0,3882.000000000002,0.0,36.2,62
2024-05-30,dipirona,191.0,3691.000000000002,0.0,40.1,65
2024-05-31,dipirona,226.0,3465.000000000002,0.0,31.2,63
2024-06-01,dipirona,283.0,3182.000000000002,0.0,36.2,78
2024-06-02,dipirona,257.0,2925.000000000002,0.0,43.2,97
2024-06-03,dipirona,227.0,2698.000000000002,0.0,44.8,86
2024-06-04,dipirona,305.0,2393.000000000002,0.0,67.9,141
2024-06-05,dipirona,229.0,2164.000000000002,0.0,39.9,80
2024-06-06,dipirona,307.0,1857.0000000000018,0.0,34.0,87
2024-06-07,dipirona,210.0,1647.0000000000018,0.0,28.1,61
2024-06-08,dipirona,420.0,1227.0000000000018,0.0,51.9,119
2024-06-09,dipirona,257.0,970.0000000000018,0.0,45.0,96
2024-06-10,dipirona,212.0,758.0000000000018,0.0,41.0,83
2024-06-11,dipirona,198.0,4285.357142857145,3725.357142857143,47.7,97
2024-06-12,dipirona,279.0,4006.357142857145,0.0,39.6,78
2024-06-13,dipirona,266.0,3740.357142857145,0.0,55.2,107
2024-06-14,dipirona,261.0,3479.357142857145,0.0,41.7,88
2024-06-15,dipirona,283.0,3196.357142857145,0.0,55.3,129
2024-06-16,dipirona,212.0,2984.357142857145,0.0,53.3,108
2024-06-17,dipirona,230.0,2754.357142857145,0.0,36.1,82
2024-06-18,dipirona,174.0,2580.357142857145,0.0,39.3,69
2024-06-19,dipirona,228.0,2352.357142857145,0.0,40.6,76
2024-06-20,dipirona,242.0,2110.357142857145,0.0,43.4,87
2024-06-21,dipirona,184.0,1926.357142857145,0.0,40.6,59
2024-06-22,dipirona,334.0,1592.357142857145,0.0,50.7,113
2024-06-23,dipirona,268.0,1324.357142857145,0.0,53.3,90
2024-06-24,dipirona,222.0,1102.357142857145,0.0,41.0,81
2024-06-25,dipirona,244.0,858.3571428571449,0.0,49.4,117
2024-06-26,dipirona,262.0,596.3571428571449,0.0,38.4,70
2024-06-27,dipirona,212.0,4076.500000000002,3692.142857142857,35.2,74
2024-06-28,dipirona,253.0,3823.500000000002,0.0,35.8,72
2024-06-29,dipirona,260.0,3563.500000000002,0.0,63.1,137
2024-06-30,dipirona,246.0,3317.500000000002,0.0,54.3,110
2024-07-01,dipirona,303.0,3014.500000000002,0.0,45.8,99
2024-07-02,dipirona,259.0,2755.500000000002,0.0,57.4,114
2024-07-03,dipirona,276.0,2479.500000000002,0.0,56.7,110
2024-07-04,dipirona,226.0,2253.500000000002,0.0,49.8,87
2024-07-05,dipirona,288.0,1965.5000000000018,0.0,50.4,99
2024-07-06,dipirona,259.0,1706.5000000000018,0.0,56.8,108
2024-07-07,dipirona,183.0,1523.5000000000018,0.0,32.7,76
2024-07-08,dipirona,228.0,1295.5000000000018,0.0,49.8,107
2024-07-09,dipirona,292.0,1003.5000000000018,0.0,49.0,111
2024-07-10,dipirona,276.0,4641.428571428573,3913.9285714285716,44.9,88
2024-07-11,dipirona,281.0,4360.428571428573,0.0,43.2,91
2024-07-12,dipirona,237.0,4123.428571428573,0.0,47.9,100
2024-07-13,dipirona,292.0,3831.4285714285734,0.0,51.6,87
2024-07-14,dipirona,283.0,3548.4285714285734,0.0,52.8,114
2024-07-15,dipirona,216.0,3332.4285714285734,0.0,48.5,95
2024-07-16,dipirona,245.0,3087.4285714285734,0.0,42.1,84
2024-07-17,dipirona,207.0,2880.4285714285734,0.0,39.8,74
2024-07-18,dipirona,194.0,2686.4285714285734,0.0,39.5,74
2024-07-19,dipirona,262.0,2424.4285714285734,0.0,39.9,70
2024-07-20,dipirona,338.0,2086.4285714285734,0.0,74.3,160
2024-07-21,dipirona,197.0,1889.4285714285734,0.0,51.7,90
2024-07-22,dipirona,206.0,1683.4285714285734,0.0,41.4,76
2024-07-23,dipirona,233.0,1450.4285714285734,0.0,35.9,57
2024-07-24,dipirona,222.0,1228.4285714285734,0.0,34.2,72
2024-07-25,dipirona,224.0,1004.4285714285734,0.0,37.7,70
2024-07-26,dipirona,209.0,4596.857142857145,3801.428571428571,35.6,52
2024-07-27,dipirona,266.0,4330.857142857145,0.0,51.4,98
2024-07-28,dipirona,236.0,4094.857142857145,0.0,50.5,103
2024-07-29,dipirona,293.0,3801.857142857145,0.0,58.4,118
2024-07-30,dipirona,212.0,3589.857142857145,0.0,32.0,47
2024-07-31,dipirona,239.0,3350.857142857145,0.0,44.3,74
2024-08-01,dipirona,216.0,3134.857142857145,0.0,36.8,63
2024-08-02,dipirona,209.0,2925.857142857145,0.0,36.0,68
2024-08-03,dipirona,266.0,2659.857142857145,0.0,58.0,123
2024-08-04,dipirona,212.0,2447.857142857145,0.0,44.6,122
2024-08-05,dipirona,302.0,2145.857142857145,0.0,70.8,159
2024-08-06,dipirona,202.0,1943.857142857145,0.0,27.7,82
2024-08-07,dipirona,289.0,1654.857142857145,0.0,43.8,106
2024-08-08,dipirona,248.0,1406.857142857145,0.0,46.5,89
2024-08-09,dipirona,281.0,1125.857142857145,0.0,57.1,119
2024-08-10,dipirona,216.0,909.8571428571449,0.0,42.2,95
2024-08-11,dipirona,296.0,613.8571428571449,0.0,44.0,95
2024-08-12,dipirona,284.0,329.85714285714494,0.0,53.0,97
2024-08-13,dipirona,264.0,65.85714285714494,0.0,45.6,97
2024-08-14,dipirona,285.0,3396.928571428574,3616.071428571429,62.1,113
2024-08-15,dipirona,206.0,3190.928571428574,0.0,41.6,80
2024-08-16,dipirona,259.0,2931.928571428574,0.0,41.5,75
2024-08-17,dipirona,280.0,2651.928571428574,0.0,60.0,114
2024-08-18,dipirona,266.0,2385.928571428574,0.0,42.1,80
2024-08-19,dipirona,226.0,2159.928571428574,0.0,44.6,100
2024-08-20,dipirona,256.0,1903.9285714285738,0.0,42.2,83
2024-08-21,dipirona,201.0,1702.9285714285738,0.0,48.1,99
2024-08-22,dipirona,215.0,1487.9285714285738,0.0,27.7,56
2024-08-23,dipirona,213.0,1274.9285714285738,0.0,35.7,66
2024-08-24,dipirona,263.0,1011.9285714285738,0.0,42.1,90
2024-08-25,dipirona,244.0,767.9285714285738,0.0,43.9,76
2024-08-26,dipirona,344.0,423.92857142857383,0.0,45.9,92
2024-08-27,dipirona,267.0,4074.071428571431,3917.1428571428573,47.1,99
2024-08-28,dipirona,217.0,3857.071428571431,0.0,38.4,72
2024-08-29,dipirona,232.0,3625.071428571431,0.0,43.5,83
2024-08-30,dipirona,199.0,3426.071428571431,0.0,35.7,56
2024-08-31,dipirona,218.0,3208.071428571431,0.0,36.5,77
2024-09-01,dipirona,238.0,2970.071428571431,0.0,58.8,141
2024-09-02,dipirona,208.0,2762.071428571431,0.0,42.2,69
2024-09-03,dipirona,228.0,2534.071428571431,0.0,36.1,69
2024-09-04,dipirona,203.0,2331.071428571431,0.0,41.9,97
2024-09-05,dipirona,242.0,2089.071428571431,0.0,52.8,107
2024-09-06,dipirona,242.0,1847.0714285714312,0.0,39.2,68
2024-09-07,dipirona,260.0,1587.0714285714312,0.0,58.9,147
2024-09-08,dipirona,294.0,1293.0714285714312,0.0,55.8,118
2024-09-09,dipirona,292.0,1001.0714285714312,0.0,59.9,124
2024-09-10,dipirona,229.0,772.0714285714312,0.0,43.4,81
2024-09-11,dipirona,267.0,505.07142857143117,0.0,42.4,75
2024-09-12,dipirona,264.0,3825.0000000000023,3583.928571428571,39.8,91
2024-09-13,dipirona,253.0,3572.0000000000023,0.0,45.7,88
2024-09-14,dipirona,229.0,3343.0000000000023,0.0,46.7,98
2024-09-15,dipirona,250.0,3093.0000000000023,0.0,45.6,97
2024-09-16,dipirona,259.0,2834.0000000000023,0.0,45.4,81
2024-09-17,dipirona,244.0,2590.0000000000023,0.0,45.8,75
2024-09-18,dipirona,220.0,2370.0000000000023,0.0,42.1,61
2024-09-19,dipirona,210.0,2160.0000000000023,0.0,46.8,80
2024-09-20,dipirona,206.0,1954.0000000000023,0.0,29.6,47
2024-09-21,dipirona,210.0,1744.0000000000023,0.0,47.6,93
2024-09-22,dipirona,192.0,1552.0000000000023,0.0,49.2,93
2024-09-23,dipirona,254.0,1298.0000000000023,0.0,48.0,97
2024-09-24,dipirona,194.0,1104.0000000000023,0.0,38.3,69
2024-09-25,dipirona,182.0,922.0000000000023,0.0,35.1,52
2024-09-26,dipirona,214.0,4433.357142857145,3725.357142857143,35.4,63
2024-09-27,dipirona,221.0,4212.357142857145,0.0,32.7,63
2024-09-28,dipirona,239.0,3973.357142857145,0.0,43.1,89
2024-09-29,dipirona,263.0,3710.357142857145,0.0,45.2,83
2024-09-30,dipirona,212.0,3498.357142857145,0.0,47.9,98
2024-10-01,dipirona,223.0,3275.357142857145,0.0,38.1,66
2024-10-02,dipirona,211.0,3064.357142857145,0.0,40.1,68
2024-10-03,dipirona,218.0,2846.357142857145,0.0,35.5,67
2024-10-04,dipirona,200.0,2646.357142857145,0.0,34.1,50
2024-10-05,dipirona,234.0,2412.357142857145,0.0,47.7,93
2024-10-06,dipirona,272.0,2140.357142857145,0.0,49.3,116
2024-10-07,dipirona,191.0,1949.357142857145,0.0,46.0,76
2024-10-08,dipirona,267.0,1682.357142857145,0.0,32.2,59
2024-10-09,dipirona,209.0,1473.357142857145,0.0,34.3,78
2024-10-10,dipirona,301.0,1172.357142857145,0.0,38.1,82
2024-10-11,dipirona,221.0,951.3571428571449,0.0,36.8,78
2024-10-12,dipirona,266.0,685.3571428571449,0.0,59.3,130
2024-10-13,dipirona,244.0,441.35714285714494,0.0,43.3,88
2024-10-14,dipirona,244.0,3569.142857142859,3371.785714285714,44.1,91
2024-10-15,dipirona,264.0,3305.142857142859,0.0,40.9,71
2024-10-16,dipirona,263.0,3042.142857142859,0.0,41.5,76
2024-10-17,dipirona,277.0,2765.142857142859,0.0,40.4,73
2024-10-18,dipirona,205.0,2560.142857142859,0.0,35.9,59
2024-10-19,dipirona,314.0,2246.142857142859,0.0,57.0,117
2024-10-20,dipirona,202.0,2044.1428571428592,0.0,24.8,56
2024-10-21,dipirona,257.0,1787.1428571428592,0.0,37.7,73
2024-10-22,dipirona,243.0,1544.1428571428592,0.0,31.5,76
2024-10-23,dipirona,187.0,1357.1428571428592,0.0,39.6,74
2024-10-24,dipirona,221.0,1136.1428571428592,0.0,36.7,66
2024-10-25,dipirona,256.0,880.1428571428592,0.0,42.6,71
2024-10-26,dipirona,253.0,627.1428571428592,0.0,49.5,89
2024-10-27,dipirona,243.0,384.14285714285916,0.0,56.8,121
2024-10-28,dipirona,266.0,3904.5714285714303,3786.428571428571,36.4,71
2024-10-29,dipirona,202.0,3702.5714285714303,0.0,43.2,79
2024-10-30,dipirona,213.0,3489.5714285714303,0.0,29.0,50
2024-10-31,dipirona,265.0,3224.5714285714303,0.0,44.7,89
2024-11-01,dipirona,204.0,3020.5714285714303,0.0,38.2,59
2024-11-02,dipirona,299.0,2721.5714285714303,0.0,57.9,133
2024-11-03,dipirona,241.0,2480.5714285714303,0.0,54.6,108
2024-11-04,dipirona,261.0,2219.5714285714303,0.0,45.3,83
2024-11-05,dipirona,190.0,2029.5714285714303,0.0,37.8,80
2024-11-06,dipirona,223.0,1806.5714285714303,0.0,37.4,57
2024-11-07,dipirona,223.0,1583.5714285714303,0.0,41.9,73
2024-11-08,dipirona,213.0,1370.5714285714303,0.0,41.6,79
2024-11-09,dipirona,260.0,1110.5714285714303,0.0,42.4,91
2024-11-10,dipirona,248.0,862.5714285714303,0.0,46.9,105
2024-11-11,dipirona,293.0,4144.928571428573,3575.357142857143,42.6,89
2024-11-12,dipirona,280.0,3864.9285714285734,0.0,46.2,87
2024-11-13,dipirona,197.0,3667.9285714285734,0.0,24.1,41
2024-11-14,dipirona,180.0,3487.9285714285734,0.0,40.9,73
2024-11-15,dipirona,235.0,3252.9285714285734,0.0,39.8,89
2024-11-16,dipirona,253.0,2999.9285714285734,0.0,48.1,101
2024-11-17,dipirona,261.0,2738.9285714285734,0.0,53.9,114
2024-11-18,dipirona,279.0,2459.9285714285734,0.0,61.2,108
2024-11-19,dipirona,188.0,2271.9285714285734,0.0,28.0,57
2024-11-20,dipirona,281.0,1990.9285714285734,0.0,61.8,121
2024-11-21,dipirona,242.0,1748.9285714285734,0.0,42.9,82
2024-11-22,dipirona,216.0,1532.9285714285734,0.0,29.6,41
2024-11-23,dipirona,241.0,1291.9285714285734,0.0,54.0,114
2024-11-24,dipirona,278.0,1013.9285714285734,0.0,40.6,72
2024-11-25,dipirona,227.0,786.9285714285734,0.0,34.7,62
2024-11-26,dipirona,229.0,4211.500000000002,3653.571428571429,45.0,73
2024-11-27,dipirona,217.0,3994.500000000002,0.0,39.1,78
2024-11-28,dipirona,253.0,3741.500000000002,0.0,38.8,59
2024-11-29,dipirona,248.0,3493.500000000002,0.0,29.9,54
2024-11-30,dipirona,229.0,3264.500000000002,0.0,42.0,82
2024-12-01,dipirona,235.0,3029.500000000002,0.0,38.7,84
2024-12-02,dipirona,221.0,2808.500000000002,0.0,36.1,59
2024-12-03,dipirona,248.0,2560.500000000002,0.0,50.9,90
2024-12-04,dipirona,218.0,2342.500000000002,0.0,43.0,85
2024-12-05,dipirona,213.0,2129.500000000002,0.0,37.3,70
2024-12-06,dipirona,206.0,1923.5000000000018,0.0,28.7,56
2024-12-07,dipirona,245.0,1678.5000000000018,0.0,45.2,93
2024-12-08,dipirona,240.0,1438.5000000000018,0.0,48.2,117
2024-12-09,dipirona,230.0,1208.5000000000018,0.0,42.8,94
2024-12-10,dipirona,307.0,901.5000000000018,0.0,51.6,106
2024-12-11,dipirona,212.0,689.5000000000018,0.0,30.1,32
2024-12-12,dipirona,250.0,439.5000000000018,0.0,40.9,46
2024-12-13,dipirona,241.0,198.50000000000182,0.0,39.6,81
2024-12-14,dipirona,210.0,3488.857142857145,3500.357142857143,42.8,67
2024-12-15,dipirona,261.0,3227.857142857145,0.0,52.7,109
2024-12-16,dipirona,217.0,3010.857142857145,0.0,40.6,79
2024-12-17,dipirona,195.0,2815.857142857145,0.0,38.8,67
2024-12-18,dipirona,230.0,2585.857142857145,0.0,36.2,64
2024-12-19,dipirona,190.0,2395.857142857145,0.0,35.7,62
2024-12-20,dipirona,207.0,2188.857142857145,0.0,34.4,64
2024-12-21,dipirona,258.0,1930.857142857145,0.0,43.7,102
2024-12-22,dipirona,248.0,1682.857142857145,0.0,42.4,100
2024-12-23,dipirona,236.0,1446.857142857145,0.0,45.3,83
2024-12-24,dipirona,268.0,1178.857142857145,0.0,35.2,65
2024-12-25,dipirona,187.0,991.8571428571449,0.0,38.5,78
2024-12-26,dipirona,197.0,794.8571428571449,0.0,32.9,55
2024-12-27,dipirona,253.0,541.8571428571449,0.0,45.1,81
2024-12-28,dipirona,197.0,344.85714285714494,0.0,53.9,113
2024-12-29,dipirona,293.0,3540.428571428574,3488.571428571429,38.3,78
2024-12-30,dipirona,225.0,3315.428571428574,0.0,51.0,93
2024-12-31,dipirona,219.0,3096.428571428574,0.0,43.7,68
2025-01-01,dipirona,338.0,2758.428571428574,0.0,50.9,101
2025-01-02,dipirona,289.0,2469.428571428574,0.0,43.7,75
2025-01-03,dipirona,197.0,2272.428571428574,0.0,45.2,76
2025-01-04,dipirona,231.0,2041.4285714285738,0.0,50.7,93
2025-01-05,dipirona,305.0,1736.4285714285738,0.0,49.6,96
2025-01-06,dipirona,240.0,1496.4285714285738,0.0,49.6,96
2025-01-07,dipirona,282.0,1214.4285714285738,0.0,44.7,83
2025-01-08,dipirona,276.0,938.4285714285738,0.0,36.2,77
2025-01-09,dipirona,201.0,737.4285714285738,0.0,41.2,71
2025-01-10,dipirona,220.0,4197.785714285717,3680.357142857143,46.3,109
2025-01-11,dipirona,205.0,3992.7857142857174,0.0,40.9,87
2025-01-12,dipirona,251.0,3741.7857142857174,0.0,41.6,65
2025-01-13,dipirona,228.0,3513.7857142857174,0.0,60.7,125
2025-01-14,dipirona,195.0,3318.7857142857174,0.0,39.8,58
2025-01-15,dipirona,186.0,3132.7857142857174,0.0,29.7,49
2025-01-16,dipirona,247.0,2885.7857142857174,0.0,34.9,74
2025-01-17,dipirona,224.0,2661.7857142857174,0.0,31.9,55
2025-01-18,dipirona,195.0,2466.7857142857174,0.0,39.9,74
2025-01-19,dipirona,190.0,2276.7857142857174,0.0,33.2,55
2025-01-20,dipirona,252.0,2024.7857142857174,0.0,50.0,91
2025-01-21,dipirona,203.0,1821.7857142857174,0.0,34.5,64
2025-01-22,dipirona,229.0,1592.7857142857174,0.0,43.3,81
2025-01-23,dipirona,269.0,1323.7857142857174,0.0,37.3,79
2025-01-24,dipirona,231.0,1092.7857142857174,0.0,34.6,55
2025-01-25,dipirona,228.0,864.7857142857174,0.0,43.4,85
2025-01-26,dipirona,187.0,677.7857142857174,0.0,43.8,95
2025-01-27,dipirona,233.0,444.7857142857174,0.0,37.5,71
2025-01-28,dipirona,230.0,3456.9285714285743,3242.142857142857,40.2,78
2025-01-29,dipirona,271.0,3185.9285714285743,0.0,41.9,84
2025-01-30,dipirona,173.0,3012.9285714285743,0.0,36.4,45
2025-01-31,dipirona,271.0,2741.9285714285743,0.0,40.5,78
2025-02-01,dipirona,259.0,2482.9285714285743,0.0,43.4,88
2025-02-02,dipirona,228.0,2254.9285714285743,0.0,40.5,101
2025-02-03,dipirona,215.0,2039.9285714285743,0.0,33.1,66
2025-02-04,dipirona,186.0,1853.9285714285743,0.0,37.0,70
2025-02-05,dipirona,234.0,1619.9285714285743,0.0,38.5,79
2025-02-06,dipirona,225.0,1394.9285714285743,0.0,52.0,94
2025-02-07,dipirona,197.0,1197.9285714285743,0.0,30.8,51
2025-02-08,dipirona,314.0,883.9285714285743,0.0,58.3,113
2025-02-09,dipirona,291.0,592.9285714285743,0.0,47.4,96
2025-02-10,dipirona,258.0,334.9285714285743,0.0,46.6,94
2025-02-11,dipirona,202.0,132.9285714285743,0.0,41.6,81
2025-02-12,dipirona,188.0,3389.571428571431,3444.642857142857,30.4,48
2025-02-13,dipirona,210.0,3179.571428571431,0.0,36.9,47
2025-02-14,dipirona,240.0,2939.571428571431,0.0,25.0,59
2025-02-15,dipirona,211.0,2728.571428571431,0.0,26.9,61
2025-02-16,dipirona,240.0,2488.571428571431,0.0,36.3,71
2025-02-17,dipirona,234.0,2254.571428571431,0.0,50.4,105
2025-02-18,dipirona,198.0,2056.571428571431,0.0,32.1,45
2025-02-19,dipirona,240.0,1816.5714285714312,0.0,45.6,86
2025-02-20,dipirona,238.0,1578.5714285714312,0.0,35.5,67
2025-02-21,dipirona,186.0,1392.5714285714312,0.0,43.6,74
2025-02-22,dipirona,222.0,1170.5714285714312,0.0,47.1,84
2025-02-23,dipirona,317.0,853.5714285714312,0.0,56.3,120
2025-02-24,dipirona,287.0,4046.571428571431,3480.0,46.8,84
2025-02-25,dipirona,161.0,3885.571428571431,0.0,28.0,38
2025-02-26,dipirona,218.0,3667.571428571431,0.0,26.7,44
2025-02-27,dipirona,219.0,3448.571428571431,0.0,39.8,67
2025-02-28,dipirona,202.0,3246.571428571431,0.0,39.9,74
2025-03-01,dipirona,219.0,3027.571428571431,0.0,46.1,93
2025-03-02,dipirona,281.0,2746.571428571431,0.0,58.7,112
2025-03-03,dipirona,228.0,2518.571428571431,0.0,42.3,110
2025-03-04,dipirona,212.0,2306.571428571431,0.0,26.1,52
2025-03-05,dipirona,197.0,2109.571428571431,0.0,31.9,66
2025-03-06,dipirona,178.0,1931.5714285714312,0.0,28.9,48
2025-03-07,dipirona,205.0,1726.5714285714312,0.0,33.6,60
2025-03-08,dipirona,260.0,1466.5714285714312,0.0,44.7,106
2025-03-09,dipirona,291.0,1175.5714285714312,0.0,36.2,76
2025-03-10,dipirona,269.0,906.5714285714312,0.0,50.4,115
2025-03-11,dipirona,216.0,690.5714285714312,0.0,45.8,64
2025-03-12,dipirona,227.0,463.57142857143117,0.0,39.7,54
2025-03-13,dipirona,303.0,3531.285714285717,3370.714285714286,41.3,84
2025-03-14,dipirona,185.0,3346.285714285717,0.0,38.7,76
2025-03-15,dipirona,217.0,3129.285714285717,0.0,46.1,106
2025-03-16,dipirona,260.0,2869.285714285717,0.0,53.6,136
2025-03-17,dipirona,274.0,2595.285714285717,0.0,50.6,107
2025-03-18,dipirona,295.0,2300.285714285717,0.0,41.1,90
2025-03-19,dipirona,233.0,2067.285714285717,0.0,46.9,96
2025-03-20,dipirona,188.0,1879.285714285717,0.0,28.9,62
2025-03-21,dipirona,279.0,1600.285714285717,0.0,28.4,51
2025-03-22,dipirona,244.0,1356.285714285717,0.0,51.3,106
2025-03-23,dipirona,217.0,1139.285714285717,0.0,46.9,91
2025-03-24,dipirona,215.0,924.285714285717,0.0,46.4,89
2025-03-25,dipirona,248.0,4343.785714285717,3667.5,36.3,80
2025-03-26,dipirona,182.0,4161.785714285717,0.0,39.4,64
2025-03-27,dipirona,298.0,3863.7857142857174,0.0,43.6,95
2025-03-28,dipirona,219.0,3644.7857142857174,0.0,50.8,99
2025-03-29,dipirona,263.0,3381.7857142857174,0.0,54.8,118
2025-03-30,dipirona,333.0,3048.7857142857174,0.0,44.1,103
2025-03-31,dipirona,231.0,2817.7857142857174,0.0,43.1,88
2025-04-01,dipirona,265.0,2552.7857142857174,0.0,45.2,86
2025-04-02,dipirona,245.0,2307.7857142857174,0.0,38.1,63
2025-04-03,dipirona,263.0,2044.7857142857174,0.0,43.1,86
2025-04-04,dipirona,314.0,1730.7857142857174,0.0,48.4,82
2025-04-05,dipirona,190.0,1540.7857142857174,0.0,50.9,95
2025-04-06,dipirona,263.0,1277.7857142857174,0.0,47.9,101
2025-04-07,dipirona,360.0,917.7857142857174,0.0,53.7,106
2025-04-08,dipirona,258.0,659.7857142857174,0.0,51.4,86
2025-04-09,dipirona,333.0,4116.428571428574,3789.642857142857,45.6,69
2025-04-10,dipirona,269.0,3847.4285714285743,0.0,29.3,59
2025-04-11,dipirona,307.0,3540.4285714285743,0.0,43.5,96
2025-04-12,dipirona,309.0,3231.4285714285743,0.0,66.1,133
2025-04-13,dipirona,295.0,2936.4285714285743,0.0,55.6,132
2025-04-14,dipirona,242.0,2694.4285714285743,0.0,40.5,92
2025-04-15,dipirona,234.0,2460.4285714285743,0.0,41.0,84
2025-04-16,dipirona,299.0,2161.4285714285743,0.0,48.2,94
2025-04-17,dipirona,264.0,1897.4285714285743,0.0,42.9,85
2025-04-18,dipirona,269.0,1628.4285714285743,0.0,54.7,125
2025-04-19,dipirona,257.0,1371.4285714285743,0.0,53.6,122
2025-04-20,dipirona,347.0,1024.4285714285743,0.0,52.7,120
2025-04-21,dipirona,379.0,4862.571428571432,4217.142857142858,73.8,182
2025-04-22,dipirona,226.0,4636.571428571432,0.0,50.4,79
2025-04-23,dipirona,235.0,4401.571428571432,0.0,43.5,82
2025-04-24,dipirona,310.0,4091.571428571432,0.0,65.4,138
2025-04-25,dipirona,277.0,3814.571428571432,0.0,42.8,89
2025-04-26,dipirona,277.0,3537.571428571432,0.0,62.2,141
2025-04-27,dipirona,256.0,3281.571428571432,0.0,48.2,107
2025-04-28,dipirona,239.0,3042.571428571432,0.0,32.7,85
2025-04-29,dipirona,229.0,2813.571428571432,0.0,27.3,55
2025-04-30,dipirona,264.0,2549.571428571432,0.0,33.3,77
2025-05-01,dipirona,264.0,2285.571428571432,0.0,42.4,108
2025-05-02,dipirona,296.0,1989.571428571432,0.0,32.6,68
2025-05-03,dipirona,284.0,1705.571428571432,0.0,54.2,101
2025-05-04,dipirona,223.0,1482.571428571432,0.0,56.1,122
2025-05-05,dipirona,275.0,1207.571428571432,0.0,53.1,98
2025-05-06,dipirona,311.0,896.5714285714321,0.0,45.3,86
2025-05-07,dipirona,269.0,627.5714285714321,0.0,43.0,75
2025-05-08,dipirona,252.0,375.5714285714321,0.0,32.7,65
2025-05-09,dipirona,197.0,4310.000000000004,4131.428571428572,37.7,63
2025-05-10,dipirona,280.0,4030.0000000000036,0.0,54.7,109
2025-05-11,dipirona,290.0,3740.0000000000036,0.0,47.0,102
2025-05-12,dipirona,270.0,3470.0000000000036,0.0,38.9,66
2025-05-13,dipirona,223.0,3247.0000000000036,0.0,38.3,64
2025-05-14,dipirona,257.0,2990.0000000000036,0.0,40.1,82
2025-05-15,dipirona,238.0,2752.0000000000036,0.0,46.5,107
2025-05-16,dipirona,238.0,2514.0000000000036,0.0,45.3,104
2025-05-17,dipirona,373.0,2141.0000000000036,0.0,53.5,113
2025-05-18,dipirona,281.0,1860.0000000000036,0.0,49.5,99
2025-05-19,dipirona,265.0,1595.0000000000036,0.0,30.0,56
2025-05-20,dipirona,263.0,1332.0000000000036,0.0,48.3,99
2025-05-21,dipirona,196.0,1136.0000000000036,0.0,52.3,104
2025-05-22,dipirona,208.0,928.0000000000036,0.0,40.2,69
2025-05-23,dipirona,243.0,685.0000000000036,0.0,52.7,94
2025-05-24,dipirona,279.0,4428.1428571428605,4022.1428571428573,62.1,124
2025-05-25,dipirona,246.0,4182.1428571428605,0.0,44.2,99
2025-05-26,dipirona,210.0,3972.1428571428605,0.0,47.3,77
2025-05-27,dipirona,258.0,3714.1428571428605,0.0,40.5,83
2025-05-28,dipirona,223.0,3491.1428571428605,0.0,44.0,75
2025-05-29,dipirona,261.0,3230.1428571428605,0.0,50.3,104
2025-05-30,dipirona,248.0,2982.1428571428605,0.0,51.8,114
2025-05-31,dipirona,232.0,2750.1428571428605,0.0,45.9,113
2025-06-01,dipirona,291.0,2459.1428571428605,0.0,52.5,113
2025-06-02,dipirona,203.0,2256.1428571428605,0.0,45.5,109
2025-06-03,dipirona,243.0,2013.1428571428605,0.0,57.4,114
2025-06-04,dipirona,237.0,1776.1428571428605,0.0,54.0,98
2025-06-05,dipirona,297.0,1479.1428571428605,0.0,38.4,80
2025-06-06,dipirona,230.0,1249.1428571428605,0.0,51.9,106
2025-06-07,dipirona,291.0,958.1428571428605,0.0,50.6,114
2025-06-08,dipirona,273.0,685.1428571428605,0.0,59.4,138
2025-06-09,dipirona,268.0,4040.71428571429,3623.571428571429,46.1,84
2025-06-10,dipirona,201.0,3839.71428571429,0.0,48.4,100
2025-06-11,dipirona,205.0,3634.71428571429,0.0,42.2,62
2025-06-12,dipirona,254.0,3380.71428571429,0.0,40.4,82
2025-06-13,dipirona,248.0,3132.71428571429,0.0,50.8,95
2025-06-14,dipirona,246.0,2886.71428571429,0.0,53.9,114
2025-06-15,dipirona,308.0,2578.71428571429,0.0,53.5,105
2025-06-16,dipirona,234.0,2344.71428571429,0.0,42.6,88
2025-06-17,dipirona,177.0,2167.71428571429,0.0,37.9,70
2025-06-18,dipirona,261.0,1906.7142857142899,0.0,39.7,76
2025-06-19,dipirona,182.0,1724.7142857142899,0.0,37.9,79
2025-06-20,dipirona,222.0,1502.7142857142899,0.0,43.5,78
2025-06-21,dipirona,225.0,1277.7142857142899,0.0,60.6,127
2025-06-22,dipirona,290.0,987.7142857142899,0.0,44.3,81
2025-06-23,dipirona,267.0,4463.21428571429,3742.5,53.0,95
2025-06-24,dipirona,200.0,4263.21428571429,0.0,35.5,46
2025-06-25,dipirona,259.0,4004.21428571429,0.0,35.2,66
2025-06-26,dipirona,184.0,3820.21428571429,0.0,37.5,64
2025-06-27,dipirona,238.0,3582.21428571429,0.0,40.1,83
2025-06-28,dipirona,248.0,3334.21428571429,0.0,50.4,105
2025-06-29,dipirona,205.0,3129.21428571429,0.0,45.5,98
2025-06-30,dipirona,260.0,2869.21428571429,0.0,53.7,96
2025-07-01,dipirona,234.0,2635.21428571429,0.0,43.0,80
2025-07-02,dipirona,247.0,2388.21428571429,0.0,39.3,76
2025-07-03,dipirona,223.0,2165.21428571429,0.0,42.9,70
2025-07-04,dipirona,248.0,1917.2142857142899,0.0,35.7,88
2025-07-05,dipirona,228.0,1689.2142857142899,0.0,43.0,107
2025-07-06,dipirona,250.0,1439.2142857142899,0.0,51.1,98
2025-07-07,dipirona,201.0,1238.2142857142899,0.0,54.1,115
2025-07-08,dipirona,162.0,1076.2142857142899,0.0,42.6,80
2025-07-09,dipirona,277.0,799.2142857142899,0.0,32.4,69
2025-07-10,dipirona,237.0,562.2142857142899,0.0,36.9,67
2025-07-11,dipirona,217.0,345.2142857142899,0.0,45.4,68
2025-07-12,dipirona,203.0,3711.142857142861,3568.928571428571,43.8,77
2025-07-13,dipirona,302.0,3409.142857142861,0.0,54.2,114
2025-07-14,dipirona,227.0,3182.142857142861,0.0,39.8,80
2025-07-15,dipirona,210.0,2972.142857142861,0.0,38.3,75
2025-07-16,dipirona,202.0,2770.142857142861,0.0,36.2,89
2025-07-17,dipirona,244.0,2526.142857142861,0.0,36.3,62
2025-07-18,dipirona,189.0,2337.142857142861,0.0,48.8,91
2025-07-19,dipirona,260.0,2077.142857142861,0.0,51.7,127
2025-07-20,dipirona,230.0,1847.142857142861,0.0,47.7,105
2025-07-21,dipirona,216.0,1631.142857142861,0.0,38.7,85
2025-07-22,dipirona,228.0,1403.142857142861,0.0,38.8,83
2025-07-23,dipirona,203.0,1200.142857142861,0.0,46.0,92
2025-07-24,dipirona,198.0,1002.142857142861,0.0,20.7,44
2025-07-25,dipirona,178.0,824.142857142861,0.0,39.1,66
2025-07-26,dipirona,221.0,603.142857142861,0.0,59.3,122
2025-07-27,dipirona,205.0,3801.000000000004,3402.857142857143,48.3,102
2025-07-28,dipirona,272.0,3529.000000000004,0.0,40.8,106
2025-07-29,dipirona,239.0,3290.000000000004,0.0,31.7,63
2025-07-30,dipirona,200.0,3090.000000000004,0.0,50.0,90
2025-07-31,dipirona,227.0,2863.000000000004,0.0,31.5,83
2025-08-01,dipirona,185.0,2678.000000000004,0.0,31.1,54
2025-08-02,dipirona,208.0,2470.000000000004,0.0,49.8,117
2025-08-03,dipirona,171.0,2299.000000000004,0.0,37.8,60
2025-08-04,dipirona,233.0,2066.000000000004,0.0,41.7,88
2025-08-05,dipirona,251.0,1815.000000000004,0.0,57.6,121
2025-08-06,dipirona,213.0,1602.000000000004,0.0,37.6,62
2025-08-07,dipirona,196.0,1406.000000000004,0.0,52.8,91
2025-08-08,dipirona,236.0,1170.000000000004,0.0,39.4,76
2025-08-09,dipirona,226.0,944.0000000000041,0.0,43.8,82
2025-08-10,dipirona,312.0,632.0000000000041,0.0,42.3,99
2025-08-11,dipirona,229.0,3618.357142857147,3215.357142857143,52.3,97
2025-08-12,dipirona,203.0,3415.357142857147,0.0,44.1,96
2025-08-13,dipirona,213.0,3202.357142857147,0.0,27.8,47
2025-08-14,dipirona,230.0,2972.357142857147,0.0,49.9,104
2025-08-15,dipirona,234.0,2738.357142857147,0.0,44.4,106
2025-08-16,dipirona,300.0,2438.357142857147,0.0,52.3,108
2025-08-17,dipirona,265.0,2173.357142857147,0.0,51.8,98
2025-08-18,dipirona,281.0,1892.3571428571472,0.0,55.7,117
2025-08-19,dipirona,236.0,1656.3571428571472,0.0,30.3,66
2025-08-20,dipirona,227.0,1429.3571428571472,0.0,47.7,99
2025-08-21,dipirona,280.0,1149.3571428571472,0.0,52.6,103
2025-08-22,dipirona,216.0,933.3571428571472,0.0,28.5,64
2025-08-23,dipirona,250.0,683.3571428571472,0.0,54.8,130
2025-08-24,dipirona,226.0,457.3571428571472,0.0,46.5,84
2025-08-25,dipirona,215.0,3873.428571428576,3631.071428571429,52.5,108
2025-08-26,dipirona,169.0,3704.428571428576,0.0,39.4,69
2025-08-27,dipirona,230.0,3474.428571428576,0.0,42.4,61
2025-08-28,dipirona,175.0,3299.428571428576,0.0,40.0,70
2025-08-29,dipirona,250.0,3049.428571428576,0.0,49.5,95
2025-08-30,dipirona,260.0,2789.428571428576,0.0,64.0,113
2025-08-31,dipirona,216.0,2573.428571428576,0.0,43.9,89
2025-09-01,dipirona,319.0,2254.428571428576,0.0,52.4,120
2025-09-02,dipirona,209.0,2045.428571428576,0.0,40.5,72
2025-09-03,dipirona,210.0,1835.428571428576,0.0,41.2,74
2025-09-04,dipirona,237.0,1598.428571428576,0.0,36.0,70
2025-09-05,dipirona,246.0,1352.428571428576,0.0,42.4,94
2025-09-06,dipirona,246.0,1106.428571428576,0.0,58.5,102
2025-09-07,dipirona,336.0,770.4285714285761,0.0,68.8,154
2025-09-08,dipirona,224.0,546.4285714285761,0.0,47.1,104
2025-09-09,dipirona,219.0,3782.785714285719,3455.357142857143,43.9,76
2025-09-10,dipirona,197.0,3585.785714285719,0.0,38.4,72
2025-09-11,dipirona,238.0,3347.785714285719,0.0,44.1,90
2025-09-12,dipirona,232.0,3115.785714285719,0.0,41.0,72
2025-09-13,dipirona,212.0,2903.785714285719,0.0,41.7,95
2025-09-14,dipirona,277.0,2626.785714285719,0.0,53.5,110
2025-09-15,dipirona,227.0,2399.785714285719,0.0,44.3,66
2025-09-16,dipirona,212.0,2187.785714285719,0.0,39.6,69
2025-09-17,dipirona,179.0,2008.7857142857192,0.0,33.8,62
2025-09-18,dipirona,210.0,1798.7857142857192,0.0,38.9,78
2025-09-19,dipirona,227.0,1571.7857142857192,0.0,38.9,77
2025-09-20,dipirona,231.0,1340.7857142857192,0.0,47.2,99
2025-09-21,dipirona,236.0,1104.7857142857192,0.0,42.2,86
2025-09-22,dipirona,218.0,886.7857142857192,0.0,53.0,102
2025-09-23,dipirona,247.0,639.7857142857192,0.0,42.4,102
2025-09-24,dipirona,245.0,394.7857142857192,0.0,46.4,84
2025-09-25,dipirona,228.0,3654.285714285719,3487.5,32.7,59
2025-09-26,dipirona,233.0,3421.285714285719,0.0,45.5,87
2025-09-27,dipirona,204.0,3217.285714285719,0.0,45.5,104
2025-09-28,dipirona,265.0,2952.285714285719,0.0,56.4,107
2025-09-29,dipirona,224.0,2728.285714285719,0.0,39.6,60
2025-09-30,dipirona,201.0,2527.285714285719,0.0,48.9,90
2025-10-01,dipirona,248.0,2279.285714285719,0.0,41.8,98
2025-10-02,dipirona,213.0,2066.285714285719,0.0,40.0,66
2025-10-03,dipirona,303.0,1763.2857142857192,0.0,49.5,98
2025-10-04,dipirona,376.0,1387.2857142857192,0.0,60.7,153
2025-10-05,dipirona,197.0,1190.2857142857192,0.0,49.2,102
2025-10-06,dipirona,246.0,944.2857142857192,0.0,42.3,78
2025-10-07,dipirona,204.0,740.2857142857192,0.0,40.0,69
2025-10-08,dipirona,252.0,4019.71428571429,3531.428571428571,52.4,109
2025-10-09,dipirona,213.0,3806.71428571429,0.0,38.6,68
2025-10-10,dipirona,169.0,3637.71428571429,0.0,35.6,46
2025-10-11,dipirona,281.0,3356.71428571429,0.0,60.5,120
2025-10-12,dipirona,312.0,3044.71428571429,0.0,68.6,190
2025-10-13,dipirona,244.0,2800.71428571429,0.0,48.0,102
2025-10-14,dipirona,286.0,2514.71428571429,0.0,55.3,121
2025-10-15,dipirona,218.0,2296.71428571429,0.0,26.5,57
2025-10-16,dipirona,292.0,2004.7142857142899,0.0,51.4,107
2025-10-17,dipirona,250.0,1754.7142857142899,0.0,46.6,80
2025-10-18,dipirona,231.0,1523.7142857142899,0.0,42.1,94
2025-10-19,dipirona,261.0,1262.7142857142899,0.0,49.9,100
2025-10-20,dipirona,294.0,968.7142857142899,0.0,51.9,120
2025-10-21,dipirona,246.0,4572.357142857147,3849.6428571428573,36.8,74
2025-10-22,dipirona,207.0,4365.357142857147,0.0,39.8,58
2025-10-23,dipirona,256.0,4109.357142857147,0.0,38.0,76
2025-10-24,dipirona,179.0,3930.3571428571468,0.0,42.7,78
2025-10-25,dipirona,335.0,3595.3571428571468,0.0,49.5,124
2025-10-26,dipirona,302.0,3293.3571428571468,0.0,60.6,113
2025-10-27,dipirona,308.0,2985.3571428571468,0.0,42.3,75
2025-10-28,dipirona,221.0,2764.3571428571468,0.0,29.0,46
2025-10-29,dipirona,235.0,2529.3571428571468,0.0,45.6,85
2025-10-30,dipirona,222.0,2307.3571428571468,0.0,29.3,61
2025-10-31,dipirona,260.0,2047.3571428571468,0.0,41.8,67
2025-11-01,dipirona,258.0,1789.3571428571468,0.0,50.8,110
2025-11-02,dipirona,252.0,1537.3571428571468,0.0,61.1,138
2025-11-03,dipirona,200.0,1337.3571428571468,0.0,32.3,59
2025-11-04,dipirona,268.0,1069.3571428571468,0.0,33.7,64
2025-11-05,dipirona,223.0,846.3571428571468,0.0,47.2,88
2025-11-06,dipirona,215.0,631.3571428571468,0.0,40.5,74
2025-11-07,dipirona,305.0,326.35714285714675,0.0,56.8,116
2025-11-08,dipirona,293.0,3873.3571428571468,3840.0,51.4,108
2025-11-09,dipirona,261.0,3612.3571428571468,0.0,58.3,122
2025-11-10,dipirona,241.0,3371.3571428571468,0.0,36.4,70
2025-11-11,dipirona,262.0,3109.3571428571468,0.0,54.0,90
2025-11-12,dipirona,190.0,2919.3571428571468,0.0,31.8,70
2025-11-13,dipirona,236.0,2683.3571428571468,0.0,59.2,116
2025-11-14,dipirona,213.0,2470.3571428571468,0.0,41.5,64
2025-11-15,dipirona,269.0,2201.3571428571468,0.0,58.1,137
2025-11-16,dipirona,262.0,1939.3571428571468,0.0,53.3,88
2025-11-17,dipirona,287.0,1652.3571428571468,0.0,56.1,110
2025-11-18,dipirona,255.0,1397.3571428571468,0.0,40.2,65
2025-11-19,dipirona,196.0,1201.3571428571468,0.0,37.2,67
2025-11-20,dipirona,281.0,920.3571428571468,0.0,48.8,103
2025-11-21,dipirona,251.0,669.3571428571468,0.0,42.5,85
2025-11-22,dipirona,273.0,396.35714285714675,0.0,49.8,99
2025-11-23,dipirona,221.0,3858.9285714285757,3683.571428571429,54.9,102
2025-11-24,dipirona,238.0,3620.9285714285757,0.0,37.1,65
2025-11-25,dipirona,236.0,3384.9285714285757,0.0,26.7,48
2025-11-26,dipirona,236.0,3148.9285714285757,0.0,39.6,65
2025-11-27,dipirona,176.0,2972.9285714285757,0.0,35.5,52
2025-11-28,dipirona,215.0,2757.9285714285757,0.0,26.7,30
2025-11-29,dipirona,309.0,2448.9285714285757,0.0,47.7,89
2025-11-30,dipirona,262.0,2186.9285714285757,0.0,53.8,118
2025-12-01,dipirona,299.0,1887.9285714285757,0.0,44.5,99
2025-12-02,dipirona,252.0,1635.9285714285757,0.0,33.9,68
2025-12-03,dipirona,186.0,1449.9285714285757,0.0,28.7,62
2025-12-04,dipirona,183.0,1266.9285714285757,0.0,48.8,98
2025-12-05,dipirona,314.0,952.9285714285757,0.0,47.6,98
2025-12-06,dipirona,206.0,746.9285714285757,0.0,38.4,76
2025-12-07,dipirona,230.0,4211.21428571429,3694.285714285714,36.8,100
2025-12-08,dipirona,227.0,3984.21428571429,0.0,46.1,107
2025-12-09,dipirona,229.0,3755.21428571429,0.0,41.2,66
2025-12-10,dipirona,286.0,3469.21428571429,0.0,43.8,94
2025-12-11,dipirona,229.0,3240.21428571429,0.0,43.4,81
2025-12-12,dipirona,203.0,3037.21428571429,0.0,32.5,70
2025-12-13,dipirona,296.0,2741.21428571429,0.0,47.3,80
2025-12-14,dipirona,249.0,2492.21428571429,0.0,44.2,89
2025-12-15,dipirona,218.0,2274.21428571429,0.0,34.0,55
2025-12-16,dipirona,209.0,2065.21428571429,0.0,41.8,54
2025-12-17,dipirona,211.0,1854.2142857142899,0.0,38.9,55
2025-12-18,dipirona,222.0,1632.2142857142899,0.0,36.9,70
2025-12-19,dipirona,245.0,1387.2142857142899,0.0,37.1,74
2025-12-20,dipirona,232.0,1155.2142857142899,0.0,43.4,89
2025-12-21,dipirona,283.0,872.2142857142899,0.0,48.9,95
2025-12-22,dipirona,197.0,675.2142857142899,0.0,49.2,103
2025-12-23,dipirona,200.0,475.2142857142899,0.0,29.2,49
2025-12-24,dipirona,266.0,3734.21428571429,3525.0,38.0,53
2025-12-25,dipirona,213.0,3521.21428571429,0.0,53.7,116
2025-12-26,dipirona,247.0,3274.21428571429,0.0,52.2,84
2025-12-27,dipirona,197.0,3077.21428571429,0.0,40.9,77
2025-12-28,dipirona,245.0,2832.21428571429,0.0,62.0,118
2025-12-29,dipirona,262.0,2570.21428571429,0.0,38.5,67
2025-12-30,dipirona,215.0,2355.21428571429,0.0,36.0,53
2025-12-31,dipirona,235.0,2120.21428571429,0.0,36.6,74
2024-01-01,ibuprofeno,144.0,2016.0,0.0,52.7,111
2024-01-02,ibuprofeno,87.0,1929.0,0.0,33.6,51
2024-01-03,ibuprofeno,77.0,1852.0,0.0,34.2,61
2024-01-04,ibuprofeno,96.0,1756.0,0.0,32.6,51
2024-01-05,ibuprofeno,87.0,1669.0,0.0,24.7,30
2024-01-06,ibuprofeno,120.0,1549.0,0.0,41.6,71
2024-01-07,ibuprofeno,106.0,1443.0,0.0,51.5,99
2024-01-08,ibuprofeno,77.0,1366.0,0.0,29.9,65
2024-01-09,ibuprofeno,90.0,1276.0,0.0,20.0,44
2024-01-10,ibuprofeno,99.0,1177.0,0.0,37.5,57
2024-01-11,ibuprofeno,123.0,1054.0,0.0,49.8,90
2024-01-12,ibuprofeno,117.0,937.0,0.0,37.9,81
2024-01-13,ibuprofeno,92.0,845.0,0.0,34.2,80
2024-01-14,ibuprofeno,109.0,736.0,0.0,43.7,85
2024-01-15,ibuprofeno,112.0,624.0,0.0,38.7,61
2024-01-16,ibuprofeno,99.0,525.0,0.0,33.7,37
2024-01-17,ibuprofeno,88.0,437.0,0.0,32.8,49
2024-01-18,ibuprofeno,83.0,354.0,0.0,28.6,47
2024-01-19,ibuprofeno,79.0,1800.7142857142856,1525.7142857142856,26.8,48
2024-01-20,ibuprofeno,114.0,1686.7142857142856,0.0,39.9,75
2024-01-21,ibuprofeno,124.0,1562.7142857142856,0.0,40.7,81
2024-01-22,ibuprofeno,67.0,1495.7142857142856,0.0,22.5,37
2024-01-23,ibuprofeno,93.0,1402.7142857142856,0.0,38.6,48
2024-01-24,ibuprofeno,88.0,1314.7142857142856,0.0,36.8,46
2024-01-25,ibuprofeno,70.0,1244.7142857142856,0.0,33.2,43
2024-01-26,ibuprofeno,96.0,1148.7142857142856,0.0,26.7,48
2024-01-27,ibuprofeno,85.0,1063.7142857142856,0.0,47.1,86
2024-01-28,ibuprofeno,82.0,981.7142857142856,0.0,40.6,70
2024-01-29,ibuprofeno,120.0,861.7142857142856,0.0,51.4,103
2024-01-30,ibuprofeno,81.0,780.7142857142856,0.0,35.7,49
2024-01-31,ibuprofeno,92.0,688.7142857142856,0.0,46.2,86
2024-02-01,ibuprofeno,95.0,593.7142857142856,0.0,34.4,51
2024-02-02,ibuprofeno,73.0,520.7142857142856,0.0,29.8,39
2024-02-03,ibuprofeno,97.0,423.71428571428555,0.0,40.2,72
2024-02-04,ibuprofeno,87.0,336.71428571428555,0.0,31.0,70
2024-02-05,ibuprofeno,119.0,1582.7142857142856,1365.0,39.8,74
2024-02-06,ibuprofeno,103.0,1479.7142857142856,0.0,29.2,51
2024-02-07,ibuprofeno,100.0,1379.7142857142856,0.0,34.0,73
2024-02-08,ibuprofeno,109.0,1270.7142857142856,0.0,42.0,62
2024-02-09,ibuprofeno,114.0,1156.7142857142856,0.0,51.3,88
2024-02-10,ibuprofeno,118.0,1038.7142857142856,0.0,53.0,97
2024-02-11,ibuprofeno,78.0,960.7142857142856,0.0,59.8,129
2024-02-12,ibuprofeno,106.0,854.7142857142856,0.0,55.4,104
2024-02-13,ibuprofeno,91.0,763.7142857142856,0.0,46.5,94
2024-02-14,ibuprofeno,120.0,643.7142857142856,0.0,40.7,75
2024-02-15,ibuprofeno,96.0,547.7142857142856,0.0,42.8,96
2024-02-16,ibuprofeno,114.0,433.71428571428555,0.0,55.8,116
2024-02-17,ibuprofeno,74.0,359.71428571428555,0.0,58.6,128
2024-02-18,ibuprofeno,103.0,256.71428571428555,0.0,72.4,183
2024-02-19,ibuprofeno,90.0,166.71428571428555,0.0,61.3,137
2024-02-20,ibuprofeno,87.0,1560.428571428571,1480.7142857142856,55.3,120
2024-02-21,ibuprofeno,113.0,1447.428571428571,0.0,73.6,151
2024-02-22,ibuprofeno,86.0,1361.428571428571,0.0,49.7,93
2024-02-23,ibuprofeno,77.0,1284.428571428571,0.0,56.0,121
2024-02-24,ibuprofeno,81.0,1203.428571428571,0.0,60.4,131
2024-02-25,ibuprofeno,96.0,1107.428571428571,0.0,65.6,148
2024-02-26,ibuprofeno,77.0,1030.428571428571,0.0,61.8,140
2024-02-27,ibuprofeno,65.0,965.4285714285711,0.0,56.9,136
2024-02-28,ibuprofeno,95.0,870.4285714285711,0.0,54.6,119
2024-02-29,ibuprofeno,71.0,799.4285714285711,0.0,63.8,152
2024-03-01,ibuprofeno,92.0,707.4285714285711,0.0,50.9,121
2024-03-02,ibuprofeno,82.0,625.4285714285711,0.0,63.2,136
2024-03-03,ibuprofeno,109.0,516.4285714285711,0.0,64.2,140
2024-03-04,ibuprofeno,77.0,439.4285714285711,0.0,60.3,154
2024-03-05,ibuprofeno,98.0,341.4285714285711,0.0,58.6,130
2024-03-06,ibuprofeno,86.0,255.4285714285711,0.0,59.9,121
2024-03-07,ibuprofeno,64.0,191.4285714285711,0.0,56.7,111
2024-03-08,ibuprofeno,93.0,98.4285714285711,0.0,60.7,123
2024-03-09,ibuprofeno,142.0,1258.2142857142856,1301.7857142857144,83.7,200
2024-03-10,ibuprofeno,82.0,1176.2142857142856,0.0,70.4,172
2024-03-11,ibuprofeno,130.0,1046.2142857142856,0.0,58.3,140
2024-03-12,ibuprofeno,80.0,966.2142857142856,0.0,54.9,114
2024-03-13,ibuprofeno,81.0,885.2142857142856,0.0,53.3,109
2024-03-14,ibuprofeno,97.0,788.2142857142856,0.0,70.9,149
2024-03-15,ibuprofeno,82.0,706.2142857142856,0.0,69.1,146
2024-03-16,ibuprofeno,93.0,613.2142857142856,0.0,61.7,139
2024-03-17,ibuprofeno,94.0,519.2142857142856,0.0,58.3,142
2024-03-18,ibuprofeno,115.0,404.21428571428555,0.0,62.4,143
2024-03-19,ibuprofeno,121.0,283.21428571428555,0.0,50.9,104
2024-03-20,ibuprofeno,78.0,205.21428571428555,0.0,57.9,129
2024-03-21,ibuprofeno,91.0,114.21428571428555,0.0,66.6,158
2024-03-22,ibuprofeno,62.0,1448.285714285714,1396.0714285714284,52.1,107
2024-03-23,ibuprofeno,101.0,1347.285714285714,0.0,62.0,144
2024-03-24,ibuprofeno,86.0,1261.285714285714,0.0,57.6,133
2024-03-25,ibuprofeno,86.0,1175.285714285714,0.0,49.5,99
2024-03-26,ibuprofeno,102.0,1073.285714285714,0.0,50.1,109
2024-03-27,ibuprofeno,75.0,998.285714285714,0.0,59.4,128
2024-03-28,ibuprofeno,96.0,902.285714285714,0.0,47.6,94
2024-03-29,ibuprofeno,97.0,805.285714285714,0.0,62.6,153
2024-03-30,ibuprofeno,101.0,704.285714285714,0.0,66.3,156
2024-03-31,ibuprofeno,88.0,616.285714285714,0.0,77.8,167
2024-04-01,ibuprofeno,112.0,504.285714285714,0.0,53.0,126
2024-04-02,ibuprofeno,67.0,437.285714285714,0.0,32.8,79
2024-04-03,ibuprofeno,112.0,325.285714285714,0.0,53.0,134
2024-04-04,ibuprofeno,91.0,1632.4999999999995,1398.2142857142856,51.5,108
2024-04-05,ibuprofeno,117.0,1515.4999999999995,0.0,47.7,97
2024-04-06,ibuprofeno,102.0,1413.4999999999995,0.0,59.3,132
2024-04-07,ibuprofeno,89.0,1324.4999999999995,0.0,48.9,87
2024-04-08,ibuprofeno,95.0,1229.4999999999995,0.0,51.9,140
2024-04-09,ibuprofeno,81.0,1148.4999999999995,0.0,51.6,104
2024-04-10,ibuprofeno,101.0,1047.4999999999995,0.0,67.4,136
2024-04-11,ibuprofeno,98.0,949.4999999999995,0.0,56.3,135
2024-04-12,ibuprofeno,94.0,855.4999999999995,0.0,53.0,117
2024-04-13,ibuprofeno,112.0,743.4999999999995,0.0,62.0,147
2024-04-14,ibuprofeno,86.0,657.4999999999995,0.0,47.8,108
2024-04-15,ibuprofeno,92.0,565.4999999999995,0.0,47.3,100
2024-04-16,ibuprofeno,76.0,489.49999999999955,0.0,56.7,107
2024-04-17,ibuprofeno,69.0,420.49999999999955,0.0,45.4,70
2024-04-18,ibuprofeno,67.0,1809.571428571428,1456.0714285714284,48.6,104
2024-04-19,ibuprofeno,109.0,1700.571428571428,0.0,58.0,105
2024-04-20,ibuprofeno,86.0,1614.571428571428,0.0,56.8,123
2024-04-21,ibuprofeno,142.0,1472.571428571428,0.0,86.4,188
2024-04-22,ibuprofeno,83.0,1389.571428571428,0.0,38.8,73
2024-04-23,ibuprofeno,98.0,1291.571428571428,0.0,37.6,67
2024-04-24,ibuprofeno,81.0,1210.571428571428,0.0,42.4,78
2024-04-25,ibuprofeno,98.0,1112.571428571428,0.0,53.3,77
2024-04-26,ibuprofeno,84.0,1028.571428571428,0.0,43.6,76
2024-04-27,ibuprofeno,133.0,895.571428571428,0.0,52.4,119
2024-04-28,ibuprofeno,81.0,814.571428571428,0.0,60.2,122
2024-04-29,ibuprofeno,124.0,690.571428571428,0.0,56.9,128
2024-04-30,ibuprofeno,114.0,576.571428571428,0.0,35.1,67
2024-05-01,ibuprofeno,82.0,494.571428571428,0.0,60.6,124
2024-05-02,ibuprofeno,107.0,387.571428571428,0.0,45.2,90
2024-05-03,ibuprofeno,88.0,299.571428571428,0.0,50.4,102
2024-05-04,ibuprofeno,102.0,197.571428571428,0.0,60.9,135
2024-05-05,ibuprofeno,92.0,105.57142857142799,0.0,50.3,101
2024-05-06,ibuprofeno,103.0,1428.6428571428564,1426.0714285714284,60.1,128
2024-05-07,ibuprofeno,96.0,1332.6428571428564,0.0,27.2,61
2024-05-08,ibuprofeno,96.0,1236.6428571428564,0.0,44.3,80
2024-05-09,ibuprofeno,94.0,1142.6428571428564,0.0,34.2,70
2024-05-10,ibuprofeno,83.0,1059.6428571428564,0.0,39.3,90
2024-05-11,ibuprofeno,95.0,964.6428571428564,0.0,50.8,107
2024-05-12,ibuprofeno,84.0,880.6428571428564,0.0,56.3,121
2024-05-13,ibuprofeno,97.0,783.6428571428564,0.0,49.7,111
2024-05-14,ibuprofeno,135.0,648.6428571428564,0.0,45.3,81
2024-05-15,ibuprofeno,86.0,562.6428571428564,0.0,29.2,60
2024-05-16,ibuprofeno,92.0,470.6428571428564,0.0,50.1,109
2024-05-17,ibuprofeno,68.0,402.6428571428564,0.0,53.3,120
2024-05-18,ibuprofeno,112.0,290.6428571428564,0.0,63.1,142
2024-05-19,ibuprofeno,120.0,1621.357142857142,1450.7142857142856,65.8,146
2024-05-20,ibuprofeno,111.0,1510.357142857142,0.0,44.2,99
2024-05-21,ibuprofeno,110.0,1400.357142857142,0.0,36.8,58
2024-05-22,ibuprofeno,84.0,1316.357142857142,0.0,39.4,73
2024-05-23,ibuprofeno,106.0,1210.357142857142,0.0,41.4,101
2024-05-24,ibuprofeno,74.0,1136.357142857142,0.0,31.3,73
2024-05-25,ibuprofeno,114.0,1022.357142857142,0.0,47.8,98
2024-05-26,ibuprofeno,131.0,891.357142857142,0.0,49.1,104
2024-05-27,ibuprofeno,85.0,806.357142857142,0.0,43.6,87
2024-05-28,ibuprofeno,109.0,697.357142857142,0.0,50.6,106
2024-05-29,ibuprofeno,74.0,623.357142857142,0.0,36.2,62
2024-05-30,ibuprofeno,67.0,556.357142857142,0.0,40.1,65
2024-05-31,ibuprofeno,89.0,467.357142857142,0.0,31.2,63
2024-06-01,ibuprofeno,70.0,397.357142857142,0.0,36.2,78
2024-06-02,ibuprofeno,95.0,302.357142857142,0.0,43.2,97
2024-06-03,ibuprofeno,98.0,1734.357142857142,1530.0,44.8,86
2024-06-04,ibuprofeno,127.0,1607.357142857142,0.0,67.9,141
2024-06-05,ibuprofeno,90.0,1517.357142857142,0.0,39.9,80
2024-06-06,ibuprofeno,84.0,1433.357142857142,0.0,34.0,87
2024-06-07,ibuprofeno,96.0,1337.357142857142,0.0,28.1,61
2024-06-08,ibuprofeno,104.0,1233.357142857142,0.0,51.9,119
2024-06-09,ibuprofeno,89.0,1144.357142857142,0.0,45.0,96
2024-06-10,ibuprofeno,104.0,1040.357142857142,0.0,41.0,83
2024-06-11,ibuprofeno,94.0,946.357142857142,0.0,47.7,97
2024-06-12,ibuprofeno,87.0,859.357142857142,0.0,39.6,78
2024-06-13,ibuprofeno,92.0,767.357142857142,0.0,55.2,107
2024-06-14,ibuprofeno,107.0,660.357142857142,0.0,41.7,88
2024-06-15,ibuprofeno,91.0,569.357142857142,0.0,55.3,129
2024-06-16,ibuprofeno,78.0,491.357142857142,0.0,53.3,108
2024-06-17,ibuprofeno,97.0,394.357142857142,0.0,36.1,82
2024-06-18,ibuprofeno,87.0,307.357142857142,0.0,39.3,69
2024-06-19,ibuprofeno,76.0,231.35714285714198,0.0,40.6,76
2024-06-20,ibuprofeno,108.0,1555.857142857142,1432.5,43.4,87
2024-06-21,ibuprofeno,85.0,1470.857142857142,0.0,40.6,59
2024-06-22,ibuprofeno,84.0,1386.857142857142,0.0,50.7,113
2024-06-23,ibuprofeno,104.0,1282.857142857142,0.0,53.3,90
2024-06-24,ibuprofeno,105.0,1177.857142857142,0.0,41.0,81
2024-06-25,ibuprofeno,135.0,1042.857142857142,0.0,49.4,117
2024-06-26,ibuprofeno,80.0,962.857142857142,0.0,38.4,70
2024-06-27,ibuprofeno,105.0,857.857142857142,0.0,35.2,74
2024-06-28,ibuprofeno,103.0,754.857142857142,0.0,35.8,72
2024-06-29,ibuprofeno,114.0,640.857142857142,0.0,63.1,137
2024-06-30,ibuprofeno,112.0,528.857142857142,0.0,54.3,110
2024-07-01,ibuprofeno,119.0,409.857142857142,0.0,45.8,99
2024-07-02,ibuprofeno,113.0,296.857142857142,0.0,57.4,114
2024-07-03,ibuprofeno,106.0,190.85714285714198,0.0,56.7,110
2024-07-04,ibuprofeno,88.0,102.85714285714198,0.0,49.8,87
2024-07-05,ibuprofeno,80.0,1456.4285714285704,1433.5714285714284,50.4,99
2024-07-06,ibuprofeno,94.0,1362.4285714285704,0.0,56.8,108
2024-07-07,ibuprofeno,63.0,1299.4285714285704,0.0,32.7,76
2024-07-08,ibuprofeno,83.0,1216.4285714285704,0.0,49.8,107
2024-07-09,ibuprofeno,118.0,1098.4285714285704,0.0,49.0,111
2024-07-10,ibuprofeno,94.0,1004.4285714285704,0.0,44.9,88
2024-07-11,ibuprofeno,82.0,922.4285714285704,0.0,43.2,91
2024-07-12,ibuprofeno,86.0,836.4285714285704,0.0,47.9,100
2024-07-13,ibuprofeno,79.0,757.4285714285704,0.0,51.6,87
2024-07-14,ibuprofeno,100.0,657.4285714285704,0.0,52.8,114
2024-07-15,ibuprofeno,74.0,583.4285714285704,0.0,48.5,95
2024-07-16,ibuprofeno,61.0,522.4285714285704,0.0,42.1,84
2024-07-17,ibuprofeno,100.0,422.4285714285704,0.0,39.8,74
2024-07-18,ibuprofeno,115.0,307.4285714285704,0.0,39.5,74
2024-07-19,ibuprofeno,86.0,221.42857142857042,0.0,39.9,70
2024-07-20,ibuprofeno,111.0,1508.642857142856,1398.2142857142856,74.3,160
2024-07-21,ibuprofeno,85.0,1423.642857142856,0.0,51.7,90
2024-07-22,ibuprofeno,108.0,1315.642857142856,0.0,41.4,76
2024-07-23,ibuprofeno,62.0,1253.642857142856,0.0,35.9,57
2024-07-24,ibuprofeno,99.0,1154.642857142856,0.0,34.2,72
2024-07-25,ibuprofeno,106.0,1048.642857142856,0.0,37.7,70
2024-07-26,ibuprofeno,87.0,961.642857142856,0.0,35.6,52
2024-07-27,ibuprofeno,112.0,849.642857142856,0.0,51.4,98
2024-07-28,ibuprofeno,141.0,708.642857142856,0.0,50.5,103
2024-07-29,ibuprofeno,100.0,608.642857142856,0.0,58.4,118
2024-07-30,ibuprofeno,89.0,519.642857142856,0.0,32.0,47
2024-07-31,ibuprofeno,95.0,424.642857142856,0.0,44.3,74
2024-08-01,ibuprofeno,65.0,359.642857142856,0.0,36.8,63
2024-08-02,ibuprofeno,94.0,265.642857142856,0.0,36.0,68
2024-08-03,ibuprofeno,119.0,1589.8571428571415,1443.2142857142856,58.0,123
2024-08-04,ibuprofeno,86.0,1503.8571428571415,0.0,44.6,122
2024-08-05,ibuprofeno,130.0,1373.8571428571415,0.0,70.8,159
2024-08-06,ibuprofeno,102.0,1271.8571428571415,0.0,27.7,82
2024-08-07,ibuprofeno,118.0,1153.8571428571415,0.0,43.8,106
2024-08-08,ibuprofeno,109.0,1044.8571428571415,0.0,46.5,89
2024-08-09,ibuprofeno,107.0,937.8571428571415,0.0,57.1,119
2024-08-10,ibuprofeno,91.0,846.8571428571415,0.0,42.2,95
2024-08-11,ibuprofeno,80.0,766.8571428571415,0.0,44.0,95
2024-08-12,ibuprofeno,89.0,677.8571428571415,0.0,53.0,97
2024-08-13,ibuprofeno,91.0,586.8571428571415,0.0,45.6,97
2024-08-14,ibuprofeno,104.0,482.8571428571415,0.0,62.1,113
2024-08-15,ibuprofeno,95.0,387.8571428571415,0.0,41.6,80
2024-08-16,ibuprofeno,78.0,1793.785714285713,1483.9285714285716,41.5,75
2024-08-17,ibuprofeno,114.0,1679.785714285713,0.0,60.0,114
2024-08-18,ibuprofeno,97.0,1582.785714285713,0.0,42.1,80
2024-08-19,ibuprofeno,83.0,1499.785714285713,0.0,44.6,100
2024-08-20,ibuprofeno,83.0,1416.785714285713,0.0,42.2,83
2024-08-21,ibuprofeno,97.0,1319.785714285713,0.0,48.1,99
2024-08-22,ibuprofeno,83.0,1236.785714285713,0.0,27.7,56
2024-08-23,ibuprofeno,94.0,1142.785714285713,0.0,35.7,66
2024-08-24,ibuprofeno,126.0,1016.7857142857131,0.0,42.1,90
2024-08-25,ibuprofeno,90.0,926.7857142857131,0.0,43.9,76
2024-08-26,ibuprofeno,64.0,862.7857142857131,0.0,45.9,92
2024-08-27,ibuprofeno,104.0,758.7857142857131,0.0,47.1,99
2024-08-28,ibuprofeno,89.0,669.7857142857131,0.0,38.4,72
2024-08-29,ibuprofeno,100.0,569.7857142857131,0.0,43.5,83
2024-08-30,ibuprofeno,92.0,477.7857142857131,0.0,35.7,56
2024-08-31,ibuprofeno,116.0,361.7857142857131,0.0,36.5,77
2024-09-01,ibuprofeno,117.0,244.78571428571308,0.0,58.8,141
2024-09-02,ibuprofeno,64.0,180.78571428571308,0.0,42.2,69
2024-09-03,ibuprofeno,95.0,1475.4285714285702,1389.642857142857,36.1,69
2024-09-04,ibuprofeno,83.0,1392.4285714285702,0.0,41.9,97
2024-09-05,ibuprofeno,80.0,1312.4285714285702,0.0,52.8,107
2024-09-06,ibuprofeno,68.0,1244.4285714285702,0.0,39.2,68
2024-09-07,ibuprofeno,133.0,1111.4285714285702,0.0,58.9,147
2024-09-08,ibuprofeno,82.0,1029.4285714285702,0.0,55.8,118
2024-09-09,ibuprofeno,84.0,945.4285714285702,0.0,59.9,124
2024-09-10,ibuprofeno,96.0,849.4285714285702,0.0,43.4,81
2024-09-11,ibuprofeno,82.0,767.4285714285702,0.0,42.4,75
2024-09-12,ibuprofeno,105.0,662.4285714285702,0.0,39.8,91
2024-09-13,ibuprofeno,100.0,562.4285714285702,0.0,45.7,88
2024-09-14,ibuprofeno,84.0,478.4285714285702,0.0,46.7,98
2024-09-15,ibuprofeno,112.0,366.4285714285702,0.0,45.6,97
2024-09-16,ibuprofeno,98.0,268.4285714285702,0.0,45.4,81
2024-09-17,ibuprofeno,88.0,180.4285714285702,0.0,45.8,75
2024-09-18,ibuprofeno,90.0,1480.0714285714273,1389.642857142857,42.1,61
2024-09-19,ibuprofeno,108.0,1372.0714285714273,0.0,46.8,80
2024-09-20,ibuprofeno,94.0,1278.0714285714273,0.0,29.6,47
2024-09-21,ibuprofeno,135.0,1143.0714285714273,0.0,47.6,93
2024-09-22,ibuprofeno,73.0,1070.0714285714273,0.0,49.2,93
2024-09-23,ibuprofeno,85.0,985.0714285714273,0.0,48.0,97
2024-09-24,ibuprofeno,94.0,891.0714285714273,0.0,38.3,69
2024-09-25,ibuprofeno,113.0,778.0714285714273,0.0,35.1,52
2024-09-26,ibuprofeno,79.0,699.0714285714273,0.0,35.4,63
2024-09-27,ibuprofeno,98.0,601.0714285714273,0.0,32.7,63
2024-09-28,ibuprofeno,105.0,496.0714285714273,0.0,43.1,89
2024-09-29,ibuprofeno,103.0,393.0714285714273,0.0,45.2,83
2024-09-30,ibuprofeno,100.0,293.0714285714273,0.0,47.9,98
2024-10-01,ibuprofeno,88.0,1682.5714285714273,1477.5,38.1,66
2024-10-02,ibuprofeno,98.0,1584.5714285714273,0.0,40.1,68
2024-10-03,ibuprofeno,123.0,1461.5714285714273,0.0,35.5,67
2024-10-04,ibuprofeno,106.0,1355.5714285714273,0.0,34.1,50
2024-10-05,ibuprofeno,120.0,1235.5714285714273,0.0,47.7,93
2024-10-06,ibuprofeno,120.0,1115.5714285714273,0.0,49.3,116
2024-10-07,ibuprofeno,102.0,1013.5714285714273,0.0,46.0,76
2024-10-08,ibuprofeno,89.0,924.5714285714273,0.0,32.2,59
2024-10-09,ibuprofeno,65.0,859.5714285714273,0.0,34.3,78
2024-10-10,ibuprofeno,80.0,779.5714285714273,0.0,38.1,82
2024-10-11,ibuprofeno,89.0,690.5714285714273,0.0,36.8,78
2024-10-12,ibuprofeno,121.0,569.5714285714273,0.0,59.3,130
2024-10-13,ibuprofeno,78.0,491.5714285714273,0.0,43.3,88
2024-10-14,ibuprofeno,157.0,334.5714285714273,0.0,44.1,91
2024-10-15,ibuprofeno,69.0,265.5714285714273,0.0,40.9,71
2024-10-16,ibuprofeno,96.0,1666.3571428571418,1496.7857142857144,41.5,76
2024-10-17,ibuprofeno,141.0,1525.3571428571418,0.0,40.4,73
2024-10-18,ibuprofeno,99.0,1426.3571428571418,0.0,35.9,59
2024-10-19,ibuprofeno,103.0,1323.3571428571418,0.0,57.0,117
2024-10-20,ibuprofeno,98.0,1225.3571428571418,0.0,24.8,56
2024-10-21,ibuprofeno,101.0,1124.3571428571418,0.0,37.7,73
2024-10-22,ibuprofeno,110.0,1014.3571428571418,0.0,31.5,76
2024-10-23,ibuprofeno,100.0,914.3571428571418,0.0,39.6,74
2024-10-24,ibuprofeno,68.0,846.3571428571418,0.0,36.7,66
2024-10-25,ibuprofeno,105.0,741.3571428571418,0.0,42.6,71
2024-10-26,ibuprofeno,116.0,625.3571428571418,0.0,49.5,89
2024-10-27,ibuprofeno,120.0,505.35714285714175,0.0,56.8,121
2024-10-28,ibuprofeno,84.0,421.35714285714175,0.0,36.4,71
2024-10-29,ibuprofeno,106.0,315.35714285714175,0.0,43.2,79
2024-10-30,ibuprofeno,121.0,194.35714285714175,0.0,29.0,50
2024-10-31,ibuprofeno,67.0,1676.6428571428562,1549.2857142857144,44.7,89
2024-11-01,ibuprofeno,123.0,1553.6428571428562,0.0,38.2,59
2024-11-02,ibuprofeno,125.0,1428.6428571428562,0.0,57.9,133
2024-11-03,ibuprofeno,107.0,1321.6428571428562,0.0,54.6,108
2024-11-04,ibuprofeno,115.0,1206.6428571428562,0.0,45.3,83
2024-11-05,ibuprofeno,106.0,1100.6428571428562,0.0,37.8,80
2024-11-06,ibuprofeno,82.0,1018.6428571428562,0.0,37.4,57
2024-11-07,ibuprofeno,112.0,906.6428571428562,0.0,41.9,73
2024-11-08,ibuprofeno,78.0,828.6428571428562,0.0,41.6,79
2024-11-09,ibuprofeno,103.0,725.6428571428562,0.0,42.4,91
2024-11-10,ibuprofeno,85.0,640.6428571428562,0.0,46.9,105
2024-11-11,ibuprofeno,68.0,572.6428571428562,0.0,42.6,89
2024-11-12,ibuprofeno,97.0,475.6428571428562,0.0,46.2,87
2024-11-13,ibuprofeno,80.0,395.6428571428562,0.0,24.1,41
2024-11-14,ibuprofeno,132.0,1830.0714285714278,1566.4285714285716,40.9,73
2024-11-15,ibuprofeno,88.0,1742.0714285714278,0.0,39.8,89
2024-11-16,ibuprofeno,116.0,1626.0714285714278,0.0,48.1,101
2024-11-17,ibuprofeno,105.0,1521.0714285714278,0.0,53.9,114
2024-11-18,ibuprofeno,90.0,1431.0714285714278,0.0,61.2,108
2024-11-19,ibuprofeno,74.0,1357.0714285714278,0.0,28.0,57
2024-11-20,ibuprofeno,101.0,1256.0714285714278,0.0,61.8,121
2024-11-21,ibuprofeno,85.0,1171.0714285714278,0.0,42.9,82
2024-11-22,ibuprofeno,98.0,1073.0714285714278,0.0,29.6,41
2024-11-23,ibuprofeno,95.0,978.0714285714278,0.0,54.0,114
2024-11-24,ibuprofeno,64.0,914.0714285714278,0.0,40.6,72
2024-11-25,ibuprofeno,113.0,801.0714285714278,0.0,34.7,62
2024-11-26,ibuprofeno,89.0,712.0714285714278,0.0,45.0,73
2024-11-27,ibuprofeno,89.0,623.0714285714278,0.0,39.1,78
2024-11-28,ibuprofeno,87.0,536.0714285714278,0.0,38.8,59
2024-11-29,ibuprofeno,108.0,428.07142857142776,0.0,29.9,54
2024-11-30,ibuprofeno,90.0,338.07142857142776,0.0,42.0,82
2024-12-01,ibuprofeno,100.0,238.07142857142776,0.0,38.7,84
2024-12-02,ibuprofeno,97.0,1566.0714285714278,1425.0,36.1,59
2024-12-03,ibuprofeno,103.0,1463.0714285714278,0.0,50.9,90
2024-12-04,ibuprofeno,103.0,1360.0714285714278,0.0,43.0,85
2024-12-05,ibuprofeno,121.0,1239.0714285714278,0.0,37.3,70
2024-12-06,ibuprofeno,130.0,1109.0714285714278,0.0,28.7,56
2024-12-07,ibuprofeno,119.0,990.0714285714278,0.0,45.2,93
2024-12-08,ibuprofeno,91.0,899.0714285714278,0.0,48.2,117
2024-12-09,ibuprofeno,142.0,757.0714285714278,0.0,42.8,94
2024-12-10,ibuprofeno,82.0,675.0714285714278,0.0,51.6,106
2024-12-11,ibuprofeno,93.0,582.0714285714278,0.0,30.1,32
2024-12-12,ibuprofeno,84.0,498.07142857142776,0.0,40.9,46
2024-12-13,ibuprofeno,86.0,412.07142857142776,0.0,39.6,81
2024-12-14,ibuprofeno,93.0,1892.9999999999993,1573.9285714285716,42.8,67
2024-12-15,ibuprofeno,86.0,1806.9999999999993,0.0,52.7,109
2024-12-16,ibuprofeno,93.0,1713.9999999999993,0.0,40.6,79
2024-12-17,ibuprofeno,70.0,1643.9999999999993,0.0,38.8,67
2024-12-18,ibuprofeno,103.0,1540.9999999999993,0.0,36.2,64
2024-12-19,ibuprofeno,87.0,1453.9999999999993,0.0,35.7,62
2024-12-20,ibuprofeno,91.0,1362.9999999999993,0.0,34.4,64
2024-12-21,ibuprofeno,118.0,1244.9999999999993,0.0,43.7,102
2024-12-22,ibuprofeno,63.0,1181.9999999999993,0.0,42.4,100
2024-12-23,ibuprofeno,126.0,1055.9999999999993,0.0,45.3,83
2024-12-24,ibuprofeno,125.0,930.9999999999993,0.0,35.2,65
2024-12-25,ibuprofeno,98.0,832.9999999999993,0.0,38.5,78
2024-12-26,ibuprofeno,119.0,713.9999999999993,0.0,32.9,55
2024-12-27,ibuprofeno,73.0,640.9999999999993,0.0,45.1,81
2024-12-28,ibuprofeno,119.0,521.9999999999993,0.0,53.9,113
2024-12-29,ibuprofeno,102.0,419.9999999999993,0.0,38.3,78
2024-12-30,ibuprofeno,97.0,322.9999999999993,0.0,51.0,93
2024-12-31,ibuprofeno,78.0,244.99999999999932,0.0,43.7,68
2025-01-01,ibuprofeno,97.0,1602.9999999999993,1455.0,50.9,101
2025-01-02,ibuprofeno,97.0,1505.9999999999993,0.0,43.7,75
2025-01-03,ibuprofeno,118.0,1387.9999999999993,0.0,45.2,76
2025-01-04,ibuprofeno,119.0,1268.9999999999993,0.0,50.7,93
2025-01-05,ibuprofeno,119.0,1149.9999999999993,0.0,49.6,96
2025-01-06,ibuprofeno,102.0,1047.9999999999993,0.0,49.6,96
2025-01-07,ibuprofeno,78.0,969.9999999999993,0.0,44.7,83
2025-01-08,ibuprofeno,95.0,874.9999999999993,0.0,36.2,77
2025-01-09,ibuprofeno,84.0,790.9999999999993,0.0,41.2,71
2025-01-10,ibuprofeno,83.0,707.9999999999993,0.0,46.3,109
2025-01-11,ibuprofeno,85.0,622.9999999999993,0.0,40.9,87
2025-01-12,ibuprofeno,92.0,530.9999999999993,0.0,41.6,65
2025-01-13,ibuprofeno,104.0,426.9999999999993,0.0,60.7,125
2025-01-14,ibuprofeno,86.0,340.9999999999993,0.0,39.8,58
2025-01-15,ibuprofeno,119.0,1709.1428571428564,1487.142857142857,29.7,49
2025-01-16,ibuprofeno,94.0,1615.1428571428564,0.0,34.9,74
2025-01-17,ibuprofeno,88.0,1527.1428571428564,0.0,31.9,55
2025-01-18,ibuprofeno,113.0,1414.1428571428564,0.0,39.9,74
2025-01-19,ibuprofeno,87.0,1327.1428571428564,0.0,33.2,55
2025-01-20,ibuprofeno,111.0,1216.1428571428564,0.0,50.0,91
2025-01-21,ibuprofeno,93.0,1123.1428571428564,0.0,34.5,64
2025-01-22,ibuprofeno,101.0,1022.1428571428564,0.0,43.3,81
2025-01-23,ibuprofeno,135.0,887.1428571428564,0.0,37.3,79
2025-01-24,ibuprofeno,115.0,772.1428571428564,0.0,34.6,55
2025-01-25,ibuprofeno,125.0,647.1428571428564,0.0,43.4,85
2025-01-26,ibuprofeno,104.0,543.1428571428564,0.0,43.8,95
2025-01-27,ibuprofeno,115.0,428.1428571428564,0.0,37.5,71
2025-01-28,ibuprofeno,73.0,355.1428571428564,0.0,40.2,78
2025-01-29,ibuprofeno,85.0,270.1428571428564,0.0,41.9,84
2025-01-30,ibuprofeno,74.0,1720.7857142857135,1524.642857142857,36.4,45
2025-01-31,ibuprofeno,87.0,1633.7857142857135,0.0,40.5,78
2025-02-01,ibuprofeno,108.0,1525.7857142857135,0.0,43.4,88
2025-02-02,ibuprofeno,113.0,1412.7857142857135,0.0,40.5,101
2025-02-03,ibuprofeno,107.0,1305.7857142857135,0.0,33.1,66
2025-02-04,ibuprofeno,106.0,1199.7857142857135,0.0,37.0,70
2025-02-05,ibuprofeno,87.0,1112.7857142857135,0.0,38.5,79
2025-02-06,ibuprofeno,108.0,1004.7857142857135,0.0,52.0,94
2025-02-07,ibuprofeno,101.0,903.7857142857135,0.0,30.8,51
2025-02-08,ibuprofeno,115.0,788.7857142857135,0.0,58.3,113
2025-02-09,ibuprofeno,115.0,673.7857142857135,0.0,47.4,96
2025-02-10,ibuprofeno,103.0,570.7857142857135,0.0,46.6,94
2025-02-11,ibuprofeno,119.0,451.78571428571354,0.0,41.6,81
2025-02-12,ibuprofeno,115.0,336.78571428571354,0.0,30.4,48
2025-02-13,ibuprofeno,78.0,258.78571428571354,0.0,36.9,47
2025-02-14,ibuprofeno,97.0,1643.571428571428,1481.7857142857144,25.0,59
2025-02-15,ibuprofeno,105.0,1538.571428571428,0.0,26.9,61
2025-02-16,ibuprofeno,101.0,1437.571428571428,0.0,36.3,71
2025-02-17,ibuprofeno,117.0,1320.571428571428,0.0,50.4,105
2025-02-18,ibuprofeno,98.0,1222.571428571428,0.0,32.1,45
2025-02-19,ibuprofeno,128.0,1094.571428571428,0.0,45.6,86
2025-02-20,ibuprofeno,63.0,1031.571428571428,0.0,35.5,67
2025-02-21,ibuprofeno,86.0,945.571428571428,0.0,43.6,74
2025-02-22,ibuprofeno,132.0,813.571428571428,0.0,47.1,84
2025-02-23,ibuprofeno,106.0,707.571428571428,0.0,56.3,120
2025-02-24,ibuprofeno,86.0,621.571428571428,0.0,46.8,84
2025-02-25,ibuprofeno,84.0,537.571428571428,0.0,28.0,38
2025-02-26,ibuprofeno,87.0,450.571428571428,0.0,26.7,44
2025-02-27,ibuprofeno,102.0,348.571428571428,0.0,39.8,67
2025-02-28,ibuprofeno,104.0,1805.6428571428564,1561.0714285714284,39.9,74
2025-03-01,ibuprofeno,104.0,1701.6428571428564,0.0,46.1,93
2025-03-02,ibuprofeno,121.0,1580.6428571428564,0.0,58.7,112
2025-03-03,ibuprofeno,111.0,1469.6428571428564,0.0,42.3,110
2025-03-04,ibuprofeno,104.0,1365.6428571428564,0.0,26.1,52
2025-03-05,ibuprofeno,96.0,1269.6428571428564,0.0,31.9,66
2025-03-06,ibuprofeno,100.0,1169.6428571428564,0.0,28.9,48
2025-03-07,ibuprofeno,95.0,1074.6428571428564,0.0,33.6,60
2025-03-08,ibuprofeno,105.0,969.6428571428564,0.0,44.7,106
2025-03-09,ibuprofeno,92.0,877.6428571428564,0.0,36.2,76
2025-03-10,ibuprofeno,93.0,784.6428571428564,0.0,50.4,115
2025-03-11,ibuprofeno,91.0,693.6428571428564,0.0,45.8,64
2025-03-12,ibuprofeno,103.0,590.6428571428564,0.0,39.7,54
2025-03-13,ibuprofeno,90.0,500.6428571428564,0.0,41.3,84
2025-03-14,ibuprofeno,110.0,390.6428571428564,0.0,38.7,76
2025-03-15,ibuprofeno,89.0,301.6428571428564,0.0,46.1,106
2025-03-16,ibuprofeno,136.0,1663.4999999999993,1497.857142857143,53.6,136
2025-03-17,ibuprofeno,106.0,1557.4999999999993,0.0,50.6,107
2025-03-18,ibuprofeno,128.0,1429.4999999999993,0.0,41.1,90
2025-03-19,ibuprofeno,97.0,1332.4999999999993,0.0,46.9,96
2025-03-20,ibuprofeno,97.0,1235.4999999999993,0.0,28.9,62
2025-03-21,ibuprofeno,67.0,1168.4999999999993,0.0,28.4,51
2025-03-22,ibuprofeno,107.0,1061.4999999999993,0.0,51.3,106
2025-03-23,ibuprofeno,141.0,920.4999999999993,0.0,46.9,91
2025-03-24,ibuprofeno,93.0,827.4999999999993,0.0,46.4,89
2025-03-25,ibuprofeno,129.0,698.4999999999993,0.0,36.3,80
2025-03-26,ibuprofeno,113.0,585.4999999999993,0.0,39.4,64
2025-03-27,ibuprofeno,66.0,519.4999999999993,0.0,43.6,95
2025-03-28,ibuprofeno,95.0,424.4999999999993,0.0,50.8,99
2025-03-29,ibuprofeno,98.0,326.4999999999993,0.0,54.8,118
2025-03-30,ibuprofeno,100.0,1785.4285714285709,1558.9285714285716,44.1,103
2025-03-31,ibuprofeno,88.0,1697.4285714285709,0.0,43.1,88
2025-04-01,ibuprofeno,100.0,1597.4285714285709,0.0,45.2,86
2025-04-02,ibuprofeno,106.0,1491.4285714285709,0.0,38.1,63
2025-04-03,ibuprofeno,87.0,1404.4285714285709,0.0,43.1,86
2025-04-04,ibuprofeno,103.0,1301.4285714285709,0.0,48.4,82
2025-04-05,ibuprofeno,105.0,1196.4285714285709,0.0,50.9,95
2025-04-06,ibuprofeno,95.0,1101.4285714285709,0.0,47.9,101
2025-04-07,ibuprofeno,91.0,1010.4285714285709,0.0,53.7,106
2025-04-08,ibuprofeno,107.0,903.4285714285709,0.0,51.4,86
2025-04-09,ibuprofeno,83.0,820.4285714285709,0.0,45.6,69
2025-04-10,ibuprofeno,107.0,713.4285714285709,0.0,29.3,59
2025-04-11,ibuprofeno,123.0,590.4285714285709,0.0,43.5,96
2025-04-12,ibuprofeno,99.0,491.4285714285709,0.0,66.1,133
2025-04-13,ibuprofeno,99.0,392.4285714285709,0.0,55.6,132
2025-04-14,ibuprofeno,104.0,288.4285714285709,0.0,40.5,92
2025-04-15,ibuprofeno,79.0,209.42857142857088,0.0,41.0,84
2025-04-16,ibuprofeno,123.0,1548.9285714285709,1462.5,48.2,94
2025-04-17,ibuprofeno,73.0,1475.9285714285709,0.0,42.9,85
2025-04-18,ibuprofeno,136.0,1339.9285714285709,0.0,54.7,125
2025-04-19,ibuprofeno,88.0,1251.9285714285709,0.0,53.6,122
2025-04-20,ibuprofeno,86.0,1165.9285714285709,0.0,52.7,120
2025-04-21,ibuprofeno,101.0,1064.9285714285709,0.0,73.8,182
2025-04-22,ibuprofeno,95.0,969.9285714285709,0.0,50.4,79
2025-04-23,ibuprofeno,79.0,890.9285714285709,0.0,43.5,82
2025-04-24,ibuprofeno,90.0,800.9285714285709,0.0,65.4,138
2025-04-25,ibuprofeno,95.0,705.9285714285709,0.0,42.8,89
2025-04-26,ibuprofeno,99.0,606.9285714285709,0.0,62.2,141
2025-04-27,ibuprofeno,105.0,501.9285714285709,0.0,48.2,107
2025-04-28,ibuprofeno,110.0,391.9285714285709,0.0,32.7,85
2025-04-29,ibuprofeno,81.0,310.9285714285709,0.0,27.3,55
2025-04-30,ibuprofeno,99.0,211.92857142857088,0.0,33.3,77
2025-05-01,ibuprofeno,94.0,117.92857142857088,0.0,42.4,108
2025-05-02,ibuprofeno,89.0,1472.1428571428564,1443.2142857142856,32.6,68
2025-05-03,ibuprofeno,101.0,1371.1428571428564,0.0,54.2,101
2025-05-04,ibuprofeno,99.0,1272.1428571428564,0.0,56.1,122
2025-05-05,ibuprofeno,112.0,1160.1428571428564,0.0,53.1,98
2025-05-06,ibuprofeno,76.0,1084.1428571428564,0.0,45.3,86
2025-05-07,ibuprofeno,102.0,982.1428571428564,0.0,43.0,75
2025-05-08,ibuprofeno,86.0,896.1428571428564,0.0,32.7,65
2025-05-09,ibuprofeno,107.0,789.1428571428564,0.0,37.7,63
2025-05-10,ibuprofeno,94.0,695.1428571428564,0.0,54.7,109
2025-05-11,ibuprofeno,106.0,589.1428571428564,0.0,47.0,102
2025-05-12,ibuprofeno,96.0,493.1428571428564,0.0,38.9,66
2025-05-13,ibuprofeno,98.0,395.1428571428564,0.0,38.3,64
2025-05-14,ibuprofeno,108.0,287.1428571428564,0.0,40.1,82
2025-05-15,ibuprofeno,75.0,212.14285714285643,0.0,46.5,107
2025-05-16,ibuprofeno,120.0,92.14285714285643,0.0,45.3,104
2025-05-17,ibuprofeno,100.0,1443.9285714285709,1451.7857142857144,53.5,113
2025-05-18,ibuprofeno,98.0,1345.9285714285709,0.0,49.5,99
2025-05-19,ibuprofeno,106.0,1239.9285714285709,0.0,30.0,56
2025-05-20,ibuprofeno,108.0,1131.9285714285709,0.0,48.3,99
2025-05-21,ibuprofeno,93.0,1038.9285714285709,0.0,52.3,104
2025-05-22,ibuprofeno,100.0,938.9285714285709,0.0,40.2,69
2025-05-23,ibuprofeno,109.0,829.9285714285709,0.0,52.7,94
2025-05-24,ibuprofeno,113.0,716.9285714285709,0.0,62.1,124
2025-05-25,ibuprofeno,125.0,591.9285714285709,0.0,44.2,99
2025-05-26,ibuprofeno,98.0,493.9285714285709,0.0,47.3,77
2025-05-27,ibuprofeno,65.0,428.9285714285709,0.0,40.5,83
2025-05-28,ibuprofeno,117.0,311.9285714285709,0.0,44.0,75
2025-05-29,ibuprofeno,79.0,1765.071428571428,1532.142857142857,50.3,104
2025-05-30,ibuprofeno,105.0,1660.071428571428,0.0,51.8,114
2025-05-31,ibuprofeno,85.0,1575.071428571428,0.0,45.9,113
2025-06-01,ibuprofeno,89.0,1486.071428571428,0.0,52.5,113
2025-06-02,ibuprofeno,95.0,1391.071428571428,0.0,45.5,109
2025-06-03,ibuprofeno,109.0,1282.071428571428,0.0,57.4,114
2025-06-04,ibuprofeno,120.0,1162.071428571428,0.0,54.0,98
2025-06-05,ibuprofeno,83.0,1079.071428571428,0.0,38.4,80
2025-06-06,ibuprofeno,116.0,963.071428571428,0.0,51.9,106
2025-06-07,ibuprofeno,96.0,867.071428571428,0.0,50.6,114
2025-06-08,ibuprofeno,101.0,766.071428571428,0.0,59.4,138
2025-06-09,ibuprofeno,131.0,635.071428571428,0.0,46.1,84
2025-06-10,ibuprofeno,91.0,544.071428571428,0.0,48.4,100
2025-06-11,ibuprofeno,73.0,471.071428571428,0.0,42.2,62
2025-06-12,ibuprofeno,83.0,388.071428571428,0.0,40.4,82
2025-06-13,ibuprofeno,98.0,1745.071428571428,1455.0,50.8,95
2025-06-14,ibuprofeno,105.0,1640.071428571428,0.0,53.9,114
2025-06-15,ibuprofeno,101.0,1539.071428571428,0.0,53.5,105
2025-06-16,ibuprofeno,102.0,1437.071428571428,0.0,42.6,88
2025-06-17,ibuprofeno,80.0,1357.071428571428,0.0,37.9,70
2025-06-18,ibuprofeno,100.0,1257.071428571428,0.0,39.7,76
2025-06-19,ibuprofeno,116.0,1141.071428571428,0.0,37.9,79
2025-06-20,ibuprofeno,118.0,1023.071428571428,0.0,43.5,78
2025-06-21,ibuprofeno,107.0,916.071428571428,0.0,60.6,127
2025-06-22,ibuprofeno,109.0,807.071428571428,0.0,44.3,81
2025-06-23,ibuprofeno,102.0,705.071428571428,0.0,53.0,95
2025-06-24,ibuprofeno,112.0,593.071428571428,0.0,35.5,46
2025-06-25,ibuprofeno,84.0,509.071428571428,0.0,35.2,66
2025-06-26,ibuprofeno,91.0,418.071428571428,0.0,37.5,64
2025-06-27,ibuprofeno,91.0,327.071428571428,0.0,40.1,83
2025-06-28,ibuprofeno,121.0,1721.071428571428,1515.0,50.4,105
2025-06-29,ibuprofeno,110.0,1611.071428571428,0.0,45.5,98
2025-06-30,ibuprofeno,102.0,1509.071428571428,0.0,53.7,96
2025-07-01,ibuprofeno,126.0,1383.071428571428,0.0,43.0,80
2025-07-02,ibuprofeno,83.0,1300.071428571428,0.0,39.3,76
2025-07-03,ibuprofeno,104.0,1196.071428571428,0.0,42.9,70
2025-07-04,ibuprofeno,103.0,1093.071428571428,0.0,35.7,88
2025-07-05,ibuprofeno,101.0,992.071428571428,0.0,43.0,107
2025-07-06,ibuprofeno,90.0,902.071428571428,0.0,51.1,98
2025-07-07,ibuprofeno,115.0,787.071428571428,0.0,54.1,115
2025-07-08,ibuprofeno,85.0,702.071428571428,0.0,42.6,80
2025-07-09,ibuprofeno,94.0,608.071428571428,0.0,32.4,69
2025-07-10,ibuprofeno,117.0,491.071428571428,0.0,36.9,67
2025-07-11,ibuprofeno,110.0,381.071428571428,0.0,45.4,68
2025-07-12,ibuprofeno,107.0,1809.4285714285709,1535.357142857143,43.8,77
2025-07-13,ibuprofeno,104.0,1705.4285714285709,0.0,54.2,114
2025-07-14,ibuprofeno,84.0,1621.4285714285709,0.0,39.8,80
2025-07-15,ibuprofeno,90.0,1531.4285714285709,0.0,38.3,75
2025-07-16,ibuprofeno,91.0,1440.4285714285709,0.0,36.2,89
2025-07-17,ibuprofeno,119.0,1321.4285714285709,0.0,36.3,62
2025-07-18,ibuprofeno,101.0,1220.4285714285709,0.0,48.8,91
2025-07-19,ibuprofeno,137.0,1083.4285714285709,0.0,51.7,127
2025-07-20,ibuprofeno,65.0,1018.4285714285709,0.0,47.7,105
2025-07-21,ibuprofeno,95.0,923.4285714285709,0.0,38.7,85
2025-07-22,ibuprofeno,101.0,822.4285714285709,0.0,38.8,83
2025-07-23,ibuprofeno,136.0,686.4285714285709,0.0,46.0,92
2025-07-24,ibuprofeno,90.0,596.4285714285709,0.0,20.7,44
2025-07-25,ibuprofeno,76.0,520.4285714285709,0.0,39.1,66
2025-07-26,ibuprofeno,107.0,413.4285714285709,0.0,59.3,122
2025-07-27,ibuprofeno,119.0,294.4285714285709,0.0,48.3,102
2025-07-28,ibuprofeno,106.0,188.42857142857088,0.0,40.8,106
2025-07-29,ibuprofeno,102.0,86.42857142857088,0.0,31.7,63
2025-07-30,ibuprofeno,123.0,1524.4999999999993,1561.0714285714284,50.0,90
2025-07-31,ibuprofeno,79.0,1445.4999999999993,0.0,31.5,83
2025-08-01,ibuprofeno,116.0,1329.4999999999993,0.0,31.1,54
2025-08-02,ibuprofeno,92.0,1237.4999999999993,0.0,49.8,117
2025-08-03,ibuprofeno,84.0,1153.4999999999993,0.0,37.8,60
2025-08-04,ibuprofeno,108.0,1045.4999999999993,0.0,41.7,88
2025-08-05,ibuprofeno,94.0,951.4999999999993,0.0,57.6,121
2025-08-06,ibuprofeno,75.0,876.4999999999993,0.0,37.6,62
2025-08-07,ibuprofeno,101.0,775.4999999999993,0.0,52.8,91
2025-08-08,ibuprofeno,83.0,692.4999999999993,0.0,39.4,76
2025-08-09,ibuprofeno,96.0,596.4999999999993,0.0,43.8,82
2025-08-10,ibuprofeno,127.0,469.4999999999993,0.0,42.3,99
2025-08-11,ibuprofeno,140.0,329.4999999999993,0.0,52.3,97
2025-08-12,ibuprofeno,102.0,227.49999999999932,0.0,44.1,96
2025-08-13,ibuprofeno,80.0,147.49999999999932,0.0,27.8,47
2025-08-14,ibuprofeno,107.0,1521.2142857142849,1480.7142857142856,49.9,104
2025-08-15,ibuprofeno,82.0,1439.2142857142849,0.0,44.4,106
2025-08-16,ibuprofeno,110.0,1329.2142857142849,0.0,52.3,108
2025-08-17,ibuprofeno,91.0,1238.2142857142849,0.0,51.8,98
2025-08-18,ibuprofeno,121.0,1117.2142857142849,0.0,55.7,117
2025-08-19,ibuprofeno,78.0,1039.2142857142849,0.0,30.3,66
2025-08-20,ibuprofeno,89.0,950.2142857142849,0.0,47.7,99
2025-08-21,ibuprofeno,93.0,857.2142857142849,0.0,52.6,103
2025-08-22,ibuprofeno,118.0,739.2142857142849,0.0,28.5,64
2025-08-23,ibuprofeno,113.0,626.2142857142849,0.0,54.8,130
2025-08-24,ibuprofeno,90.0,536.2142857142849,0.0,46.5,84
2025-08-25,ibuprofeno,84.0,452.21428571428487,0.0,52.5,108
2025-08-26,ibuprofeno,116.0,336.21428571428487,0.0,39.4,69
2025-08-27,ibuprofeno,61.0,1811.6428571428564,1536.4285714285716,42.4,61
2025-08-28,ibuprofeno,98.0,1713.6428571428564,0.0,40.0,70
2025-08-29,ibuprofeno,107.0,1606.6428571428564,0.0,49.5,95
2025-08-30,ibuprofeno,102.0,1504.6428571428564,0.0,64.0,113
2025-08-31,ibuprofeno,77.0,1427.6428571428564,0.0,43.9,89
2025-09-01,ibuprofeno,84.0,1343.6428571428564,0.0,52.4,120
2025-09-02,ibuprofeno,106.0,1237.6428571428564,0.0,40.5,72
2025-09-03,ibuprofeno,84.0,1153.6428571428564,0.0,41.2,74
2025-09-04,ibuprofeno,98.0,1055.6428571428564,0.0,36.0,70
2025-09-05,ibuprofeno,104.0,951.6428571428564,0.0,42.4,94
2025-09-06,ibuprofeno,78.0,873.6428571428564,0.0,58.5,102
2025-09-07,ibuprofeno,148.0,725.6428571428564,0.0,68.8,154
2025-09-08,ibuprofeno,105.0,620.6428571428564,0.0,47.1,104
2025-09-09,ibuprofeno,109.0,511.6428571428564,0.0,43.9,76
2025-09-10,ibuprofeno,102.0,409.6428571428564,0.0,38.4,72
2025-09-11,ibuprofeno,96.0,313.6428571428564,0.0,44.1,90
2025-09-12,ibuprofeno,119.0,1637.857142857142,1443.2142857142856,41.0,72
2025-09-13,ibuprofeno,91.0,1546.857142857142,0.0,41.7,95
2025-09-14,ibuprofeno,96.0,1450.857142857142,0.0,53.5,110
2025-09-15,ibuprofeno,103.0,1347.857142857142,0.0,44.3,66
2025-09-16,ibuprofeno,91.0,1256.857142857142,0.0,39.6,69
2025-09-17,ibuprofeno,120.0,1136.857142857142,0.0,33.8,62
2025-09-18,ibuprofeno,121.0,1015.857142857142,0.0,38.9,78
2025-09-19,ibuprofeno,102.0,913.857142857142,0.0,38.9,77
2025-09-20,ibuprofeno,137.0,776.857142857142,0.0,47.2,99
2025-09-21,ibuprofeno,125.0,651.857142857142,0.0,42.2,86
2025-09-22,ibuprofeno,112.0,539.857142857142,0.0,53.0,102
2025-09-23,ibuprofeno,72.0,467.857142857142,0.0,42.4,102
2025-09-24,ibuprofeno,114.0,353.857142857142,0.0,46.4,84
2025-09-25,ibuprofeno,90.0,263.857142857142,0.0,32.7,59
2025-09-26,ibuprofeno,97.0,166.85714285714198,0.0,45.5,87
2025-09-27,ibuprofeno,119.0,1697.857142857142,1650.0,45.5,104
2025-09-28,ibuprofeno,89.0,1608.857142857142,0.0,56.4,107
2025-09-29,ibuprofeno,100.0,1508.857142857142,0.0,39.6,60
2025-09-30,ibuprofeno,99.0,1409.857142857142,0.0,48.9,90
2025-10-01,ibuprofeno,113.0,1296.857142857142,0.0,41.8,98
2025-10-02,ibuprofeno,75.0,1221.857142857142,0.0,40.0,66
2025-10-03,ibuprofeno,109.0,1112.857142857142,0.0,49.5,98
2025-10-04,ibuprofeno,122.0,990.857142857142,0.0,60.7,153
2025-10-05,ibuprofeno,99.0,891.857142857142,0.0,49.2,102
2025-10-06,ibuprofeno,106.0,785.857142857142,0.0,42.3,78
2025-10-07,ibuprofeno,78.0,707.857142857142,0.0,40.0,69
2025-10-08,ibuprofeno,88.0,619.857142857142,0.0,52.4,109
2025-10-09,ibuprofeno,102.0,517.857142857142,0.0,38.6,68
2025-10-10,ibuprofeno,66.0,451.857142857142,0.0,35.6,46
2025-10-11,ibuprofeno,128.0,1828.1428571428564,1504.2857142857144,60.5,120
2025-10-12,ibuprofeno,116.0,1712.1428571428564,0.0,68.6,190
2025-10-13,ibuprofeno,108.0,1604.1428571428564,0.0,48.0,102
2025-10-14,ibuprofeno,100.0,1504.1428571428564,0.0,55.3,121
2025-10-15,ibuprofeno,96.0,1408.1428571428564,0.0,26.5,57
2025-10-16,ibuprofeno,114.0,1294.1428571428564,0.0,51.4,107
2025-10-17,ibuprofeno,99.0,1195.1428571428564,0.0,46.6,80
2025-10-18,ibuprofeno,107.0,1088.1428571428564,0.0,42.1,94
2025-10-19,ibuprofeno,119.0,969.1428571428564,0.0,49.9,100
2025-10-20,ibuprofeno,117.0,852.1428571428564,0.0,51.9,120
2025-10-21,ibuprofeno,118.0,734.1428571428564,0.0,36.8,74
2025-10-22,ibuprofeno,123.0,611.1428571428564,0.0,39.8,58
2025-10-23,ibuprofeno,123.0,488.1428571428564,0.0,38.0,76
2025-10-24,ibuprofeno,92.0,396.1428571428564,0.0,42.7,78
2025-10-25,ibuprofeno,116.0,280.1428571428564,0.0,49.5,124
2025-10-26,ibuprofeno,82.0,1781.7142857142849,1583.5714285714284,60.6,113
2025-10-27,ibuprofeno,104.0,1677.7142857142849,0.0,42.3,75
2025-10-28,ibuprofeno,99.0,1578.7142857142849,0.0,29.0,46
2025-10-29,ibuprofeno,114.0,1464.7142857142849,0.0,45.6,85
2025-10-30,ibuprofeno,101.0,1363.7142857142849,0.0,29.3,61
2025-10-31,ibuprofeno,128.0,1235.7142857142849,0.0,41.8,67
2025-11-01,ibuprofeno,101.0,1134.7142857142849,0.0,50.8,110
2025-11-02,ibuprofeno,161.0,973.7142857142849,0.0,61.1,138
2025-11-03,ibuprofeno,104.0,869.7142857142849,0.0,32.3,59
2025-11-04,ibuprofeno,125.0,744.7142857142849,0.0,33.7,64
2025-11-05,ibuprofeno,108.0,636.7142857142849,0.0,47.2,88
2025-11-06,ibuprofeno,97.0,539.7142857142849,0.0,40.5,74
2025-11-07,ibuprofeno,108.0,431.71428571428487,0.0,56.8,116
2025-11-08,ibuprofeno,93.0,2016.5714285714275,1677.857142857143,51.4,108
2025-11-09,ibuprofeno,123.0,1893.5714285714275,0.0,58.3,122
2025-11-10,ibuprofeno,116.0,1777.5714285714275,0.0,36.4,70
2025-11-11,ibuprofeno,103.0,1674.5714285714275,0.0,54.0,90
2025-11-12,ibuprofeno,117.0,1557.5714285714275,0.0,31.8,70
2025-11-13,ibuprofeno,117.0,1440.5714285714275,0.0,59.2,116
2025-11-14,ibuprofeno,92.0,1348.5714285714275,0.0,41.5,64
2025-11-15,ibuprofeno,78.0,1270.5714285714275,0.0,58.1,137
2025-11-16,ibuprofeno,126.0,1144.5714285714275,0.0,53.3,88
2025-11-17,ibuprofeno,120.0,1024.5714285714275,0.0,56.1,110
2025-11-18,ibuprofeno,92.0,932.5714285714275,0.0,40.2,65
2025-11-19,ibuprofeno,90.0,842.5714285714275,0.0,37.2,67
2025-11-20,ibuprofeno,119.0,723.5714285714275,0.0,48.8,103
2025-11-21,ibuprofeno,103.0,620.5714285714275,0.0,42.5,85
2025-11-22,ibuprofeno,123.0,497.57142857142753,0.0,49.8,99
2025-11-23,ibuprofeno,94.0,403.57142857142753,0.0,54.9,102
2025-11-24,ibuprofeno,94.0,309.57142857142753,0.0,37.1,65
2025-11-25,ibuprofeno,95.0,1815.285714285713,1600.7142857142856,26.7,48
2025-11-26,ibuprofeno,93.0,1722.285714285713,0.0,39.6,65
2025-11-27,ibuprofeno,128.0,1594.285714285713,0.0,35.5,52
2025-11-28,ibuprofeno,80.0,1514.285714285713,0.0,26.7,30
2025-11-29,ibuprofeno,79.0,1435.285714285713,0.0,47.7,89
2025-11-30,ibuprofeno,128.0,1307.285714285713,0.0,53.8,118
2025-12-01,ibuprofeno,92.0,1215.285714285713,0.0,44.5,99
2025-12-02,ibuprofeno,68.0,1147.285714285713,0.0,33.9,68
2025-12-03,ibuprofeno,102.0,1045.285714285713,0.0,28.7,62
2025-12-04,ibuprofeno,107.0,938.2857142857131,0.0,48.8,98
2025-12-05,ibuprofeno,85.0,853.2857142857131,0.0,47.6,98
2025-12-06,ibuprofeno,75.0,778.2857142857131,0.0,38.4,76
2025-12-07,ibuprofeno,111.0,667.2857142857131,0.0,36.8,100
2025-12-08,ibuprofeno,105.0,562.2857142857131,0.0,46.1,107
2025-12-09,ibuprofeno,97.0,465.2857142857131,0.0,41.2,66
2025-12-10,ibuprofeno,118.0,347.2857142857131,0.0,43.8,94
2025-12-11,ibuprofeno,103.0,244.28571428571308,0.0,43.4,81
2025-12-12,ibuprofeno,86.0,158.28571428571308,0.0,32.5,70
2025-12-13,ibuprofeno,118.0,40.285714285713084,0.0,47.3,80
2025-12-14,ibuprofeno,88.0,1384.785714285713,1432.5,44.2,89
2025-12-15,ibuprofeno,94.0,1290.785714285713,0.0,34.0,55
2025-12-16,ibuprofeno,69.0,1221.785714285713,0.0,41.8,54
2025-12-17,ibuprofeno,120.0,1101.785714285713,0.0,38.9,55
2025-12-18,ibuprofeno,100.0,1001.7857142857131,0.0,36.9,70
2025-12-19,ibuprofeno,108.0,893.7857142857131,0.0,37.1,74
2025-12-20,ibuprofeno,99.0,794.7857142857131,0.0,43.4,89
2025-12-21,ibuprofeno,102.0,692.7857142857131,0.0,48.9,95
2025-12-22,ibuprofeno,160.0,532.7857142857131,0.0,49.2,103
2025-12-23,ibuprofeno,107.0,425.7857142857131,0.0,29.2,49
2025-12-24,ibuprofeno,86.0,339.7857142857131,0.0,38.0,53
2025-12-25,ibuprofeno,129.0,1727.9285714285702,1517.142857142857,53.7,116
2025-12-26,ibuprofeno,95.0,1632.9285714285702,0.0,52.2,84
2025-12-27,ibuprofeno,91.0,1541.9285714285702,0.0,40.9,77
2025-12-28,ibuprofeno,128.0,1413.9285714285702,0.0,62.0,118
2025-12-29,ibuprofeno,95.0,1318.9285714285702,0.0,38.5,67
2025-12-30,ibuprofeno,122.0,1196.9285714285702,0.0,36.0,53
2025-12-31,ibuprofeno,85.0,1111.9285714285702,0.0,36.6,74
2024-01-01,soro_fisiologico,159.0,2385.0,0.0,52.7,111
2024-01-02,soro_fisiologico,151.0,2234.0,0.0,33.6,51
2024-01-03,soro_fisiologico,137.0,2097.0,0.0,34.2,61
2024-01-04,soro_fisiologico,130.0,1967.0,0.0,32.6,51
2024-01-05,soro_fisiologico,108.0,1859.0,0.0,24.7,30
2024-01-06,soro_fisiologico,167.0,1692.0,0.0,41.6,71
2024-01-07,soro_fisiologico,193.0,1499.0,0.0,51.5,99
2024-01-08,soro_fisiologico,159.0,1340.0,0.0,29.9,65
2024-01-09,soro_fisiologico,115.0,1225.0,0.0,20.0,44
2024-01-10,soro_fisiologico,151.0,1074.0,0.0,37.5,57
2024-01-11,soro_fisiologico,119.0,955.0,0.0,49.8,90
2024-01-12,soro_fisiologico,132.0,823.0,0.0,37.9,81
2024-01-13,soro_fisiologico,144.0,679.0,0.0,34.2,80
2024-01-14,soro_fisiologico,152.0,527.0,0.0,43.7,85
2024-01-15,soro_fisiologico,123.0,404.0,0.0,38.7,61
2024-01-16,soro_fisiologico,112.0,2700.0,2408.0,33.7,37
2024-01-17,soro_fisiologico,138.0,2562.0,0.0,32.8,49
2024-01-18,soro_fisiologico,140.0,2422.0,0.0,28.6,47
2024-01-19,soro_fisiologico,132.0,2290.0,0.0,26.8,48
2024-01-20,soro_fisiologico,170.0,2120.0,0.0,39.9,75
2024-01-21,soro_fisiologico,135.0,1985.0,0.0,40.7,81
2024-01-22,soro_fisiologico,114.0,1871.0,0.0,22.5,37
2024-01-23,soro_fisiologico,98.0,1773.0,0.0,38.6,48
2024-01-24,soro_fisiologico,115.0,1658.0,0.0,36.8,46
2024-01-25,soro_fisiologico,178.0,1480.0,0.0,33.2,43
2024-01-26,soro_fisiologico,117.0,1363.0,0.0,26.7,48
2024-01-27,soro_fisiologico,110.0,1253.0,0.0,47.1,86
2024-01-28,soro_fisiologico,143.0,1110.0,0.0,40.6,70
2024-01-29,soro_fisiologico,132.0,978.0,0.0,51.4,103
2024-01-30,soro_fisiologico,123.0,855.0,0.0,35.7,49
2024-01-31,soro_fisiologico,148.0,707.0,0.0,46.2,86
2024-02-01,soro_fisiologico,107.0,600.0,0.0,34.4,51
2024-02-02,soro_fisiologico,145.0,455.0,0.0,29.8,39
2024-02-03,soro_fisiologico,129.0,326.0,0.0,40.2,72
2024-02-04,soro_fisiologico,126.0,200.0,0.0,31.0,70
2024-02-05,soro_fisiologico,144.0,2141.714285714286,2085.714285714286,39.8,74
2024-02-06,soro_fisiologico,142.0,1999.7142857142858,0.0,29.2,51
2024-02-07,soro_fisiologico,163.0,1836.7142857142858,0.0,34.0,73
2024-02-08,soro_fisiologico,201.0,1635.7142857142858,0.0,42.0,62
2024-02-09,soro_fisiologico,176.0,1459.7142857142858,0.0,51.3,88
2024-02-10,soro_fisiologico,110.0,1349.7142857142858,0.0,53.0,97
2024-02-11,soro_fisiologico,194.0,1155.7142857142858,0.0,59.8,129
2024-02-12,soro_fisiologico,190.0,965.7142857142858,0.0,55.4,104
2024-02-13,soro_fisiologico,163.0,802.7142857142858,0.0,46.5,94
2024-02-14,soro_fisiologico,119.0,683.7142857142858,0.0,40.7,75
2024-02-15,soro_fisiologico,152.0,531.7142857142858,0.0,42.8,96
2024-02-16,soro_fisiologico,182.0,349.7142857142858,0.0,55.8,116
2024-02-17,soro_fisiologico,196.0,2485.1428571428573,2331.4285714285716,58.6,128
2024-02-18,soro_fisiologico,251.0,2234.1428571428573,0.0,72.4,183
2024-02-19,soro_fisiologico,225.0,2009.1428571428573,0.0,61.3,137
2024-02-20,soro_fisiologico,186.0,1823.1428571428573,0.0,55.3,120
2024-02-21,soro_fisiologico,216.0,1607.1428571428573,0.0,73.6,151
2024-02-22,soro_fisiologico,182.0,1425.1428571428573,0.0,49.7,93
2024-02-23,soro_fisiologico,227.0,1198.1428571428573,0.0,56.0,121
2024-02-24,soro_fisiologico,220.0,978.1428571428573,0.0,60.4,131
2024-02-25,soro_fisiologico,230.0,748.1428571428573,0.0,65.6,148
2024-02-26,soro_fisiologico,186.0,562.1428571428573,0.0,61.8,140
2024-02-27,soro_fisiologico,189.0,3300.0,2926.8571428571427,56.9,136
2024-02-28,soro_fisiologico,251.0,3049.0,0.0,54.6,119
2024-02-29,soro_fisiologico,226.0,2823.0,0.0,63.8,152
2024-03-01,soro_fisiologico,194.0,2629.0,0.0,50.9,121
2024-03-02,soro_fisiologico,210.0,2419.0,0.0,63.2,136
2024-03-03,soro_fisiologico,201.0,2218.0,0.0,64.2,140
2024-03-04,soro_fisiologico,217.0,2001.0,0.0,60.3,154
2024-03-05,soro_fisiologico,212.0,1789.0,0.0,58.6,130
2024-03-06,soro_fisiologico,153.0,1636.0,0.0,59.9,121
2024-03-07,soro_fisiologico,219.0,1417.0,0.0,56.7,111
2024-03-08,soro_fisiologico,192.0,1225.0,0.0,60.7,123
2024-03-09,soro_fisiologico,212.0,1013.0,0.0,83.7,200
2024-03-10,soro_fisiologico,211.0,802.0,0.0,70.4,172
2024-03-11,soro_fisiologico,224.0,578.0,0.0,58.3,140
2024-03-12,soro_fisiologico,237.0,3725.0,3384.0,54.9,114
2024-03-13,soro_fisiologico,223.0,3502.0,0.0,53.3,109
2024-03-14,soro_fisiologico,199.0,3303.0,0.0,70.9,149
2024-03-15,soro_fisiologico,202.0,3101.0,0.0,69.1,146
2024-03-16,soro_fisiologico,183.0,2918.0,0.0,61.7,139
2024-03-17,soro_fisiologico,198.0,2720.0,0.0,58.3,142
2024-03-18,soro_fisiologico,227.0,2493.0,0.0,62.4,143
2024-03-19,soro_fisiologico,188.0,2305.0,0.0,50.9,104
2024-03-20,soro_fisiologico,236.0,2069.0,0.0,57.9,129
2024-03-21,soro_fisiologico,226.0,1843.0,0.0,66.6,158
2024-03-22,soro_fisiologico,216.0,1627.0,0.0,52.1,107
2024-03-23,soro_fisiologico,236.0,1391.0,0.0,62.0,144
2024-03-24,soro_fisiologico,186.0,1205.0,0.0,57.6,133
2024-03-25,soro_fisiologico,190.0,1015.0,0.0,49.5,99
2024-03-26,soro_fisiologico,151.0,864.0,0.0,50.1,109
2024-03-27,soro_fisiologico,166.0,698.0,0.0,59.4,128
2024-03-28,soro_fisiologico,167.0,531.0,0.0,47.6,94
2024-03-29,soro_fisiologico,247.0,3664.5714285714284,3380.5714285714284,62.6,153
2024-03-30,soro_fisiologico,201.0,3463.5714285714284,0.0,66.3,156
2024-03-31,soro_fisiologico,223.0,3240.5714285714284,0.0,77.8,167
2024-04-01,soro_fisiologico,218.0,3022.5714285714284,0.0,53.0,126
2024-04-02,soro_fisiologico,164.0,2858.5714285714284,0.0,32.8,79
2024-04-03,soro_fisiologico,176.0,2682.5714285714284,0.0,53.0,134
2024-04-04,soro_fisiologico,221.0,2461.5714285714284,0.0,51.5,108
2024-04-05,soro_fisiologico,157.0,2304.5714285714284,0.0,47.7,97
2024-04-06,soro_fisiologico,209.0,2095.5714285714284,0.0,59.3,132
2024-04-07,soro_fisiologico,162.0,1933.5714285714284,0.0,48.9,87
2024-04-08,soro_fisiologico,175.0,1758.5714285714284,0.0,51.9,140
2024-04-09,soro_fisiologico,235.0,1523.5714285714284,0.0,51.6,104
2024-04-10,soro_fisiologico,225.0,1298.5714285714284,0.0,67.4,136
2024-04-11,soro_fisiologico,244.0,1054.5714285714284,0.0,56.3,135
2024-04-12,soro_fisiologico,143.0,911.5714285714284,0.0,53.0,117
2024-04-13,soro_fisiologico,174.0,737.5714285714284,0.0,62.0,147
2024-04-14,soro_fisiologico,209.0,528.5714285714284,0.0,47.8,108
2024-04-15,soro_fisiologico,159.0,3479.285714285714,3109.714285714286,47.3,100
2024-04-16,soro_fisiologico,176.0,3303.285714285714,0.0,56.7,107
2024-04-17,soro_fisiologico,144.0,3159.285714285714,0.0,45.4,70
2024-04-18,soro_fisiologico,195.0,2964.285714285714,0.0,48.6,104
2024-04-19,soro_fisiologico,149.0,2815.285714285714,0.0,58.0,105
2024-04-20,soro_fisiologico,185.0,2630.285714285714,0.0,56.8,123
2024-04-21,soro_fisiologico,274.0,2356.285714285714,0.0,86.4,188
2024-04-22,soro_fisiologico,142.0,2214.285714285714,0.0,38.8,73
2024-04-23,soro_fisiologico,136.0,2078.285714285714,0.0,37.6,67
2024-04-24,soro_fisiologico,137.0,1941.2857142857142,0.0,42.4,78
2024-04-25,soro_fisiologico,187.0,1754.2857142857142,0.0,53.3,77
2024-04-26,soro_fisiologico,141.0,1613.2857142857142,0.0,43.6,76
2024-04-27,soro_fisiologico,230.0,1383.2857142857142,0.0,52.4,119
2024-04-28,soro_fisiologico,147.0,1236.2857142857142,0.0,60.2,122
2024-04-29,soro_fisiologico,185.0,1051.2857142857142,0.0,56.9,128
2024-04-30,soro_fisiologico,139.0,912.2857142857142,0.0,35.1,67
2024-05-01,soro_fisiologico,218.0,694.2857142857142,0.0,60.6,124
2024-05-02,soro_fisiologico,187.0,507.2857142857142,0.0,45.2,90
2024-05-03,soro_fisiologico,178.0,329.2857142857142,0.0,50.4,102
2024-05-04,soro_fisiologico,197.0,2948.285714285714,2816.0,60.9,135
2024-05-05,soro_fisiologico,177.0,2771.285714285714,0.0,50.3,101
2024-05-06,soro_fisiologico,161.0,2610.285714285714,0.0,60.1,128
2024-05-07,soro_fisiologico,140.0,2470.285714285714,0.0,27.2,61
2024-05-08,soro_fisiologico,128.0,2342.285714285714,0.0,44.3,80
2024-05-09,soro_fisiologico,189.0,2153.285714285714,0.0,34.2,70
2024-05-10,soro_fisiologico,166.0,1987.2857142857142,0.0,39.3,90
2024-05-11,soro_fisiologico,181.0,1806.2857142857142,0.0,50.8,107
2024-05-12,soro_fisiologico,196.0,1610.2857142857142,0.0,56.3,121
2024-05-13,soro_fisiologico,178.0,1432.2857142857142,0.0,49.7,111
2024-05-14,soro_fisiologico,163.0,1269.2857142857142,0.0,45.3,81
2024-05-15,soro_fisiologico,181.0,1088.2857142857142,0.0,29.2,60
2024-05-16,soro_fisiologico,171.0,917.2857142857142,0.0,50.1,109
2024-05-17,soro_fisiologico,173.0,744.2857142857142,0.0,53.3,120
2024-05-18,soro_fisiologico,183.0,561.2857142857142,0.0,63.1,142
2024-05-19,soro_fisiologico,195.0,3149.142857142857,2782.8571428571427,65.8,146
2024-05-20,soro_fisiologico,211.0,2938.142857142857,0.0,44.2,99
2024-05-21,soro_fisiologico,118.0,2820.142857142857,0.0,36.8,58
2024-05-22,soro_fisiologico,197.0,2623.142857142857,0.0,39.4,73
2024-05-23,soro_fisiologico,162.0,2461.142857142857,0.0,41.4,101
2024-05-24,soro_fisiologico,176.0,2285.142857142857,0.0,31.3,73
2024-05-25,soro_fisiologico,214.0,2071.142857142857,0.0,47.8,98
2024-05-26,soro_fisiologico,123.0,1948.1428571428569,0.0,49.1,104
2024-05-27,soro_fisiologico,178.0,1770.1428571428569,0.0,43.6,87
2024-05-28,soro_fisiologico,186.0,1584.1428571428569,0.0,50.6,106
2024-05-29,soro_fisiologico,142.0,1442.1428571428569,0.0,36.2,62
2024-05-30,soro_fisiologico,127.0,1315.1428571428569,0.0,40.1,65
2024-05-31,soro_fisiologico,160.0,1155.1428571428569,0.0,31.2,63
2024-06-01,soro_fisiologico,130.0,1025.1428571428569,0.0,36.2,78
2024-06-02,soro_fisiologico,210.0,815.1428571428569,0.0,43.2,97
2024-06-03,soro_fisiologico,154.0,661.1428571428569,0.0,44.8,86
2024-06-04,soro_fisiologico,212.0,449.1428571428569,0.0,67.9,141
2024-06-05,soro_fisiologico,153.0,3116.7142857142853,2820.5714285714284,39.9,80
2024-06-06,soro_fisiologico,165.0,2951.7142857142853,0.0,34.0,87
2024-06-07,soro_fisiologico,161.0,2790.7142857142853,0.0,28.1,61
2024-06-08,soro_fisiologico,145.0,2645.7142857142853,0.0,51.9,119
2024-06-09,soro_fisiologico,187.0,2458.7142857142853,0.0,45.0,96
2024-06-10,soro_fisiologico,205.0,2253.7142857142853,0.0,41.0,83
2024-06-11,soro_fisiologico,158.0,2095.7142857142853,0.0,47.7,97
2024-06-12,soro_fisiologico,152.0,1943.7142857142853,0.0,39.6,78
2024-06-13,soro_fisiologico,160.0,1783.7142857142853,0.0,55.2,107
2024-06-14,soro_fisiologico,169.0,1614.7142857142853,0.0,41.7,88
2024-06-15,soro_fisiologico,151.0,1463.7142857142853,0.0,55.3,129
2024-06-16,soro_fisiologico,238.0,1225.7142857142853,0.0,53.3,108
2024-06-17,soro_fisiologico,141.0,1084.7142857142853,0.0,36.1,82
2024-06-18,soro_fisiologico,117.0,967.7142857142853,0.0,39.3,69
2024-06-19,soro_fisiologico,149.0,818.7142857142853,0.0,40.6,76
2024-06-20,soro_fisiologico,150.0,668.7142857142853,0.0,43.4,87
2024-06-21,soro_fisiologico,141.0,527.7142857142853,0.0,40.6,59
2024-06-22,soro_fisiologico,187.0,3062.9999999999995,2722.285714285714,50.7,113
2024-06-23,soro_fisiologico,146.0,2916.9999999999995,0.0,53.3,90
2024-06-24,soro_fisiologico,155.0,2761.9999999999995,0.0,41.0,81
2024-06-25,soro_fisiologico,186.0,2575.9999999999995,0.0,49.4,117
2024-06-26,soro_fisiologico,158.0,2417.9999999999995,0.0,38.4,70
2024-06-27,soro_fisiologico,145.0,2272.9999999999995,0.0,35.2,74
2024-06-28,soro_fisiologico,137.0,2135.9999999999995,0.0,35.8,72
2024-06-29,soro_fisiologico,159.0,1976.9999999999995,0.0,63.1,137
2024-06-30,soro_fisiologico,169.0,1807.9999999999995,0.0,54.3,110
2024-07-01,soro_fisiologico,151.0,1656.9999999999995,0.0,45.8,99
2024-07-02,soro_fisiologico,167.0,1489.9999999999995,0.0,57.4,114
2024-07-03,soro_fisiologico,187.0,1302.9999999999995,0.0,56.7,110
2024-07-04,soro_fisiologico,130.0,1172.9999999999995,0.0,49.8,87
2024-07-05,soro_fisiologico,151.0,1021.9999999999995,0.0,50.4,99
2024-07-06,soro_fisiologico,199.0,822.9999999999995,0.0,56.8,108
2024-07-07,soro_fisiologico,172.0,650.9999999999995,0.0,32.7,76
2024-07-08,soro_fisiologico,165.0,485.99999999999955,0.0,49.8,107
2024-07-09,soro_fisiologico,148.0,337.99999999999955,0.0,49.0,111
2024-07-10,soro_fisiologico,137.0,2758.7142857142853,2557.714285714286,44.9,88
2024-07-11,soro_fisiologico,134.0,2624.7142857142853,0.0,43.2,91
2024-07-12,soro_fisiologico,170.0,2454.7142857142853,0.0,47.9,100
2024-07-13,soro_fisiologico,144.0,2310.7142857142853,0.0,51.6,87
2024-07-14,soro_fisiologico,177.0,2133.7142857142853,0.0,52.8,114
2024-07-15,soro_fisiologico,209.0,1924.7142857142853,0.0,48.5,95
2024-07-16,soro_fisiologico,177.0,1747.7142857142853,0.0,42.1,84
2024-07-17,soro_fisiologico,152.0,1595.7142857142853,0.0,39.8,74
2024-07-18,soro_fisiologico,132.0,1463.7142857142853,0.0,39.5,74
2024-07-19,soro_fisiologico,121.0,1342.7142857142853,0.0,39.9,70
2024-07-20,soro_fisiologico,192.0,1150.7142857142853,0.0,74.3,160
2024-07-21,soro_fisiologico,162.0,988.7142857142853,0.0,51.7,90
2024-07-22,soro_fisiologico,133.0,855.7142857142853,0.0,41.4,76
2024-07-23,soro_fisiologico,134.0,721.7142857142853,0.0,35.9,57
2024-07-24,soro_fisiologico,160.0,561.7142857142853,0.0,34.2,72
2024-07-25,soro_fisiologico,146.0,415.7142857142853,0.0,37.7,70
2024-07-26,soro_fisiologico,140.0,275.7142857142853,0.0,35.6,52
2024-07-27,soro_fisiologico,143.0,2689.2857142857138,2556.5714285714284,51.4,98
2024-07-28,soro_fisiologico,182.0,2507.2857142857138,0.0,50.5,103
2024-07-29,soro_fisiologico,149.0,2358.2857142857138,0.0,58.4,118
2024-07-30,soro_fisiologico,145.0,2213.2857142857138,0.0,32.0,47
2024-07-31,soro_fisiologico,120.0,2093.2857142857138,0.0,44.3,74
2024-08-01,soro_fisiologico,165.0,1928.2857142857138,0.0,36.8,63
2024-08-02,soro_fisiologico,130.0,1798.2857142857138,0.0,36.0,68
2024-08-03,soro_fisiologico,127.0,1671.2857142857138,0.0,58.0,123
2024-08-04,soro_fisiologico,175.0,1496.2857142857138,0.0,44.6,122
2024-08-05,soro_fisiologico,168.0,1328.2857142857138,0.0,70.8,159
2024-08-06,soro_fisiologico,178.0,1150.2857142857138,0.0,27.7,82
2024-08-07,soro_fisiologico,159.0,991.2857142857138,0.0,43.8,106
2024-08-08,soro_fisiologico,144.0,847.2857142857138,0.0,46.5,89
2024-08-09,soro_fisiologico,181.0,666.2857142857138,0.0,57.1,119
2024-08-10,soro_fisiologico,134.0,532.2857142857138,0.0,42.2,95
2024-08-11,soro_fisiologico,188.0,344.28571428571377,0.0,44.0,95
2024-08-12,soro_fisiologico,139.0,2586.9999999999995,2381.714285714286,53.0,97
2024-08-13,soro_fisiologico,180.0,2406.9999999999995,0.0,45.6,97
2024-08-14,soro_fisiologico,157.0,2249.9999999999995,0.0,62.1,113
2024-08-15,soro_fisiologico,160.0,2089.9999999999995,0.0,41.6,80
2024-08-16,soro_fisiologico,141.0,1948.9999999999995,0.0,41.5,75
2024-08-17,soro_fisiologico,156.0,1792.9999999999995,0.0,60.0,114
2024-08-18,soro_fisiologico,139.0,1653.9999999999995,0.0,42.1,80
2024-08-19,soro_fisiologico,155.0,1498.9999999999995,0.0,44.6,100
2024-08-20,soro_fisiologico,145.0,1353.9999999999995,0.0,42.2,83
2024-08-21,soro_fisiologico,181.0,1172.9999999999995,0.0,48.1,99
2024-08-22,soro_fisiologico,155.0,1017.9999999999995,0.0,27.7,56
2024-08-23,soro_fisiologico,185.0,832.9999999999995,0.0,35.7,66
2024-08-24,soro_fisiologico,177.0,655.9999999999995,0.0,42.1,90
2024-08-25,soro_fisiologico,128.0,527.9999999999995,0.0,43.9,76
2024-08-26,soro_fisiologico,118.0,2899.142857142857,2489.1428571428573,45.9,92
2024-08-27,soro_fisiologico,186.0,2713.142857142857,0.0,47.1,99
2024-08-28,soro_fisiologico,144.0,2569.142857142857,0.0,38.4,72
2024-08-29,soro_fisiologico,120.0,2449.142857142857,0.0,43.5,83
2024-08-30,soro_fisiologico,171.0,2278.142857142857,0.0,35.7,56
2024-08-31,soro_fisiologico,143.0,2135.142857142857,0.0,36.5,77
2024-09-01,soro_fisiologico,155.0,1980.1428571428569,0.0,58.8,141
2024-09-02,soro_fisiologico,184.0,1796.1428571428569,0.0,42.2,69
2024-09-03,soro_fisiologico,148.0,1648.1428571428569,0.0,36.1,69
2024-09-04,soro_fisiologico,162.0,1486.1428571428569,0.0,41.9,97
2024-09-05,soro_fisiologico,144.0,1342.1428571428569,0.0,52.8,107
2024-09-06,soro_fisiologico,119.0,1223.1428571428569,0.0,39.2,68
2024-09-07,soro_fisiologico,167.0,1056.1428571428569,0.0,58.9,147
2024-09-08,soro_fisiologico,202.0,854.1428571428569,0.0,55.8,118
2024-09-09,soro_fisiologico,155.0,699.1428571428569,0.0,59.9,124
2024-09-10,soro_fisiologico,145.0,554.1428571428569,0.0,43.4,81
2024-09-11,soro_fisiologico,89.0,2939.428571428571,2474.285714285714,42.4,75
2024-09-12,soro_fisiologico,120.0,2819.428571428571,0.0,39.8,91
2024-09-13,soro_fisiologico,145.0,2674.428571428571,0.0,45.7,88
2024-09-14,soro_fisiologico,183.0,2491.428571428571,0.0,46.7,98
2024-09-15,soro_fisiologico,156.0,2335.428571428571,0.0,45.6,97
2024-09-16,soro_fisiologico,187.0,2148.428571428571,0.0,45.4,81
2024-09-17,soro_fisiologico,116.0,2032.428571428571,0.0,45.8,75
2024-09-18,soro_fisiologico,111.0,1921.428571428571,0.0,42.1,61
2024-09-19,soro_fisiologico,140.0,1781.428571428571,0.0,46.8,80
2024-09-20,soro_fisiologico,96.0,1685.428571428571,0.0,29.6,47
2024-09-21,soro_fisiologico,141.0,1544.428571428571,0.0,47.6,93
2024-09-22,soro_fisiologico,157.0,1387.428571428571,0.0,49.2,93
2024-09-23,soro_fisiologico,167.0,1220.428571428571,0.0,48.0,97
2024-09-24,soro_fisiologico,139.0,1081.428571428571,0.0,38.3,69
2024-09-25,soro_fisiologico,114.0,967.4285714285711,0.0,35.1,52
2024-09-26,soro_fisiologico,117.0,850.4285714285711,0.0,35.4,63
2024-09-27,soro_fisiologico,146.0,704.4285714285711,0.0,32.7,63
2024-09-28,soro_fisiologico,142.0,562.4285714285711,0.0,43.1,89
2024-09-29,soro_fisiologico,106.0,456.4285714285711,0.0,45.2,83
2024-09-30,soro_fisiologico,140.0,316.4285714285711,0.0,47.9,98
2024-10-01,soro_fisiologico,140.0,2408.428571428571,2232.0,38.1,66
2024-10-02,soro_fisiologico,140.0,2268.428571428571,0.0,40.1,68
2024-10-03,soro_fisiologico,152.0,2116.428571428571,0.0,35.5,67
2024-10-04,soro_fisiologico,158.0,1958.428571428571,0.0,34.1,50
2024-10-05,soro_fisiologico,141.0,1817.428571428571,0.0,47.7,93
2024-10-06,soro_fisiologico,223.0,1594.428571428571,0.0,49.3,116
2024-10-07,soro_fisiologico,153.0,1441.428571428571,0.0,46.0,76
2024-10-08,soro_fisiologico,141.0,1300.428571428571,0.0,32.2,59
2024-10-09,soro_fisiologico,142.0,1158.428571428571,0.0,34.3,78
2024-10-10,soro_fisiologico,179.0,979.4285714285711,0.0,38.1,82
2024-10-11,soro_fisiologico,194.0,785.4285714285711,0.0,36.8,78
2024-10-12,soro_fisiologico,200.0,585.4285714285711,0.0,59.3,130
2024-10-13,soro_fisiologico,185.0,400.4285714285711,0.0,43.3,88
2024-10-14,soro_fisiologico,183.0,217.4285714285711,0.0,44.1,91
2024-10-15,soro_fisiologico,134.0,2415.9999999999995,2332.5714285714284,40.9,71
2024-10-16,soro_fisiologico,140.0,2275.9999999999995,0.0,41.5,76
2024-10-17,soro_fisiologico,107.0,2168.9999999999995,0.0,40.4,73
2024-10-18,soro_fisiologico,143.0,2025.9999999999995,0.0,35.9,59
2024-10-19,soro_fisiologico,141.0,1884.9999999999995,0.0,57.0,117
2024-10-20,soro_fisiologico,180.0,1704.9999999999995,0.0,24.8,56
2024-10-21,soro_fisiologico,132.0,1572.9999999999995,0.0,37.7,73
2024-10-22,soro_fisiologico,130.0,1442.9999999999995,0.0,31.5,76
2024-10-23,soro_fisiologico,150.0,1292.9999999999995,0.0,39.6,74
2024-10-24,soro_fisiologico,150.0,1142.9999999999995,0.0,36.7,66
2024-10-25,soro_fisiologico,138.0,1004.9999999999995,0.0,42.6,71
2024-10-26,soro_fisiologico,165.0,839.9999999999995,0.0,49.5,89
2024-10-27,soro_fisiologico,172.0,667.9999999999995,0.0,56.8,121
2024-10-28,soro_fisiologico,154.0,513.9999999999995,0.0,36.4,71
2024-10-29,soro_fisiologico,143.0,370.99999999999955,0.0,43.2,79
2024-10-30,soro_fisiologico,128.0,2754.9999999999995,2512.0,29.0,50
2024-10-31,soro_fisiologico,161.0,2593.9999999999995,0.0,44.7,89
2024-11-01,soro_fisiologico,143.0,2450.9999999999995,0.0,38.2,59
2024-11-02,soro_fisiologico,169.0,2281.9999999999995,0.0,57.9,133
2024-11-03,soro_fisiologico,156.0,2125.9999999999995,0.0,54.6,108
2024-11-04,soro_fisiologico,140.0,1985.9999999999995,0.0,45.3,83
2024-11-05,soro_fisiologico,122.0,1863.9999999999995,0.0,37.8,80
2024-11-06,soro_fisiologico,135.0,1728.9999999999995,0.0,37.4,57
2024-11-07,soro_fisiologico,149.0,1579.9999999999995,0.0,41.9,73
2024-11-08,soro_fisiologico,158.0,1421.9999999999995,0.0,41.6,79
2024-11-09,soro_fisiologico,137.0,1284.9999999999995,0.0,42.4,91
2024-11-10,soro_fisiologico,171.0,1113.9999999999995,0.0,46.9,105
2024-11-11,soro_fisiologico,151.0,962.9999999999995,0.0,42.6,89
2024-11-12,soro_fisiologico,169.0,793.9999999999995,0.0,46.2,87
2024-11-13,soro_fisiologico,127.0,666.9999999999995,0.0,24.1,41
2024-11-14,soro_fisiologico,136.0,530.9999999999995,0.0,40.9,73
2024-11-15,soro_fisiologico,169.0,361.99999999999955,0.0,39.8,89
2024-11-16,soro_fisiologico,148.0,2576.2857142857138,2362.285714285714,48.1,101
2024-11-17,soro_fisiologico,184.0,2392.2857142857138,0.0,53.9,114
2024-11-18,soro_fisiologico,142.0,2250.2857142857138,0.0,61.2,108
2024-11-19,soro_fisiologico,115.0,2135.2857142857138,0.0,28.0,57
2024-11-20,soro_fisiologico,154.0,1981.2857142857138,0.0,61.8,121
2024-11-21,soro_fisiologico,143.0,1838.2857142857138,0.0,42.9,82
2024-11-22,soro_fisiologico,109.0,1729.2857142857138,0.0,29.6,41
2024-11-23,soro_fisiologico,194.0,1535.2857142857138,0.0,54.0,114
2024-11-24,soro_fisiologico,166.0,1369.2857142857138,0.0,40.6,72
2024-11-25,soro_fisiologico,142.0,1227.2857142857138,0.0,34.7,62
2024-11-26,soro_fisiologico,161.0,1066.2857142857138,0.0,45.0,73
2024-11-27,soro_fisiologico,192.0,874.2857142857138,0.0,39.1,78
2024-11-28,soro_fisiologico,120.0,754.2857142857138,0.0,38.8,59
2024-11-29,soro_fisiologico,128.0,626.2857142857138,0.0,29.9,54
2024-11-30,soro_fisiologico,194.0,432.28571428571377,0.0,42.0,82
2024-12-01,soro_fisiologico,187.0,245.28571428571377,0.0,38.7,84
2024-12-02,soro_fisiologico,138.0,2504.9999999999995,2397.714285714286,36.1,59
2024-12-03,soro_fisiologico,169.0,2335.9999999999995,0.0,50.9,90
2024-12-04,soro_fisiologico,179.0,2156.9999999999995,0.0,43.0,85
2024-12-05,soro_fisiologico,129.0,2027.9999999999995,0.0,37.3,70
2024-12-06,soro_fisiologico,139.0,1888.9999999999995,0.0,28.7,56
2024-12-07,soro_fisiologico,123.0,1765.9999999999995,0.0,45.2,93
2024-12-08,soro_fisiologico,200.0,1565.9999999999995,0.0,48.2,117
2024-12-09,soro_fisiologico,135.0,1430.9999999999995,0.0,42.8,94
2024-12-10,soro_fisiologico,117.0,1313.9999999999995,0.0,51.6,106
2024-12-11,soro_fisiologico,143.0,1170.9999999999995,0.0,30.1,32
2024-12-12,soro_fisiologico,102.0,1068.9999999999995,0.0,40.9,46
2024-12-13,soro_fisiologico,144.0,924.9999999999995,0.0,39.6,81
2024-12-14,soro_fisiologico,126.0,798.9999999999995,0.0,42.8,67
2024-12-15,soro_fisiologico,167.0,631.9999999999995,0.0,52.7,109
2024-12-16,soro_fisiologico,174.0,457.99999999999955,0.0,40.6,79
2024-12-17,soro_fisiologico,168.0,2747.142857142857,2457.1428571428573,38.8,67
2024-12-18,soro_fisiologico,181.0,2566.142857142857,0.0,36.2,64
2024-12-19,soro_fisiologico,128.0,2438.142857142857,0.0,35.7,62
2024-12-20,soro_fisiologico,155.0,2283.142857142857,0.0,34.4,64
2024-12-21,soro_fisiologico,157.0,2126.142857142857,0.0,43.7,102
2024-12-22,soro_fisiologico,209.0,1917.1428571428569,0.0,42.4,100
2024-12-23,soro_fisiologico,182.0,1735.1428571428569,0.0,45.3,83
2024-12-24,soro_fisiologico,142.0,1593.1428571428569,0.0,35.2,65
2024-12-25,soro_fisiologico,171.0,1422.1428571428569,0.0,38.5,78
2024-12-26,soro_fisiologico,117.0,1305.1428571428569,0.0,32.9,55
2024-12-27,soro_fisiologico,187.0,1118.1428571428569,0.0,45.1,81
2024-12-28,soro_fisiologico,187.0,931.1428571428569,0.0,53.9,113
2024-12-29,soro_fisiologico,152.0,779.1428571428569,0.0,38.3,78
2024-12-30,soro_fisiologico,194.0,585.1428571428569,0.0,51.0,93
2024-12-31,soro_fisiologico,129.0,456.1428571428569,0.0,43.7,68
2025-01-01,soro_fisiologico,185.0,2809.428571428571,2538.285714285714,50.9,101
2025-01-02,soro_fisiologico,139.0,2670.428571428571,0.0,43.7,75
2025-01-03,soro_fisiologico,152.0,2518.428571428571,0.0,45.2,76
2025-01-04,soro_fisiologico,143.0,2375.428571428571,0.0,50.7,93
2025-01-05,soro_fisiologico,167.0,2208.428571428571,0.0,49.6,96
2025-01-06,soro_fisiologico,154.0,2054.428571428571,0.0,49.6,96
2025-01-07,soro_fisiologico,148.0,1906.428571428571,0.0,44.7,83
2025-01-08,soro_fisiologico,92.0,1814.428571428571,0.0,36.2,77
2025-01-09,soro_fisiologico,170.0,1644.428571428571,0.0,41.2,71
2025-01-10,soro_fisiologico,194.0,1450.428571428571,0.0,46.3,109
2025-01-11,soro_fisiologico,152.0,1298.428571428571,0.0,40.9,87
2025-01-12,soro_fisiologico,122.0,1176.428571428571,0.0,41.6,65
2025-01-13,soro_fisiologico,194.0,982.4285714285711,0.0,60.7,125
2025-01-14,soro_fisiologico,153.0,829.4285714285711,0.0,39.8,58
2025-01-15,soro_fisiologico,152.0,677.4285714285711,0.0,29.7,49
2025-01-16,soro_fisiologico,150.0,527.4285714285711,0.0,34.9,74
2025-01-17,soro_fisiologico,160.0,367.4285714285711,0.0,31.9,55
2025-01-18,soro_fisiologico,195.0,172.4285714285711,0.0,39.9,74
2025-01-19,soro_fisiologico,156.0,2497.5714285714284,2481.1428571428573,33.2,55
2025-01-20,soro_fisiologico,159.0,2338.5714285714284,0.0,50.0,91
2025-01-21,soro_fisiologico,145.0,2193.5714285714284,0.0,34.5,64
2025-01-22,soro_fisiologico,161.0,2032.5714285714284,0.0,43.3,81
2025-01-23,soro_fisiologico,138.0,1894.5714285714284,0.0,37.3,79
2025-01-24,soro_fisiologico,148.0,1746.5714285714284,0.0,34.6,55
2025-01-25,soro_fisiologico,124.0,1622.5714285714284,0.0,43.4,85
2025-01-26,soro_fisiologico,173.0,1449.5714285714284,0.0,43.8,95
2025-01-27,soro_fisiologico,118.0,1331.5714285714284,0.0,37.5,71
2025-01-28,soro_fisiologico,150.0,1181.5714285714284,0.0,40.2,78
2025-01-29,soro_fisiologico,141.0,1040.5714285714284,0.0,41.9,84
2025-01-30,soro_fisiologico,122.0,918.5714285714284,0.0,36.4,45
2025-01-31,soro_fisiologico,137.0,781.5714285714284,0.0,40.5,78
2025-02-01,soro_fisiologico,133.0,648.5714285714284,0.0,43.4,88
2025-02-02,soro_fisiologico,163.0,2922.142857142857,2436.5714285714284,40.5,101
2025-02-03,soro_fisiologico,139.0,2783.142857142857,0.0,33.1,66
2025-02-04,soro_fisiologico,128.0,2655.142857142857,0.0,37.0,70
2025-02-05,soro_fisiologico,152.0,2503.142857142857,0.0,38.5,79
2025-02-06,soro_fisiologico,133.0,2370.142857142857,0.0,52.0,94
2025-02-07,soro_fisiologico,130.0,2240.142857142857,0.0,30.8,51
2025-02-08,soro_fisiologico,163.0,2077.142857142857,0.0,58.3,113
2025-02-09,soro_fisiologico,156.0,1921.1428571428569,0.0,47.4,96
2025-02-10,soro_fisiologico,184.0,1737.1428571428569,0.0,46.6,94
2025-02-11,soro_fisiologico,162.0,1575.1428571428569,0.0,41.6,81
2025-02-12,soro_fisiologico,161.0,1414.1428571428569,0.0,30.4,48
2025-02-13,soro_fisiologico,191.0,1223.1428571428569,0.0,36.9,47
2025-02-14,soro_fisiologico,111.0,1112.1428571428569,0.0,25.0,59
2025-02-15,soro_fisiologico,156.0,956.1428571428569,0.0,26.9,61
2025-02-16,soro_fisiologico,152.0,804.1428571428569,0.0,36.3,71
2025-02-17,soro_fisiologico,197.0,607.1428571428569,0.0,50.4,105
2025-02-18,soro_fisiologico,122.0,485.1428571428569,0.0,32.1,45
2025-02-19,soro_fisiologico,139.0,2782.7142857142853,2436.5714285714284,45.6,86
2025-02-20,soro_fisiologico,159.0,2623.7142857142853,0.0,35.5,67
2025-02-21,soro_fisiologico,173.0,2450.7142857142853,0.0,43.6,74
2025-02-22,soro_fisiologico,137.0,2313.7142857142853,0.0,47.1,84
2025-02-23,soro_fisiologico,157.0,2156.7142857142853,0.0,56.3,120
2025-02-24,soro_fisiologico,144.0,2012.7142857142853,0.0,46.8,84
2025-02-25,soro_fisiologico,112.0,1900.7142857142853,0.0,28.0,38
2025-02-26,soro_fisiologico,130.0,1770.7142857142853,0.0,26.7,44
2025-02-27,soro_fisiologico,194.0,1576.7142857142853,0.0,39.8,67
2025-02-28,soro_fisiologico,144.0,1432.7142857142853,0.0,39.9,74
2025-03-01,soro_fisiologico,165.0,1267.7142857142853,0.0,46.1,93
2025-03-02,soro_fisiologico,158.0,1109.7142857142853,0.0,58.7,112
2025-03-03,soro_fisiologico,161.0,948.7142857142853,0.0,42.3,110
2025-03-04,soro_fisiologico,124.0,824.7142857142853,0.0,26.1,52
2025-03-05,soro_fisiologico,155.0,669.7142857142853,0.0,31.9,66
2025-03-06,soro_fisiologico,212.0,457.7142857142853,0.0,28.9,48
2025-03-07,soro_fisiologico,137.0,320.7142857142853,0.0,33.6,60
2025-03-08,soro_fisiologico,202.0,2547.2857142857138,2428.5714285714284,44.7,106
2025-03-09,soro_fisiologico,140.0,2407.2857142857138,0.0,36.2,76
2025-03-10,soro_fisiologico,176.0,2231.2857142857138,0.0,50.4,115
2025-03-11,soro_fisiologico,138.0,2093.2857142857138,0.0,45.8,64
2025-03-12,soro_fisiologico,162.0,1931.2857142857138,0.0,39.7,54
2025-03-13,soro_fisiologico,155.0,1776.2857142857138,0.0,41.3,84
2025-03-14,soro_fisiologico,186.0,1590.2857142857138,0.0,38.7,76
2025-03-15,soro_fisiologico,159.0,1431.2857142857138,0.0,46.1,106
2025-03-16,soro_fisiologico,176.0,1255.2857142857138,0.0,53.6,136
2025-03-17,soro_fisiologico,120.0,1135.2857142857138,0.0,50.6,107
2025-03-18,soro_fisiologico,172.0,963.2857142857138,0.0,41.1,90
2025-03-19,soro_fisiologico,135.0,828.2857142857138,0.0,46.9,96
2025-03-20,soro_fisiologico,135.0,693.2857142857138,0.0,28.9,62
2025-03-21,soro_fisiologico,114.0,579.2857142857138,0.0,28.4,51
2025-03-22,soro_fisiologico,156.0,423.28571428571377,0.0,51.3,106
2025-03-23,soro_fisiologico,167.0,2844.857142857142,2588.5714285714284,46.9,91
2025-03-24,soro_fisiologico,141.0,2703.857142857142,0.0,46.4,89
2025-03-25,soro_fisiologico,147.0,2556.857142857142,0.0,36.3,80
2025-03-26,soro_fisiologico,173.0,2383.857142857142,0.0,39.4,64
2025-03-27,soro_fisiologico,161.0,2222.857142857142,0.0,43.6,95
2025-03-28,soro_fisiologico,171.0,2051.857142857142,0.0,50.8,99
2025-03-29,soro_fisiologico,176.0,1875.8571428571422,0.0,54.8,118
2025-03-30,soro_fisiologico,161.0,1714.8571428571422,0.0,44.1,103
2025-03-31,soro_fisiologico,171.0,1543.8571428571422,0.0,43.1,88
2025-04-01,soro_fisiologico,128.0,1415.8571428571422,0.0,45.2,86
2025-04-02,soro_fisiologico,135.0,1280.8571428571422,0.0,38.1,63
2025-04-03,soro_fisiologico,130.0,1150.8571428571422,0.0,43.1,86
2025-04-04,soro_fisiologico,160.0,990.8571428571422,0.0,48.4,82
2025-04-05,soro_fisiologico,177.0,813.8571428571422,0.0,50.9,95
2025-04-06,soro_fisiologico,185.0,628.8571428571422,0.0,47.9,101
2025-04-07,soro_fisiologico,194.0,434.8571428571422,0.0,53.7,106
2025-04-08,soro_fisiologico,171.0,2704.9999999999995,2441.1428571428573,51.4,86
2025-04-09,soro_fisiologico,149.0,2555.9999999999995,0.0,45.6,69
2025-04-10,soro_fisiologico,172.0,2383.9999999999995,0.0,29.3,59
2025-04-11,soro_fisiologico,171.0,2212.9999999999995,0.0,43.5,96
2025-04-12,soro_fisiologico,168.0,2044.9999999999995,0.0,66.1,133
2025-04-13,soro_fisiologico,188.0,1856.9999999999995,0.0,55.6,132
2025-04-14,soro_fisiologico,162.0,1694.9999999999995,0.0,40.5,92
2025-04-15,soro_fisiologico,192.0,1502.9999999999995,0.0,41.0,84
2025-04-16,soro_fisiologico,124.0,1378.9999999999995,0.0,48.2,94
2025-04-17,soro_fisiologico,152.0,1226.9999999999995,0.0,42.9,85
2025-04-18,soro_fisiologico,125.0,1101.9999999999995,0.0,54.7,125
2025-04-19,soro_fisiologico,166.0,935.9999999999995,0.0,53.6,122
2025-04-20,soro_fisiologico,161.0,774.9999999999995,0.0,52.7,120
2025-04-21,soro_fisiologico,220.0,554.9999999999995,0.0,73.8,182
2025-04-22,soro_fisiologico,159.0,395.99999999999955,0.0,50.4,79
2025-04-23,soro_fisiologico,172.0,2914.2857142857138,2690.285714285714,43.5,82
2025-04-24,soro_fisiologico,144.0,2770.2857142857138,0.0,65.4,138
2025-04-25,soro_fisiologico,168.0,2602.2857142857138,0.0,42.8,89
2025-04-26,soro_fisiologico,186.0,2416.2857142857138,0.0,62.2,141
2025-04-27,soro_fisiologico,196.0,2220.2857142857138,0.0,48.2,107
2025-04-28,soro_fisiologico,132.0,2088.2857142857138,0.0,32.7,85
2025-04-29,soro_fisiologico,120.0,1968.2857142857138,0.0,27.3,55
2025-04-30,soro_fisiologico,146.0,1822.2857142857138,0.0,33.3,77
2025-05-01,soro_fisiologico,183.0,1639.2857142857138,0.0,42.4,108
2025-05-02,soro_fisiologico,134.0,1505.2857142857138,0.0,32.6,68
2025-05-03,soro_fisiologico,151.0,1354.2857142857138,0.0,54.2,101
2025-05-04,soro_fisiologico,195.0,1159.2857142857138,0.0,56.1,122
2025-05-05,soro_fisiologico,132.0,1027.2857142857138,0.0,53.1,98
2025-05-06,soro_fisiologico,144.0,883.2857142857138,0.0,45.3,86
2025-05-07,soro_fisiologico,194.0,689.2857142857138,0.0,43.0,75
2025-05-08,soro_fisiologico,152.0,537.2857142857138,0.0,32.7,65
2025-05-09,soro_fisiologico,114.0,423.28571428571377,0.0,37.7,63
2025-05-10,soro_fisiologico,160.0,2859.857142857142,2596.5714285714284,54.7,109
2025-05-11,soro_fisiologico,196.0,2663.857142857142,0.0,47.0,102
2025-05-12,soro_fisiologico,116.0,2547.857142857142,0.0,38.9,66
2025-05-13,soro_fisiologico,139.0,2408.857142857142,0.0,38.3,64
2025-05-14,soro_fisiologico,155.0,2253.857142857142,0.0,40.1,82
2025-05-15,soro_fisiologico,97.0,2156.857142857142,0.0,46.5,107
2025-05-16,soro_fisiologico,152.0,2004.8571428571422,0.0,45.3,104
2025-05-17,soro_fisiologico,164.0,1840.8571428571422,0.0,53.5,113
2025-05-18,soro_fisiologico,173.0,1667.8571428571422,0.0,49.5,99
2025-05-19,soro_fisiologico,217.0,1450.8571428571422,0.0,30.0,56
2025-05-20,soro_fisiologico,175.0,1275.8571428571422,0.0,48.3,99
2025-05-21,soro_fisiologico,116.0,1159.8571428571422,0.0,52.3,104
2025-05-22,soro_fisiologico,131.0,1028.8571428571422,0.0,40.2,69
2025-05-23,soro_fisiologico,160.0,868.8571428571422,0.0,52.7,94
2025-05-24,soro_fisiologico,163.0,705.8571428571422,0.0,62.1,124
2025-05-25,soro_fisiologico,167.0,538.8571428571422,0.0,44.2,99
2025-05-26,soro_fisiologico,173.0,365.8571428571422,0.0,47.3,77
2025-05-27,soro_fisiologico,137.0,2747.714285714285,2518.8571428571427,40.5,83
2025-05-28,soro_fisiologico,132.0,2615.714285714285,0.0,44.0,75
2025-05-29,soro_fisiologico,176.0,2439.714285714285,0.0,50.3,104
2025-05-30,soro_fisiologico,202.0,2237.714285714285,0.0,51.8,114
2025-05-31,soro_fisiologico,140.0,2097.714285714285,0.0,45.9,113
2025-06-01,soro_fisiologico,192.0,1905.7142857142849,0.0,52.5,113
2025-06-02,soro_fisiologico,153.0,1752.7142857142849,0.0,45.5,109
2025-06-03,soro_fisiologico,160.0,1592.7142857142849,0.0,57.4,114
2025-06-04,soro_fisiologico,133.0,1459.7142857142849,0.0,54.0,98
2025-06-05,soro_fisiologico,138.0,1321.7142857142849,0.0,38.4,80
2025-06-06,soro_fisiologico,156.0,1165.7142857142849,0.0,51.9,106
2025-06-07,soro_fisiologico,153.0,1012.7142857142849,0.0,50.6,114
2025-06-08,soro_fisiologico,172.0,840.7142857142849,0.0,59.4,138
2025-06-09,soro_fisiologico,142.0,698.7142857142849,0.0,46.1,84
2025-06-10,soro_fisiologico,173.0,525.7142857142849,0.0,48.4,100
2025-06-11,soro_fisiologico,131.0,2938.714285714285,2544.0,42.2,62
2025-06-12,soro_fisiologico,126.0,2812.714285714285,0.0,40.4,82
2025-06-13,soro_fisiologico,161.0,2651.714285714285,0.0,50.8,95
2025-06-14,soro_fisiologico,172.0,2479.714285714285,0.0,53.9,114
2025-06-15,soro_fisiologico,137.0,2342.714285714285,0.0,53.5,105
2025-06-16,soro_fisiologico,154.0,2188.714285714285,0.0,42.6,88
2025-06-17,soro_fisiologico,159.0,2029.7142857142849,0.0,37.9,70
2025-06-18,soro_fisiologico,141.0,1888.7142857142849,0.0,39.7,76
2025-06-19,soro_fisiologico,134.0,1754.7142857142849,0.0,37.9,79
2025-06-20,soro_fisiologico,139.0,1615.7142857142849,0.0,43.5,78
2025-06-21,soro_fisiologico,192.0,1423.7142857142849,0.0,60.6,127
2025-06-22,soro_fisiologico,143.0,1280.7142857142849,0.0,44.3,81
2025-06-23,soro_fisiologico,170.0,1110.7142857142849,0.0,53.0,95
2025-06-24,soro_fisiologico,119.0,991.7142857142849,0.0,35.5,46
2025-06-25,soro_fisiologico,97.0,894.7142857142849,0.0,35.2,66
2025-06-26,soro_fisiologico,148.0,746.7142857142849,0.0,37.5,64
2025-06-27,soro_fisiologico,164.0,582.7142857142849,0.0,40.1,83
2025-06-28,soro_fisiologico,140.0,442.71428571428487,0.0,50.4,105
2025-06-29,soro_fisiologico,185.0,257.71428571428487,0.0,45.5,98
2025-06-30,soro_fisiologico,118.0,2544.2857142857133,2404.5714285714284,53.7,96
2025-07-01,soro_fisiologico,139.0,2405.2857142857133,0.0,43.0,80
2025-07-02,soro_fisiologico,107.0,2298.2857142857133,0.0,39.3,76
2025-07-03,soro_fisiologico,144.0,2154.2857142857133,0.0,42.9,70
2025-07-04,soro_fisiologico,178.0,1976.2857142857133,0.0,35.7,88
2025-07-05,soro_fisiologico,181.0,1795.2857142857133,0.0,43.0,107
2025-07-06,soro_fisiologico,121.0,1674.2857142857133,0.0,51.1,98
2025-07-07,soro_fisiologico,158.0,1516.2857142857133,0.0,54.1,115
2025-07-08,soro_fisiologico,182.0,1334.2857142857133,0.0,42.6,80
2025-07-09,soro_fisiologico,103.0,1231.2857142857133,0.0,32.4,69
2025-07-10,soro_fisiologico,105.0,1126.2857142857133,0.0,36.9,67
2025-07-11,soro_fisiologico,129.0,997.2857142857133,0.0,45.4,68
2025-07-12,soro_fisiologico,115.0,882.2857142857133,0.0,43.8,77
2025-07-13,soro_fisiologico,143.0,739.2857142857133,0.0,54.2,114
2025-07-14,soro_fisiologico,133.0,606.2857142857133,0.0,39.8,80
2025-07-15,soro_fisiologico,172.0,2797.714285714285,2363.4285714285716,38.3,75
2025-07-16,soro_fisiologico,177.0,2620.714285714285,0.0,36.2,89
2025-07-17,soro_fisiologico,104.0,2516.714285714285,0.0,36.3,62
2025-07-18,soro_fisiologico,134.0,2382.714285714285,0.0,48.8,91
2025-07-19,soro_fisiologico,172.0,2210.714285714285,0.0,51.7,127
2025-07-20,soro_fisiologico,150.0,2060.714285714285,0.0,47.7,105
2025-07-21,soro_fisiologico,186.0,1874.7142857142849,0.0,38.7,85
2025-07-22,soro_fisiologico,141.0,1733.7142857142849,0.0,38.8,83
2025-07-23,soro_fisiologico,132.0,1601.7142857142849,0.0,46.0,92
2025-07-24,soro_fisiologico,128.0,1473.7142857142849,0.0,20.7,44
2025-07-25,soro_fisiologico,137.0,1336.7142857142849,0.0,39.1,66
2025-07-26,soro_fisiologico,201.0,1135.7142857142849,0.0,59.3,122
2025-07-27,soro_fisiologico,176.0,959.7142857142849,0.0,48.3,102
2025-07-28,soro_fisiologico,126.0,833.7142857142849,0.0,40.8,106
2025-07-29,soro_fisiologico,130.0,703.7142857142849,0.0,31.7,63
2025-07-30,soro_fisiologico,146.0,557.7142857142849,0.0,50.0,90
2025-07-31,soro_fisiologico,150.0,407.71428571428487,0.0,31.5,83
2025-08-01,soro_fisiologico,116.0,291.71428571428487,0.0,31.1,54
2025-08-02,soro_fisiologico,184.0,2519.1428571428564,2411.4285714285716,49.8,117
2025-08-03,soro_fisiologico,131.0,2388.1428571428564,0.0,37.8,60
2025-08-04,soro_fisiologico,151.0,2237.1428571428564,0.0,41.7,88
2025-08-05,soro_fisiologico,184.0,2053.1428571428564,0.0,57.6,121
2025-08-06,soro_fisiologico,137.0,1916.1428571428564,0.0,37.6,62
2025-08-07,soro_fisiologico,178.0,1738.1428571428564,0.0,52.8,91
2025-08-08,soro_fisiologico,120.0,1618.1428571428564,0.0,39.4,76
2025-08-09,soro_fisiologico,128.0,1490.1428571428564,0.0,43.8,82
2025-08-10,soro_fisiologico,164.0,1326.1428571428564,0.0,42.3,99
2025-08-11,soro_fisiologico,168.0,1158.1428571428564,0.0,52.3,97
2025-08-12,soro_fisiologico,160.0,998.1428571428564,0.0,44.1,96
2025-08-13,soro_fisiologico,133.0,865.1428571428564,0.0,27.8,47
2025-08-14,soro_fisiologico,162.0,703.1428571428564,0.0,49.9,104
2025-08-15,soro_fisiologico,148.0,555.1428571428564,0.0,44.4,106
2025-08-16,soro_fisiologico,134.0,421.1428571428564,0.0,52.3,108
2025-08-17,soro_fisiologico,142.0,279.1428571428564,0.0,51.8,98
2025-08-18,soro_fisiologico,169.0,110.14285714285643,0.0,55.7,117
2025-08-19,soro_fisiologico,141.0,2354.2857142857138,2385.1428571428573,30.3,66
2025-08-20,soro_fisiologico,142.0,2212.2857142857138,0.0,47.7,99
2025-08-21,soro_fisiologico,145.0,2067.2857142857138,0.0,52.6,103
2025-08-22,soro_fisiologico,144.0,1923.2857142857138,0.0,28.5,64
2025-08-23,soro_fisiologico,202.0,1721.2857142857138,0.0,54.8,130
2025-08-24,soro_fisiologico,164.0,1557.2857142857138,0.0,46.5,84
2025-08-25,soro_fisiologico,163.0,1394.2857142857138,0.0,52.5,108
2025-08-26,soro_fisiologico,175.0,1219.2857142857138,0.0,39.4,69
2025-08-27,soro_fisiologico,169.0,1050.2857142857138,0.0,42.4,61
2025-08-28,soro_fisiologico,151.0,899.2857142857138,0.0,40.0,70
2025-08-29,soro_fisiologico,158.0,741.2857142857138,0.0,49.5,95
2025-08-30,soro_fisiologico,156.0,585.2857142857138,0.0,64.0,113
2025-08-31,soro_fisiologico,175.0,410.28571428571377,0.0,43.9,89
2025-09-01,soro_fisiologico,182.0,2701.428571428571,2473.1428571428573,52.4,120
2025-09-02,soro_fisiologico,154.0,2547.428571428571,0.0,40.5,72
2025-09-03,soro_fisiologico,148.0,2399.428571428571,0.0,41.2,74
2025-09-04,soro_fisiologico,144.0,2255.428571428571,0.0,36.0,70
2025-09-05,soro_fisiologico,143.0,2112.428571428571,0.0,42.4,94
2025-09-06,soro_fisiologico,181.0,1931.428571428571,0.0,58.5,102
2025-09-07,soro_fisiologico,250.0,1681.428571428571,0.0,68.8,154
2025-09-08,soro_fisiologico,154.0,1527.428571428571,0.0,47.1,104
2025-09-09,soro_fisiologico,112.0,1415.428571428571,0.0,43.9,76
2025-09-10,soro_fisiologico,153.0,1262.428571428571,0.0,38.4,72
2025-09-11,soro_fisiologico,134.0,1128.428571428571,0.0,44.1,90
2025-09-12,soro_fisiologico,132.0,996.4285714285711,0.0,41.0,72
2025-09-13,soro_fisiologico,190.0,806.4285714285711,0.0,41.7,95
2025-09-14,soro_fisiologico,165.0,641.4285714285711,0.0,53.5,110
2025-09-15,soro_fisiologico,141.0,500.4285714285711,0.0,44.3,66
2025-09-16,soro_fisiologico,125.0,2977.7142857142853,2602.285714285714,39.6,69
2025-09-17,soro_fisiologico,160.0,2817.7142857142853,0.0,33.8,62
2025-09-18,soro_fisiologico,165.0,2652.7142857142853,0.0,38.9,78
2025-09-19,soro_fisiologico,141.0,2511.7142857142853,0.0,38.9,77
2025-09-20,soro_fisiologico,195.0,2316.7142857142853,0.0,47.2,99
2025-09-21,soro_fisiologico,163.0,2153.7142857142853,0.0,42.2,86
2025-09-22,soro_fisiologico,137.0,2016.7142857142853,0.0,53.0,102
2025-09-23,soro_fisiologico,161.0,1855.7142857142853,0.0,42.4,102
2025-09-24,soro_fisiologico,149.0,1706.7142857142853,0.0,46.4,84
2025-09-25,soro_fisiologico,130.0,1576.7142857142853,0.0,32.7,59
2025-09-26,soro_fisiologico,132.0,1444.7142857142853,0.0,45.5,87
2025-09-27,soro_fisiologico,213.0,1231.7142857142853,0.0,45.5,104
2025-09-28,soro_fisiologico,174.0,1057.7142857142853,0.0,56.4,107
2025-09-29,soro_fisiologico,148.0,909.7142857142853,0.0,39.6,60
2025-09-30,soro_fisiologico,151.0,758.7142857142853,0.0,48.9,90
2025-10-01,soro_fisiologico,126.0,632.7142857142853,0.0,41.8,98
2025-10-02,soro_fisiologico,148.0,484.7142857142853,0.0,40.0,66
2025-10-03,soro_fisiologico,122.0,362.7142857142853,0.0,49.5,98
2025-10-04,soro_fisiologico,145.0,217.71428571428532,0.0,60.7,153
2025-10-05,soro_fisiologico,164.0,2541.7142857142853,2488.0,49.2,102
2025-10-06,soro_fisiologico,131.0,2410.7142857142853,0.0,42.3,78
2025-10-07,soro_fisiologico,145.0,2265.7142857142853,0.0,40.0,69
2025-10-08,soro_fisiologico,216.0,2049.7142857142853,0.0,52.4,109
2025-10-09,soro_fisiologico,146.0,1903.7142857142853,0.0,38.6,68
2025-10-10,soro_fisiologico,101.0,1802.7142857142853,0.0,35.6,46
2025-10-11,soro_fisiologico,147.0,1655.7142857142853,0.0,60.5,120
2025-10-12,soro_fisiologico,199.0,1456.7142857142853,0.0,68.6,190
2025-10-13,soro_fisiologico,160.0,1296.7142857142853,0.0,48.0,102
2025-10-14,soro_fisiologico,167.0,1129.7142857142853,0.0,55.3,121
2025-10-15,soro_fisiologico,140.0,989.7142857142853,0.0,26.5,57
2025-10-16,soro_fisiologico,158.0,831.7142857142853,0.0,51.4,107
2025-10-17,soro_fisiologico,142.0,689.7142857142853,0.0,46.6,80
2025-10-18,soro_fisiologico,148.0,541.7142857142853,0.0,42.1,94
2025-10-19,soro_fisiologico,181.0,360.7142857142853,0.0,49.9,100
2025-10-20,soro_fisiologico,152.0,2609.8571428571427,2401.1428571428573,51.9,120
2025-10-21,soro_fisiologico,148.0,2461.8571428571427,0.0,36.8,74
2025-10-22,soro_fisiologico,161.0,2300.8571428571427,0.0,39.8,58
2025-10-23,soro_fisiologico,137.0,2163.8571428571427,0.0,38.0,76
2025-10-24,soro_fisiologico,159.0,2004.8571428571427,0.0,42.7,78
2025-10-25,soro_fisiologico,201.0,1803.8571428571427,0.0,49.5,124
2025-10-26,soro_fisiologico,196.0,1607.8571428571427,0.0,60.6,113
2025-10-27,soro_fisiologico,136.0,1471.8571428571427,0.0,42.3,75
2025-10-28,soro_fisiologico,124.0,1347.8571428571427,0.0,29.0,46
2025-10-29,soro_fisiologico,178.0,1169.8571428571427,0.0,45.6,85
2025-10-30,soro_fisiologico,151.0,1018.8571428571427,0.0,29.3,61
2025-10-31,soro_fisiologico,96.0,922.8571428571427,0.0,41.8,67
2025-11-01,soro_fisiologico,127.0,795.8571428571427,0.0,50.8,110
2025-11-02,soro_fisiologico,180.0,615.8571428571427,0.0,61.1,138
2025-11-03,soro_fisiologico,128.0,2982.7142857142853,2494.8571428571427,32.3,59
2025-11-04,soro_fisiologico,158.0,2824.7142857142853,0.0,33.7,64
2025-11-05,soro_fisiologico,148.0,2676.7142857142853,0.0,47.2,88
2025-11-06,soro_fisiologico,141.0,2535.7142857142853,0.0,40.5,74
2025-11-07,soro_fisiologico,188.0,2347.7142857142853,0.0,56.8,116
2025-11-08,soro_fisiologico,135.0,2212.7142857142853,0.0,51.4,108
2025-11-09,soro_fisiologico,146.0,2066.7142857142853,0.0,58.3,122
2025-11-10,soro_fisiologico,124.0,1942.7142857142853,0.0,36.4,70
2025-11-11,soro_fisiologico,143.0,1799.7142857142853,0.0,54.0,90
2025-11-12,soro_fisiologico,136.0,1663.7142857142853,0.0,31.8,70
2025-11-13,soro_fisiologico,157.0,1506.7142857142853,0.0,59.2,116
2025-11-14,soro_fisiologico,141.0,1365.7142857142853,0.0,41.5,64
2025-11-15,soro_fisiologico,216.0,1149.7142857142853,0.0,58.1,137
2025-11-16,soro_fisiologico,143.0,1006.7142857142853,0.0,53.3,88
2025-11-17,soro_fisiologico,180.0,826.7142857142853,0.0,56.1,110
2025-11-18,soro_fisiologico,119.0,707.7142857142853,0.0,40.2,65
2025-11-19,soro_fisiologico,175.0,532.7142857142853,0.0,37.2,67
2025-11-20,soro_fisiologico,142.0,390.7142857142853,0.0,48.8,103
2025-11-21,soro_fisiologico,159.0,2678.571428571428,2446.8571428571427,42.5,85
2025-11-22,soro_fisiologico,167.0,2511.571428571428,0.0,49.8,99
2025-11-23,soro_fisiologico,184.0,2327.571428571428,0.0,54.9,102
2025-11-24,soro_fisiologico,172.0,2155.571428571428,0.0,37.1,65
2025-11-25,soro_fisiologico,157.0,1998.571428571428,0.0,26.7,48
2025-11-26,soro_fisiologico,128.0,1870.571428571428,0.0,39.6,65
2025-11-27,soro_fisiologico,192.0,1678.571428571428,0.0,35.5,52
2025-11-28,soro_fisiologico,84.0,1594.571428571428,0.0,26.7,30
2025-11-29,soro_fisiologico,185.0,1409.571428571428,0.0,47.7,89
2025-11-30,soro_fisiologico,165.0,1244.571428571428,0.0,53.8,118
2025-12-01,soro_fisiologico,151.0,1093.571428571428,0.0,44.5,99
2025-12-02,soro_fisiologico,175.0,918.571428571428,0.0,33.9,68
2025-12-03,soro_fisiologico,136.0,782.571428571428,0.0,28.7,62
2025-12-04,soro_fisiologico,193.0,589.571428571428,0.0,48.8,98
2025-12-05,soro_fisiologico,151.0,438.571428571428,0.0,47.6,98
2025-12-06,soro_fisiologico,170.0,268.571428571428,0.0,38.4,76
2025-12-07,soro_fisiologico,194.0,2599.1428571428564,2524.5714285714284,36.8,100
2025-12-08,soro_fisiologico,190.0,2409.1428571428564,0.0,46.1,107
2025-12-09,soro_fisiologico,154.0,2255.1428571428564,0.0,41.2,66
2025-12-10,soro_fisiologico,137.0,2118.1428571428564,0.0,43.8,94
2025-12-11,soro_fisiologico,161.0,1957.1428571428564,0.0,43.4,81
2025-12-12,soro_fisiologico,143.0,1814.1428571428564,0.0,32.5,70
2025-12-13,soro_fisiologico,126.0,1688.1428571428564,0.0,47.3,80
2025-12-14,soro_fisiologico,172.0,1516.1428571428564,0.0,44.2,89
2025-12-15,soro_fisiologico,142.0,1374.1428571428564,0.0,34.0,55
2025-12-16,soro_fisiologico,124.0,1250.1428571428564,0.0,41.8,54
2025-12-17,soro_fisiologico,139.0,1111.1428571428564,0.0,38.9,55
2025-12-18,soro_fisiologico,123.0,988.1428571428564,0.0,36.9,70
2025-12-19,soro_fisiologico,159.0,829.1428571428564,0.0,37.1,74
2025-12-20,soro_fisiologico,159.0,670.1428571428564,0.0,43.4,89
2025-12-21,soro_fisiologico,139.0,3095.714285714285,2564.5714285714284,48.9,95
2025-12-22,soro_fisiologico,174.0,2921.714285714285,0.0,49.2,103
2025-12-23,soro_fisiologico,146.0,2775.714285714285,0.0,29.2,49
2025-12-24,soro_fisiologico,116.0,2659.714285714285,0.0,38.0,53
2025-12-25,soro_fisiologico,181.0,2478.714285714285,0.0,53.7,116
2025-12-26,soro_fisiologico,109.0,2369.714285714285,0.0,52.2,84
2025-12-27,soro_fisiologico,129.0,2240.714285714285,0.0,40.9,77
2025-12-28,soro_fisiologico,165.0,2075.714285714285,0.0,62.0,118
2025-12-29,soro_fisiologico,151.0,1924.7142857142849,0.0,38.5,67
2025-12-30,soro_fisiologico,128.0,1796.7142857142849,0.0,36.0,53
2025-12-31,soro_fisiologico,124.0,1672.7142857142849,0.0,36.6,74
2024-01-01,soro_ringer,90.0,1350.0,0.0,52.7,111
2024-01-02,soro_ringer,92.0,1258.0,0.0,33.6,51
2024-01-03,soro_ringer,69.0,1189.0,0.0,34.2,61
2024-01-04,soro_ringer,62.0,1127.0,0.0,32.6,51
2024-01-05,soro_ringer,65.0,1062.0,0.0,24.7,30
2024-01-06,soro_ringer,77.0,985.0,0.0,41.6,71
2024-01-07,soro_ringer,95.0,890.0,0.0,51.5,99
2024-01-08,soro_ringer,61.0,829.0,0.0,29.9,65
2024-01-09,soro_ringer,69.0,760.0,0.0,20.0,44
2024-01-10,soro_ringer,79.0,681.0,0.0,37.5,57
2024-01-11,soro_ringer,82.0,599.0,0.0,49.8,90
2024-01-12,soro_ringer,68.0,531.0,0.0,37.9,81
2024-01-13,soro_ringer,69.0,462.0,0.0,34.2,80
2024-01-14,soro_ringer,54.0,408.0,0.0,43.7,85
2024-01-15,soro_ringer,68.0,340.0,0.0,38.7,61
2024-01-16,soro_ringer,67.0,1487.4,1214.4,33.7,37
2024-01-17,soro_ringer,46.0,1441.4,0.0,32.8,49
2024-01-18,soro_ringer,64.0,1377.4,0.0,28.6,47
2024-01-19,soro_ringer,61.0,1316.4,0.0,26.8,48
2024-01-20,soro_ringer,101.0,1215.4,0.0,39.9,75
2024-01-21,soro_ringer,76.0,1139.4,0.0,40.7,81
2024-01-22,soro_ringer,75.0,1064.4,0.0,22.5,37
2024-01-23,soro_ringer,66.0,998.4000000000001,0.0,38.6,48
2024-01-24,soro_ringer,81.0,917.4000000000001,0.0,36.8,46
2024-01-25,soro_ringer,78.0,839.4000000000001,0.0,33.2,43
2024-01-26,soro_ringer,52.0,787.4000000000001,0.0,26.7,48
2024-01-27,soro_ringer,81.0,706.4000000000001,0.0,47.1,86
2024-01-28,soro_ringer,83.0,623.4000000000001,0.0,40.6,70
2024-01-29,soro_ringer,111.0,512.4000000000001,0.0,51.4,103
2024-01-30,soro_ringer,92.0,420.4000000000001,0.0,35.7,49
2024-01-31,soro_ringer,62.0,358.4000000000001,0.0,46.2,86
2024-02-01,soro_ringer,93.0,265.4000000000001,0.0,34.4,51
2024-02-02,soro_ringer,64.0,201.4000000000001,0.0,29.8,39
2024-02-03,soro_ringer,61.0,1282.1142857142859,1141.7142857142858,40.2,72
2024-02-04,soro_ringer,84.0,1198.1142857142859,0.0,31.0,70
2024-02-05,soro_ringer,83.0,1115.1142857142859,0.0,39.8,74
2024-02-06,soro_ringer,90.0,1025.1142857142859,0.0,29.2,51
2024-02-07,soro_ringer,67.0,958.1142857142859,0.0,34.0,73
2024-02-08,soro_ringer,73.0,885.1142857142859,0.0,42.0,62
2024-02-09,soro_ringer,60.0,825.1142857142859,0.0,51.3,88
2024-02-10,soro_ringer,103.0,722.1142857142859,0.0,53.0,97
2024-02-11,soro_ringer,97.0,625.1142857142859,0.0,59.8,129
2024-02-12,soro_ringer,94.0,531.1142857142859,0.0,55.4,104
2024-02-13,soro_ringer,89.0,442.11428571428587,0.0,46.5,94
2024-02-14,soro_ringer,91.0,351.11428571428587,0.0,40.7,75
2024-02-15,soro_ringer,63.0,288.11428571428587,0.0,42.8,96
2024-02-16,soro_ringer,96.0,192.11428571428587,0.0,55.8,116
2024-02-17,soro_ringer,98.0,1380.9714285714288,1286.857142857143,58.6,128
2024-02-18,soro_ringer,137.0,1243.9714285714288,0.0,72.4,183
2024-02-19,soro_ringer,90.0,1153.9714285714288,0.0,61.3,137
2024-02-20,soro_ringer,115.0,1038.9714285714288,0.0,55.3,120
2024-02-21,soro_ringer,85.0,953.9714285714288,0.0,73.6,151
2024-02-22,soro_ringer,85.0,868.9714285714288,0.0,49.7,93
2024-02-23,soro_ringer,89.0,779.9714285714288,0.0,56.0,121
2024-02-24,soro_ringer,98.0,681.9714285714288,0.0,60.4,131
2024-02-25,soro_ringer,116.0,565.9714285714288,0.0,65.6,148
2024-02-26,soro_ringer,103.0,462.97142857142876,0.0,61.8,140
2024-02-27,soro_ringer,89.0,373.97142857142876,0.0,56.9,136
2024-02-28,soro_ringer,101.0,272.97142857142876,0.0,54.6,119
2024-02-29,soro_ringer,114.0,158.97142857142876,0.0,63.8,152
2024-03-01,soro_ringer,115.0,43.97142857142876,0.0,50.9,121
2024-03-02,soro_ringer,136.0,1430.257142857143,1522.2857142857142,63.2,136
2024-03-03,soro_ringer,109.0,1321.257142857143,0.0,64.2,140
2024-03-04,soro_ringer,123.0,1198.257142857143,0.0,60.3,154
2024-03-05,soro_ringer,79.0,1119.257142857143,0.0,58.6,130
2024-03-06,soro_ringer,84.0,1035.257142857143,0.0,59.9,121
2024-03-07,soro_ringer,95.0,940.257142857143,0.0,56.7,111
2024-03-08,soro_ringer,94.0,846.257142857143,0.0,60.7,123
2024-03-09,soro_ringer,128.0,718.257142857143,0.0,83.7,200
2024-03-10,soro_ringer,112.0,606.257142857143,0.0,70.4,172
2024-03-11,soro_ringer,137.0,469.257142857143,0.0,58.3,140
2024-03-12,soro_ringer,109.0,360.257142857143,0.0,54.9,114
2024-03-13,soro_ringer,86.0,274.257142857143,0.0,53.3,109
2024-03-14,soro_ringer,102.0,172.25714285714298,0.0,70.9,149
2024-03-15,soro_ringer,95.0,1741.257142857143,1664.0,69.1,146
2024-03-16,soro_ringer,107.0,1634.257142857143,0.0,61.7,139
2024-03-17,soro_ringer,149.0,1485.257142857143,0.0,58.3,142
2024-03-18,soro_ringer,71.0,1414.257142857143,0.0,62.4,143
2024-03-19,soro_ringer,83.0,1331.257142857143,0.0,50.9,104
2024-03-20,soro_ringer,92.0,1239.257142857143,0.0,57.9,129
2024-03-21,soro_ringer,121.0,1118.257142857143,0.0,66.6,158
2024-03-22,soro_ringer,114.0,1004.257142857143,0.0,52.1,107
2024-03-23,soro_ringer,95.0,909.257142857143,0.0,62.0,144
2024-03-24,soro_ringer,107.0,802.257142857143,0.0,57.6,133
2024-03-25,soro_ringer,96.0,706.257142857143,0.0,49.5,99
2024-03-26,soro_ringer,71.0,635.257142857143,0.0,50.1,109
2024-03-27,soro_ringer,114.0,521.257142857143,0.0,59.4,128
2024-03-28,soro_ringer,112.0,409.257142857143,0.0,47.6,94
2024-03-29,soro_ringer,134.0,275.257142857143,0.0,62.6,153
2024-03-30,soro_ringer,102.0,1856.6857142857143,1683.4285714285713,66.3,156
2024-03-31,soro_ringer,86.0,1770.6857142857143,0.0,77.8,167
2024-04-01,soro_ringer,70.0,1700.6857142857143,0.0,53.0,126
2024-04-02,soro_ringer,110.0,1590.6857142857143,0.0,32.8,79
2024-04-03,soro_ringer,126.0,1464.6857142857143,0.0,53.0,134
2024-04-04,soro_ringer,63.0,1401.6857142857143,0.0,51.5,108
2024-04-05,soro_ringer,102.0,1299.6857142857143,0.0,47.7,97
2024-04-06,soro_ringer,94.0,1205.6857142857143,0.0,59.3,132
2024-04-07,soro_ringer,93.0,1112.6857142857143,0.0,48.9,87
2024-04-08,soro_ringer,104.0,1008.6857142857143,0.0,51.9,140
2024-04-09,soro_ringer,83.0,925.6857142857143,0.0,51.6,104
2024-04-10,soro_ringer,99.0,826.6857142857143,0.0,67.4,136
2024-04-11,soro_ringer,83.0,743.6857142857143,0.0,56.3,135
2024-04-12,soro_ringer,106.0,637.6857142857143,0.0,53.0,117
2024-04-13,soro_ringer,117.0,520.6857142857143,0.0,62.0,147
2024-04-14,soro_ringer,114.0,406.6857142857143,0.0,47.8,108
2024-04-15,soro_ringer,80.0,326.6857142857143,0.0,47.3,100
2024-04-16,soro_ringer,107.0,219.6857142857143,0.0,56.7,107
2024-04-17,soro_ringer,87.0,1707.5428571428572,1574.857142857143,45.4,70
2024-04-18,soro_ringer,84.0,1623.5428571428572,0.0,48.6,104
2024-04-19,soro_ringer,74.0,1549.5428571428572,0.0,58.0,105
2024-04-20,soro_ringer,84.0,1465.5428571428572,0.0,56.8,123
2024-04-21,soro_ringer,105.0,1360.5428571428572,0.0,86.4,188
2024-04-22,soro_ringer,82.0,1278.5428571428572,0.0,38.8,73
2024-04-23,soro_ringer,78.0,1200.5428571428572,0.0,37.6,67
2024-04-24,soro_ringer,89.0,1111.5428571428572,0.0,42.4,78
2024-04-25,soro_ringer,118.0,993.5428571428572,0.0,53.3,77
2024-04-26,soro_ringer,60.0,933.5428571428572,0.0,43.6,76
2024-04-27,soro_ringer,78.0,855.5428571428572,0.0,52.4,119
2024-04-28,soro_ringer,100.0,755.5428571428572,0.0,60.2,122
2024-04-29,soro_ringer,77.0,678.5428571428572,0.0,56.9,128
2024-04-30,soro_ringer,70.0,608.5428571428572,0.0,35.1,67
2024-05-01,soro_ringer,95.0,513.5428571428572,0.0,60.6,124
2024-05-02,soro_ringer,92.0,421.5428571428572,0.0,45.2,90
2024-05-03,soro_ringer,89.0,332.5428571428572,0.0,50.4,102
2024-05-04,soro_ringer,86.0,246.5428571428572,0.0,60.9,135
2024-05-05,soro_ringer,105.0,1542.6857142857143,1401.142857142857,50.3,101
2024-05-06,soro_ringer,97.0,1445.6857142857143,0.0,60.1,128
2024-05-07,soro_ringer,84.0,1361.6857142857143,0.0,27.2,61
2024-05-08,soro_ringer,87.0,1274.6857142857143,0.0,44.3,80
2024-05-09,soro_ringer,87.0,1187.6857142857143,0.0,34.2,70
2024-05-10,soro_ringer,77.0,1110.6857142857143,0.0,39.3,90
2024-05-11,soro_ringer,92.0,1018.6857142857143,0.0,50.8,107
2024-05-12,soro_ringer,110.0,908.6857142857143,0.0,56.3,121
2024-05-13,soro_ringer,103.0,805.6857142857143,0.0,49.7,111
2024-05-14,soro_ringer,90.0,715.6857142857143,0.0,45.3,81
2024-05-15,soro_ringer,67.0,648.6857142857143,0.0,29.2,60
2024-05-16,soro_ringer,98.0,550.6857142857143,0.0,50.1,109
2024-05-17,soro_ringer,91.0,459.6857142857143,0.0,53.3,120
2024-05-18,soro_ringer,117.0,342.6857142857143,0.0,63.1,142
2024-05-19,soro_ringer,95.0,1703.6857142857143,1456.0,65.8,146
2024-05-20,soro_ringer,59.0,1644.6857142857143,0.0,44.2,99
2024-05-21,soro_ringer,94.0,1550.6857142857143,0.0,36.8,58
2024-05-22,soro_ringer,101.0,1449.6857142857143,0.0,39.4,73
2024-05-23,soro_ringer,64.0,1385.6857142857143,0.0,41.4,101
2024-05-24,soro_ringer,63.0,1322.6857142857143,0.0,31.3,73
2024-05-25,soro_ringer,85.0,1237.6857142857143,0.0,47.8,98
2024-05-26,soro_ringer,52.0,1185.6857142857143,0.0,49.1,104
2024-05-27,soro_ringer,78.0,1107.6857142857143,0.0,43.6,87
2024-05-28,soro_ringer,84.0,1023.6857142857143,0.0,50.6,106
2024-05-29,soro_ringer,61.0,962.6857142857143,0.0,36.2,62
2024-05-30,soro_ringer,85.0,877.6857142857143,0.0,40.1,65
2024-05-31,soro_ringer,73.0,804.6857142857143,0.0,31.2,63
2024-06-01,soro_ringer,84.0,720.6857142857143,0.0,36.2,78
2024-06-02,soro_ringer,70.0,650.6857142857143,0.0,43.2,97
2024-06-03,soro_ringer,77.0,573.6857142857143,0.0,44.8,86
2024-06-04,soro_ringer,80.0,493.6857142857143,0.0,67.9,141
2024-06-05,soro_ringer,72.0,421.6857142857143,0.0,39.9,80
2024-06-06,soro_ringer,87.0,334.6857142857143,0.0,34.0,87
2024-06-07,soro_ringer,60.0,274.6857142857143,0.0,28.1,61
2024-06-08,soro_ringer,89.0,1389.1142857142856,1203.4285714285713,51.9,119
2024-06-09,soro_ringer,108.0,1281.1142857142856,0.0,45.0,96
2024-06-10,soro_ringer,79.0,1202.1142857142856,0.0,41.0,83
2024-06-11,soro_ringer,71.0,1131.1142857142856,0.0,47.7,97
2024-06-12,soro_ringer,95.0,1036.1142857142856,0.0,39.6,78
2024-06-13,soro_ringer,77.0,959.1142857142856,0.0,55.2,107
2024-06-14,soro_ringer,86.0,873.1142857142856,0.0,41.7,88
2024-06-15,soro_ringer,85.0,788.1142857142856,0.0,55.3,129
2024-06-16,soro_ringer,75.0,713.1142857142856,0.0,53.3,108
2024-06-17,soro_ringer,76.0,637.1142857142856,0.0,36.1,82
2024-06-18,soro_ringer,90.0,547.1142857142856,0.0,39.3,69
2024-06-19,soro_ringer,89.0,458.11428571428564,0.0,40.6,76
2024-06-20,soro_ringer,74.0,384.11428571428564,0.0,43.4,87
2024-06-21,soro_ringer,81.0,303.11428571428564,0.0,40.6,59
2024-06-22,soro_ringer,82.0,1525.1142857142856,1304.0,50.7,113
2024-06-23,soro_ringer,87.0,1438.1142857142856,0.0,53.3,90
2024-06-24,soro_ringer,65.0,1373.1142857142856,0.0,41.0,81
2024-06-25,soro_ringer,62.0,1311.1142857142856,0.0,49.4,117
2024-06-26,soro_ringer,74.0,1237.1142857142856,0.0,38.4,70
2024-06-27,soro_ringer,92.0,1145.1142857142856,0.0,35.2,74
2024-06-28,soro_ringer,49.0,1096.1142857142856,0.0,35.8,72
2024-06-29,soro_ringer,82.0,1014.1142857142856,0.0,63.1,137
2024-06-30,soro_ringer,89.0,925.1142857142856,0.0,54.3,110
2024-07-01,soro_ringer,72.0,853.1142857142856,0.0,45.8,99
2024-07-02,soro_ringer,88.0,765.1142857142856,0.0,57.4,114
2024-07-03,soro_ringer,67.0,698.1142857142856,0.0,56.7,110
2024-07-04,soro_ringer,71.0,627.1142857142856,0.0,49.8,87
2024-07-05,soro_ringer,69.0,558.1142857142856,0.0,50.4,99
2024-07-06,soro_ringer,84.0,474.11428571428564,0.0,56.8,108
2024-07-07,soro_ringer,96.0,378.11428571428564,0.0,32.7,76
2024-07-08,soro_ringer,100.0,278.11428571428564,0.0,49.8,107
2024-07-09,soro_ringer,73.0,205.11428571428564,0.0,49.0,111
2024-07-10,soro_ringer,92.0,113.11428571428564,0.0,44.9,88
2024-07-11,soro_ringer,98.0,1227.6857142857143,1212.5714285714287,43.2,91
2024-07-12,soro_ringer,90.0,1137.6857142857143,0.0,47.9,100
2024-07-13,soro_ringer,80.0,1057.6857142857143,0.0,51.6,87
2024-07-14,soro_ringer,81.0,976.6857142857143,0.0,52.8,114
2024-07-15,soro_ringer,76.0,900.6857142857143,0.0,48.5,95
2024-07-16,soro_ringer,81.0,819.6857142857143,0.0,42.1,84
2024-07-17,soro_ringer,71.0,748.6857142857143,0.0,39.8,74
2024-07-18,soro_ringer,88.0,660.6857142857143,0.0,39.5,74
2024-07-19,soro_ringer,65.0,595.6857142857143,0.0,39.9,70
2024-07-20,soro_ringer,96.0,499.6857142857143,0.0,74.3,160
2024-07-21,soro_ringer,78.0,421.6857142857143,0.0,51.7,90
2024-07-22,soro_ringer,45.0,376.6857142857143,0.0,41.4,76
2024-07-23,soro_ringer,83.0,293.6857142857143,0.0,35.9,57
2024-07-24,soro_ringer,64.0,1577.1142857142856,1347.4285714285713,34.2,72
2024-07-25,soro_ringer,97.0,1480.1142857142856,0.0,37.7,70
2024-07-26,soro_ringer,63.0,1417.1142857142856,0.0,35.6,52
2024-07-27,soro_ringer,99.0,1318.1142857142856,0.0,51.4,98
2024-07-28,soro_ringer,82.0,1236.1142857142856,0.0,50.5,103
2024-07-29,soro_ringer,73.0,1163.1142857142856,0.0,58.4,118
2024-07-30,soro_ringer,72.0,1091.1142857142856,0.0,32.0,47
2024-07-31,soro_ringer,63.0,1028.1142857142856,0.0,44.3,74
2024-08-01,soro_ringer,100.0,928.1142857142856,0.0,36.8,63
2024-08-02,soro_ringer,96.0,832.1142857142856,0.0,36.0,68
2024-08-03,soro_ringer,98.0,734.1142857142856,0.0,58.0,123
2024-08-04,soro_ringer,93.0,641.1142857142856,0.0,44.6,122
2024-08-05,soro_ringer,86.0,555.1142857142856,0.0,70.8,159
2024-08-06,soro_ringer,68.0,487.11428571428564,0.0,27.7,82
2024-08-07,soro_ringer,62.0,425.11428571428564,0.0,43.8,106
2024-08-08,soro_ringer,67.0,358.11428571428564,0.0,46.5,89
2024-08-09,soro_ringer,79.0,279.11428571428564,0.0,57.1,119
2024-08-10,soro_ringer,68.0,1500.2571428571428,1289.142857142857,42.2,95
2024-08-11,soro_ringer,62.0,1438.2571428571428,0.0,44.0,95
2024-08-12,soro_ringer,102.0,1336.2571428571428,0.0,53.0,97
2024-08-13,soro_ringer,64.0,1272.2571428571428,0.0,45.6,97
2024-08-14,soro_ringer,113.0,1159.2571428571428,0.0,62.1,113
2024-08-15,soro_ringer,78.0,1081.2571428571428,0.0,41.6,80
2024-08-16,soro_ringer,87.0,994.2571428571428,0.0,41.5,75
2024-08-17,soro_ringer,94.0,900.2571428571428,0.0,60.0,114
2024-08-18,soro_ringer,77.0,823.2571428571428,0.0,42.1,80
2024-08-19,soro_ringer,92.0,731.2571428571428,0.0,44.6,100
2024-08-20,soro_ringer,90.0,641.2571428571428,0.0,42.2,83
2024-08-21,soro_ringer,94.0,547.2571428571428,0.0,48.1,99
2024-08-22,soro_ringer,50.0,497.25714285714275,0.0,27.7,56
2024-08-23,soro_ringer,76.0,421.25714285714275,0.0,35.7,66
2024-08-24,soro_ringer,90.0,331.25714285714275,0.0,42.1,90
2024-08-25,soro_ringer,68.0,263.25714285714275,0.0,43.9,76
2024-08-26,soro_ringer,95.0,168.25714285714275,0.0,45.9,92
2024-08-27,soro_ringer,85.0,1380.3999999999999,1297.142857142857,47.1,99
2024-08-28,soro_ringer,72.0,1308.3999999999999,0.0,38.4,72
2024-08-29,soro_ringer,104.0,1204.3999999999999,0.0,43.5,83
2024-08-30,soro_ringer,71.0,1133.3999999999999,0.0,35.7,56
2024-08-31,soro_ringer,94.0,1039.3999999999999,0.0,36.5,77
2024-09-01,soro_ringer,81.0,958.3999999999999,0.0,58.8,141
2024-09-02,soro_ringer,86.0,872.3999999999999,0.0,42.2,69
2024-09-03,soro_ringer,77.0,795.3999999999999,0.0,36.1,69
2024-09-04,soro_ringer,60.0,735.3999999999999,0.0,41.9,97
2024-09-05,soro_ringer,68.0,667.3999999999999,0.0,52.8,107
2024-09-06,soro_ringer,84.0,583.3999999999999,0.0,39.2,68
2024-09-07,soro_ringer,103.0,480.39999999999986,0.0,58.9,147
2024-09-08,soro_ringer,94.0,386.39999999999986,0.0,55.8,118
2024-09-09,soro_ringer,73.0,313.39999999999986,0.0,59.9,124
2024-09-10,soro_ringer,89.0,224.39999999999986,0.0,43.4,81
2024-09-11,soro_ringer,60.0,164.39999999999986,0.0,42.4,75
2024-09-12,soro_ringer,67.0,97.39999999999986,0.0,39.8,91
2024-09-13,soro_ringer,81.0,1304.3999999999999,1288.0,45.7,88
2024-09-14,soro_ringer,73.0,1231.3999999999999,0.0,46.7,98
2024-09-15,soro_ringer,58.0,1173.3999999999999,0.0,45.6,97
2024-09-16,soro_ringer,66.0,1107.3999999999999,0.0,45.4,81
2024-09-17,soro_ringer,92.0,1015.3999999999999,0.0,45.8,75
2024-09-18,soro_ringer,89.0,926.3999999999999,0.0,42.1,61
2024-09-19,soro_ringer,70.0,856.3999999999999,0.0,46.8,80
2024-09-20,soro_ringer,84.0,772.3999999999999,0.0,29.6,47
2024-09-21,soro_ringer,54.0,718.3999999999999,0.0,47.6,93
2024-09-22,soro_ringer,89.0,629.3999999999999,0.0,49.2,93
2024-09-23,soro_ringer,88.0,541.3999999999999,0.0,48.0,97
2024-09-24,soro_ringer,70.0,471.39999999999986,0.0,38.3,69
2024-09-25,soro_ringer,77.0,394.39999999999986,0.0,35.1,52
2024-09-26,soro_ringer,70.0,324.39999999999986,0.0,35.4,63
2024-09-27,soro_ringer,64.0,260.39999999999986,0.0,32.7,63
2024-09-28,soro_ringer,69.0,191.39999999999986,0.0,43.1,89
2024-09-29,soro_ringer,63.0,128.39999999999986,0.0,45.2,83
2024-09-30,soro_ringer,66.0,1256.685714285714,1194.2857142857142,47.9,98
2024-10-01,soro_ringer,70.0,1186.685714285714,0.0,38.1,66
2024-10-02,soro_ringer,83.0,1103.685714285714,0.0,40.1,68
2024-10-03,soro_ringer,56.0,1047.685714285714,0.0,35.5,67
2024-10-04,soro_ringer,59.0,988.6857142857141,0.0,34.1,50
2024-10-05,soro_ringer,70.0,918.6857142857141,0.0,47.7,93
2024-10-06,soro_ringer,82.0,836.6857142857141,0.0,49.3,116
2024-10-07,soro_ringer,69.0,767.6857142857141,0.0,46.0,76
2024-10-08,soro_ringer,72.0,695.6857142857141,0.0,32.2,59
2024-10-09,soro_ringer,67.0,628.6857142857141,0.0,34.3,78
2024-10-10,soro_ringer,76.0,552.6857142857141,0.0,38.1,82
2024-10-11,soro_ringer,76.0,476.6857142857141,0.0,36.8,78
2024-10-12,soro_ringer,91.0,385.6857142857141,0.0,59.3,130
2024-10-13,soro_ringer,72.0,313.6857142857141,0.0,43.3,88
2024-10-14,soro_ringer,85.0,228.68571428571408,0.0,44.1,91
2024-10-15,soro_ringer,67.0,161.68571428571408,0.0,40.9,71
2024-10-16,soro_ringer,64.0,97.68571428571408,0.0,41.5,76
2024-10-17,soro_ringer,74.0,1127.685714285714,1104.0,40.4,73
2024-10-18,soro_ringer,50.0,1077.685714285714,0.0,35.9,59
2024-10-19,soro_ringer,73.0,1004.6857142857141,0.0,57.0,117
2024-10-20,soro_ringer,64.0,940.6857142857141,0.0,24.8,56
2024-10-21,soro_ringer,58.0,882.6857142857141,0.0,37.7,73
2024-10-22,soro_ringer,86.0,796.6857142857141,0.0,31.5,76
2024-10-23,soro_ringer,108.0,688.6857142857141,0.0,39.6,74
2024-10-24,soro_ringer,111.0,577.6857142857141,0.0,36.7,66
2024-10-25,soro_ringer,91.0,486.6857142857141,0.0,42.6,71
2024-10-26,soro_ringer,69.0,417.6857142857141,0.0,49.5,89
2024-10-27,soro_ringer,71.0,346.6857142857141,0.0,56.8,121
2024-10-28,soro_ringer,65.0,281.6857142857141,0.0,36.4,71
2024-10-29,soro_ringer,60.0,221.68571428571408,0.0,43.2,79
2024-10-30,soro_ringer,53.0,168.68571428571408,0.0,29.0,50
2024-10-31,soro_ringer,75.0,1326.8285714285712,1233.142857142857,44.7,89
2024-11-01,soro_ringer,58.0,1268.8285714285712,0.0,38.2,59
2024-11-02,soro_ringer,78.0,1190.8285714285712,0.0,57.9,133
2024-11-03,soro_ringer,69.0,1121.8285714285712,0.0,54.6,108
2024-11-04,soro_ringer,80.0,1041.8285714285712,0.0,45.3,83
2024-11-05,soro_ringer,68.0,973.8285714285712,0.0,37.8,80
2024-11-06,soro_ringer,57.0,916.8285714285712,0.0,37.4,57
2024-11-07,soro_ringer,73.0,843.8285714285712,0.0,41.9,73
2024-11-08,soro_ringer,66.0,777.8285714285712,0.0,41.6,79
2024-11-09,soro_ringer,62.0,715.8285714285712,0.0,42.4,91
2024-11-10,soro_ringer,58.0,657.8285714285712,0.0,46.9,105
2024-11-11,soro_ringer,69.0,588.8285714285712,0.0,42.6,89
2024-11-12,soro_ringer,74.0,514.8285714285712,0.0,46.2,87
2024-11-13,soro_ringer,60.0,454.8285714285712,0.0,24.1,41
2024-11-14,soro_ringer,67.0,387.8285714285712,0.0,40.9,73
2024-11-15,soro_ringer,83.0,304.8285714285712,0.0,39.8,89
2024-11-16,soro_ringer,68.0,236.8285714285712,0.0,48.1,101
2024-11-17,soro_ringer,83.0,153.8285714285712,0.0,53.9,114
2024-11-18,soro_ringer,71.0,82.8285714285712,0.0,61.2,108
2024-11-19,soro_ringer,81.0,1060.1142857142854,1058.2857142857142,28.0,57
2024-11-20,soro_ringer,76.0,984.1142857142854,0.0,61.8,121
2024-11-21,soro_ringer,66.0,918.1142857142854,0.0,42.9,82
2024-11-22,soro_ringer,71.0,847.1142857142854,0.0,29.6,41
2024-11-23,soro_ringer,90.0,757.1142857142854,0.0,54.0,114
2024-11-24,soro_ringer,65.0,692.1142857142854,0.0,40.6,72
2024-11-25,soro_ringer,66.0,626.1142857142854,0.0,34.7,62
2024-11-26,soro_ringer,45.0,581.1142857142854,0.0,45.0,73
2024-11-27,soro_ringer,58.0,523.1142857142854,0.0,39.1,78
2024-11-28,soro_ringer,92.0,431.1142857142854,0.0,38.8,59
2024-11-29,soro_ringer,73.0,358.1142857142854,0.0,29.9,54
2024-11-30,soro_ringer,69.0,289.1142857142854,0.0,42.0,82
2024-12-01,soro_ringer,88.0,201.11428571428542,0.0,38.7,84
2024-12-02,soro_ringer,58.0,143.11428571428542,0.0,36.1,59
2024-12-03,soro_ringer,67.0,1242.9714285714283,1166.857142857143,50.9,90
2024-12-04,soro_ringer,70.0,1172.9714285714283,0.0,43.0,85
2024-12-05,soro_ringer,66.0,1106.9714285714283,0.0,37.3,70
2024-12-06,soro_ringer,66.0,1040.9714285714283,0.0,28.7,56
2024-12-07,soro_ringer,78.0,962.9714285714283,0.0,45.2,93
2024-12-08,soro_ringer,93.0,869.9714285714283,0.0,48.2,117
2024-12-09,soro_ringer,84.0,785.9714285714283,0.0,42.8,94
2024-12-10,soro_ringer,78.0,707.9714285714283,0.0,51.6,106
2024-12-11,soro_ringer,60.0,647.9714285714283,0.0,30.1,32
2024-12-12,soro_ringer,62.0,585.9714285714283,0.0,40.9,46
2024-12-13,soro_ringer,69.0,516.9714285714283,0.0,39.6,81
2024-12-14,soro_ringer,69.0,447.9714285714283,0.0,42.8,67
2024-12-15,soro_ringer,73.0,374.9714285714283,0.0,52.7,109
2024-12-16,soro_ringer,60.0,314.9714285714283,0.0,40.6,79
2024-12-17,soro_ringer,61.0,1444.8285714285712,1190.857142857143,38.8,67
2024-12-18,soro_ringer,51.0,1393.8285714285712,0.0,36.2,64
2024-12-19,soro_ringer,79.0,1314.8285714285712,0.0,35.7,62
2024-12-20,soro_ringer,66.0,1248.8285714285712,0.0,34.4,64
2024-12-21,soro_ringer,68.0,1180.8285714285712,0.0,43.7,102
2024-12-22,soro_ringer,82.0,1098.8285714285712,0.0,42.4,100
2024-12-23,soro_ringer,61.0,1037.8285714285712,0.0,45.3,83
2024-12-24,soro_ringer,78.0,959.8285714285712,0.0,35.2,65
2024-12-25,soro_ringer,93.0,866.8285714285712,0.0,38.5,78
2024-12-26,soro_ringer,66.0,800.8285714285712,0.0,32.9,55
2024-12-27,soro_ringer,83.0,717.8285714285712,0.0,45.1,81
2024-12-28,soro_ringer,88.0,629.8285714285712,0.0,53.9,113
2024-12-29,soro_ringer,66.0,563.8285714285712,0.0,38.3,78
2024-12-30,soro_ringer,60.0,503.8285714285712,0.0,51.0,93
2024-12-31,soro_ringer,81.0,422.8285714285712,0.0,43.7,68
2025-01-01,soro_ringer,99.0,323.8285714285712,0.0,50.9,101
2025-01-02,soro_ringer,73.0,250.8285714285712,0.0,43.7,75
2025-01-03,soro_ringer,70.0,1333.9714285714283,1153.142857142857,45.2,76
2025-01-04,soro_ringer,55.0,1278.9714285714283,0.0,50.7,93
2025-01-05,soro_ringer,64.0,1214.9714285714283,0.0,49.6,96
2025-01-06,soro_ringer,61.0,1153.9714285714283,0.0,49.6,96
2025-01-07,soro_ringer,67.0,1086.9714285714283,0.0,44.7,83
2025-01-08,soro_ringer,71.0,1015.9714285714283,0.0,36.2,77
2025-01-09,soro_ringer,69.0,946.9714285714283,0.0,41.2,71
2025-01-10,soro_ringer,71.0,875.9714285714283,0.0,46.3,109
2025-01-11,soro_ringer,84.0,791.9714285714283,0.0,40.9,87
2025-01-12,soro_ringer,75.0,716.9714285714283,0.0,41.6,65
2025-01-13,soro_ringer,79.0,637.9714285714283,0.0,60.7,125
2025-01-14,soro_ringer,65.0,572.9714285714283,0.0,39.8,58
2025-01-15,soro_ringer,69.0,503.9714285714283,0.0,29.7,49
2025-01-16,soro_ringer,67.0,436.9714285714283,0.0,34.9,74
2025-01-17,soro_ringer,91.0,345.9714285714283,0.0,31.9,55
2025-01-18,soro_ringer,69.0,276.9714285714283,0.0,39.9,74
2025-01-19,soro_ringer,59.0,217.9714285714283,0.0,33.2,55
2025-01-20,soro_ringer,86.0,1296.542857142857,1164.5714285714287,50.0,91
2025-01-21,soro_ringer,86.0,1210.542857142857,0.0,34.5,64
2025-01-22,soro_ringer,81.0,1129.542857142857,0.0,43.3,81
2025-01-23,soro_ringer,85.0,1044.542857142857,0.0,37.3,79
2025-01-24,soro_ringer,63.0,981.542857142857,0.0,34.6,55
2025-01-25,soro_ringer,102.0,879.542857142857,0.0,43.4,85
2025-01-26,soro_ringer,71.0,808.542857142857,0.0,43.8,95
2025-01-27,soro_ringer,90.0,718.542857142857,0.0,37.5,71
2025-01-28,soro_ringer,87.0,631.542857142857,0.0,40.2,78
2025-01-29,soro_ringer,77.0,554.542857142857,0.0,41.9,84
2025-01-30,soro_ringer,52.0,502.542857142857,0.0,36.4,45
2025-01-31,soro_ringer,68.0,434.542857142857,0.0,40.5,78
2025-02-01,soro_ringer,77.0,357.542857142857,0.0,43.4,88
2025-02-02,soro_ringer,82.0,275.542857142857,0.0,40.5,101
2025-02-03,soro_ringer,46.0,229.54285714285697,0.0,33.1,66
2025-02-04,soro_ringer,68.0,1425.542857142857,1264.0,37.0,70
2025-02-05,soro_ringer,70.0,1355.542857142857,0.0,38.5,79
2025-02-06,soro_ringer,78.0,1277.542857142857,0.0,52.0,94
2025-02-07,soro_ringer,102.0,1175.542857142857,0.0,30.8,51
2025-02-08,soro_ringer,84.0,1091.542857142857,0.0,58.3,113
2025-02-09,soro_ringer,58.0,1033.542857142857,0.0,47.4,96
2025-02-10,soro_ringer,70.0,963.542857142857,0.0,46.6,94
2025-02-11,soro_ringer,95.0,868.542857142857,0.0,41.6,81
2025-02-12,soro_ringer,73.0,795.542857142857,0.0,30.4,48
2025-02-13,soro_ringer,69.0,726.542857142857,0.0,36.9,47
2025-02-14,soro_ringer,75.0,651.542857142857,0.0,25.0,59
2025-02-15,soro_ringer,100.0,551.542857142857,0.0,26.9,61
2025-02-16,soro_ringer,65.0,486.542857142857,0.0,36.3,71
2025-02-17,soro_ringer,64.0,422.542857142857,0.0,50.4,105
2025-02-18,soro_ringer,60.0,362.542857142857,0.0,32.1,45
2025-02-19,soro_ringer,69.0,293.542857142857,0.0,45.6,86
2025-02-20,soro_ringer,57.0,236.54285714285697,0.0,35.5,67
2025-02-21,soro_ringer,57.0,1376.1142857142856,1196.5714285714287,43.6,74
2025-02-22,soro_ringer,87.0,1289.1142857142856,0.0,47.1,84
2025-02-23,soro_ringer,84.0,1205.1142857142856,0.0,56.3,120
2025-02-24,soro_ringer,86.0,1119.1142857142856,0.0,46.8,84
2025-02-25,soro_ringer,72.0,1047.1142857142856,0.0,28.0,38
2025-02-26,soro_ringer,70.0,977.1142857142856,0.0,26.7,44
2025-02-27,soro_ringer,64.0,913.1142857142856,0.0,39.8,67
2025-02-28,soro_ringer,71.0,842.1142857142856,0.0,39.9,74
2025-03-01,soro_ringer,68.0,774.1142857142856,0.0,46.1,93
2025-03-02,soro_ringer,82.0,692.1142857142856,0.0,58.7,112
2025-03-03,soro_ringer,67.0,625.1142857142856,0.0,42.3,110
2025-03-04,soro_ringer,65.0,560.1142857142856,0.0,26.1,52
2025-03-05,soro_ringer,68.0,492.11428571428564,0.0,31.9,66
2025-03-06,soro_ringer,45.0,447.11428571428564,0.0,28.9,48
2025-03-07,soro_ringer,73.0,374.11428571428564,0.0,33.6,60
2025-03-08,soro_ringer,76.0,298.11428571428564,0.0,44.7,106
2025-03-09,soro_ringer,78.0,220.11428571428564,0.0,36.2,76
2025-03-10,soro_ringer,75.0,1281.1142857142856,1136.0,50.4,115
2025-03-11,soro_ringer,91.0,1190.1142857142856,0.0,45.8,64
2025-03-12,soro_ringer,59.0,1131.1142857142856,0.0,39.7,54
2025-03-13,soro_ringer,88.0,1043.1142857142856,0.0,41.3,84
2025-03-14,soro_ringer,83.0,960.1142857142856,0.0,38.7,76
2025-03-15,soro_ringer,108.0,852.1142857142856,0.0,46.1,106
2025-03-16,soro_ringer,96.0,756.1142857142856,0.0,53.6,136
2025-03-17,soro_ringer,111.0,645.1142857142856,0.0,50.6,107
2025-03-18,soro_ringer,80.0,565.1142857142856,0.0,41.1,90
2025-03-19,soro_ringer,101.0,464.11428571428564,0.0,46.9,96
2025-03-20,soro_ringer,72.0,392.11428571428564,0.0,28.9,62
2025-03-21,soro_ringer,104.0,288.11428571428564,0.0,28.4,51
2025-03-22,soro_ringer,88.0,200.11428571428564,0.0,51.3,106
2025-03-23,soro_ringer,64.0,1411.542857142857,1275.4285714285713,46.9,91
2025-03-24,soro_ringer,77.0,1334.542857142857,0.0,46.4,89
2025-03-25,soro_ringer,63.0,1271.542857142857,0.0,36.3,80
2025-03-26,soro_ringer,83.0,1188.542857142857,0.0,39.4,64
2025-03-27,soro_ringer,77.0,1111.542857142857,0.0,43.6,95
2025-03-28,soro_ringer,86.0,1025.542857142857,0.0,50.8,99
2025-03-29,soro_ringer,85.0,940.542857142857,0.0,54.8,118
2025-03-30,soro_ringer,78.0,862.542857142857,0.0,44.1,103
2025-03-31,soro_ringer,70.0,792.542857142857,0.0,43.1,88
2025-04-01,soro_ringer,87.0,705.542857142857,0.0,45.2,86
2025-04-02,soro_ringer,88.0,617.542857142857,0.0,38.1,63
2025-04-03,soro_ringer,98.0,519.542857142857,0.0,43.1,86
2025-04-04,soro_ringer,81.0,438.542857142857,0.0,48.4,82
2025-04-05,soro_ringer,95.0,343.542857142857,0.0,50.9,95
2025-04-06,soro_ringer,82.0,261.542857142857,0.0,47.9,101
2025-04-07,soro_ringer,75.0,186.54285714285697,0.0,53.7,106
2025-04-08,soro_ringer,94.0,92.54285714285697,0.0,51.4,86
2025-04-09,soro_ringer,89.0,1300.685714285714,1297.142857142857,45.6,69
2025-04-10,soro_ringer,53.0,1247.685714285714,0.0,29.3,59
2025-04-11,soro_ringer,67.0,1180.685714285714,0.0,43.5,96
2025-04-12,soro_ringer,89.0,1091.685714285714,0.0,66.1,133
2025-04-13,soro_ringer,98.0,993.6857142857141,0.0,55.6,132
2025-04-14,soro_ringer,69.0,924.6857142857141,0.0,40.5,92
2025-04-15,soro_ringer,100.0,824.6857142857141,0.0,41.0,84
2025-04-16,soro_ringer,79.0,745.6857142857141,0.0,48.2,94
2025-04-17,soro_ringer,97.0,648.6857142857141,0.0,42.9,85
2025-04-18,soro_ringer,109.0,539.6857142857141,0.0,54.7,125
2025-04-19,soro_ringer,89.0,450.6857142857141,0.0,53.6,122
2025-04-20,soro_ringer,87.0,363.6857142857141,0.0,52.7,120
2025-04-21,soro_ringer,91.0,272.6857142857141,0.0,73.8,182
2025-04-22,soro_ringer,94.0,178.68571428571408,0.0,50.4,79
2025-04-23,soro_ringer,73.0,105.68571428571408,0.0,43.5,82
2025-04-24,soro_ringer,62.0,1379.685714285714,1336.0,65.4,138
2025-04-25,soro_ringer,74.0,1305.685714285714,0.0,42.8,89
2025-04-26,soro_ringer,75.0,1230.685714285714,0.0,62.2,141
2025-04-27,soro_ringer,79.0,1151.685714285714,0.0,48.2,107
2025-04-28,soro_ringer,96.0,1055.685714285714,0.0,32.7,85
2025-04-29,soro_ringer,59.0,996.6857142857141,0.0,27.3,55
2025-04-30,soro_ringer,85.0,911.6857142857141,0.0,33.3,77
2025-05-01,soro_ringer,111.0,800.6857142857141,0.0,42.4,108
2025-05-02,soro_ringer,70.0,730.6857142857141,0.0,32.6,68
2025-05-03,soro_ringer,85.0,645.6857142857141,0.0,54.2,101
2025-05-04,soro_ringer,95.0,550.6857142857141,0.0,56.1,122
2025-05-05,soro_ringer,94.0,456.6857142857141,0.0,53.1,98
2025-05-06,soro_ringer,82.0,374.6857142857141,0.0,45.3,86
2025-05-07,soro_ringer,75.0,299.6857142857141,0.0,43.0,75
2025-05-08,soro_ringer,66.0,233.68571428571408,0.0,32.7,65
2025-05-09,soro_ringer,54.0,1488.2571428571428,1308.5714285714287,37.7,63
2025-05-10,soro_ringer,84.0,1404.2571428571428,0.0,54.7,109
2025-05-11,soro_ringer,76.0,1328.2571428571428,0.0,47.0,102
2025-05-12,soro_ringer,88.0,1240.2571428571428,0.0,38.9,66
2025-05-13,soro_ringer,81.0,1159.2571428571428,0.0,38.3,64
2025-05-14,soro_ringer,69.0,1090.2571428571428,0.0,40.1,82
2025-05-15,soro_ringer,75.0,1015.2571428571428,0.0,46.5,107
2025-05-16,soro_ringer,79.0,936.2571428571428,0.0,45.3,104
2025-05-17,soro_ringer,109.0,827.2571428571428,0.0,53.5,113
2025-05-18,soro_ringer,64.0,763.2571428571428,0.0,49.5,99
2025-05-19,soro_ringer,48.0,715.2571428571428,0.0,30.0,56
2025-05-20,soro_ringer,68.0,647.2571428571428,0.0,48.3,99
2025-05-21,soro_ringer,81.0,566.2571428571428,0.0,52.3,104
2025-05-22,soro_ringer,68.0,498.25714285714275,0.0,40.2,69
2025-05-23,soro_ringer,101.0,397.25714285714275,0.0,52.7,94
2025-05-24,soro_ringer,80.0,317.25714285714275,0.0,62.1,124
2025-05-25,soro_ringer,77.0,240.25714285714275,0.0,44.2,99
2025-05-26,soro_ringer,58.0,1366.2571428571428,1184.0,47.3,77
2025-05-27,soro_ringer,76.0,1290.2571428571428,0.0,40.5,83
2025-05-28,soro_ringer,75.0,1215.2571428571428,0.0,44.0,75
2025-05-29,soro_ringer,91.0,1124.2571428571428,0.0,50.3,104
2025-05-30,soro_ringer,104.0,1020.2571428571428,0.0,51.8,114
2025-05-31,soro_ringer,116.0,904.2571428571428,0.0,45.9,113
2025-06-01,soro_ringer,96.0,808.2571428571428,0.0,52.5,113
2025-06-02,soro_ringer,88.0,720.2571428571428,0.0,45.5,109
2025-06-03,soro_ringer,65.0,655.2571428571428,0.0,57.4,114
2025-06-04,soro_ringer,63.0,592.2571428571428,0.0,54.0,98
2025-06-05,soro_ringer,71.0,521.2571428571428,0.0,38.4,80
2025-06-06,soro_ringer,74.0,447.25714285714275,0.0,51.9,106
2025-06-07,soro_ringer,86.0,361.25714285714275,0.0,50.6,114
2025-06-08,soro_ringer,84.0,277.25714285714275,0.0,59.4,138
2025-06-09,soro_ringer,67.0,210.25714285714275,0.0,46.1,84
2025-06-10,soro_ringer,70.0,1487.685714285714,1347.4285714285713,48.4,100
2025-06-11,soro_ringer,71.0,1416.685714285714,0.0,42.2,62
2025-06-12,soro_ringer,52.0,1364.685714285714,0.0,40.4,82
2025-06-13,soro_ringer,75.0,1289.685714285714,0.0,50.8,95
2025-06-14,soro_ringer,81.0,1208.685714285714,0.0,53.9,114
2025-06-15,soro_ringer,101.0,1107.685714285714,0.0,53.5,105
2025-06-16,soro_ringer,75.0,1032.685714285714,0.0,42.6,88
2025-06-17,soro_ringer,68.0,964.6857142857141,0.0,37.9,70
2025-06-18,soro_ringer,84.0,880.6857142857141,0.0,39.7,76
2025-06-19,soro_ringer,98.0,782.6857142857141,0.0,37.9,79
2025-06-20,soro_ringer,71.0,711.6857142857141,0.0,43.5,78
2025-06-21,soro_ringer,104.0,607.6857142857141,0.0,60.6,127
2025-06-22,soro_ringer,77.0,530.6857142857141,0.0,44.3,81
2025-06-23,soro_ringer,84.0,446.6857142857141,0.0,53.0,95
2025-06-24,soro_ringer,74.0,372.6857142857141,0.0,35.5,46
2025-06-25,soro_ringer,86.0,286.6857142857141,0.0,35.2,66
2025-06-26,soro_ringer,66.0,220.68571428571408,0.0,37.5,64
2025-06-27,soro_ringer,83.0,137.68571428571408,0.0,40.1,83
2025-06-28,soro_ringer,74.0,1321.9714285714283,1258.2857142857142,50.4,105
2025-06-29,soro_ringer,72.0,1249.9714285714283,0.0,45.5,98
2025-06-30,soro_ringer,92.0,1157.9714285714283,0.0,53.7,96
2025-07-01,soro_ringer,90.0,1067.9714285714283,0.0,43.0,80
2025-07-02,soro_ringer,58.0,1009.9714285714283,0.0,39.3,76
2025-07-03,soro_ringer,69.0,940.9714285714283,0.0,42.9,70
2025-07-04,soro_ringer,70.0,870.9714285714283,0.0,35.7,88
2025-07-05,soro_ringer,66.0,804.9714285714283,0.0,43.0,107
2025-07-06,soro_ringer,72.0,732.9714285714283,0.0,51.1,98
2025-07-07,soro_ringer,81.0,651.9714285714283,0.0,54.1,115
2025-07-08,soro_ringer,75.0,576.9714285714283,0.0,42.6,80
2025-07-09,soro_ringer,57.0,519.9714285714283,0.0,32.4,69
2025-07-10,soro_ringer,62.0,457.9714285714283,0.0,36.9,67
2025-07-11,soro_ringer,60.0,397.9714285714283,0.0,45.4,68
2025-07-12,soro_ringer,65.0,332.9714285714283,0.0,43.8,77
2025-07-13,soro_ringer,80.0,252.9714285714283,0.0,54.2,114
2025-07-14,soro_ringer,77.0,175.9714285714283,0.0,39.8,80
2025-07-15,soro_ringer,55.0,1324.3999999999996,1203.4285714285713,38.3,75
2025-07-16,soro_ringer,67.0,1257.3999999999996,0.0,36.2,89
2025-07-17,soro_ringer,82.0,1175.3999999999996,0.0,36.3,62
2025-07-18,soro_ringer,60.0,1115.3999999999996,0.0,48.8,91
2025-07-19,soro_ringer,61.0,1054.3999999999996,0.0,51.7,127
2025-07-20,soro_ringer,75.0,979.3999999999996,0.0,47.7,105
2025-07-21,soro_ringer,72.0,907.3999999999996,0.0,38.7,85
2025-07-22,soro_ringer,65.0,842.3999999999996,0.0,38.8,83
2025-07-23,soro_ringer,99.0,743.3999999999996,0.0,46.0,92
2025-07-24,soro_ringer,73.0,670.3999999999996,0.0,20.7,44
2025-07-25,soro_ringer,63.0,607.3999999999996,0.0,39.1,66
2025-07-26,soro_ringer,107.0,500.39999999999964,0.0,59.3,122
2025-07-27,soro_ringer,98.0,402.39999999999964,0.0,48.3,102
2025-07-28,soro_ringer,75.0,327.39999999999964,0.0,40.8,106
2025-07-29,soro_ringer,89.0,238.39999999999964,0.0,31.7,63
2025-07-30,soro_ringer,69.0,169.39999999999964,0.0,50.0,90
2025-07-31,soro_ringer,88.0,1217.3999999999996,1136.0,31.5,83
2025-08-01,soro_ringer,80.0,1137.3999999999996,0.0,31.1,54
2025-08-02,soro_ringer,82.0,1055.3999999999996,0.0,49.8,117
2025-08-03,soro_ringer,68.0,987.3999999999996,0.0,37.8,60
2025-08-04,soro_ringer,65.0,922.3999999999996,0.0,41.7,88
2025-08-05,soro_ringer,67.0,855.3999999999996,0.0,57.6,121
2025-08-06,soro_ringer,79.0,776.3999999999996,0.0,37.6,62
2025-08-07,soro_ringer,81.0,695.3999999999996,0.0,52.8,91
2025-08-08,soro_ringer,52.0,643.3999999999996,0.0,39.4,76
2025-08-09,soro_ringer,80.0,563.3999999999996,0.0,43.8,82
2025-08-10,soro_ringer,63.0,500.39999999999964,0.0,42.3,99
2025-08-11,soro_ringer,54.0,446.39999999999964,0.0,52.3,97
2025-08-12,soro_ringer,78.0,368.39999999999964,0.0,44.1,96
2025-08-13,soro_ringer,69.0,299.39999999999964,0.0,27.8,47
2025-08-14,soro_ringer,113.0,1456.1142857142854,1269.7142857142858,49.9,104
2025-08-15,soro_ringer,81.0,1375.1142857142854,0.0,44.4,106
2025-08-16,soro_ringer,65.0,1310.1142857142854,0.0,52.3,108
2025-08-17,soro_ringer,76.0,1234.1142857142854,0.0,51.8,98
2025-08-18,soro_ringer,84.0,1150.1142857142854,0.0,55.7,117
2025-08-19,soro_ringer,68.0,1082.1142857142854,0.0,30.3,66
2025-08-20,soro_ringer,58.0,1024.1142857142854,0.0,47.7,99
2025-08-21,soro_ringer,80.0,944.1142857142854,0.0,52.6,103
2025-08-22,soro_ringer,65.0,879.1142857142854,0.0,28.5,64
2025-08-23,soro_ringer,82.0,797.1142857142854,0.0,54.8,130
2025-08-24,soro_ringer,76.0,721.1142857142854,0.0,46.5,84
2025-08-25,soro_ringer,80.0,641.1142857142854,0.0,52.5,108
2025-08-26,soro_ringer,85.0,556.1142857142854,0.0,39.4,69
2025-08-27,soro_ringer,68.0,488.1142857142854,0.0,42.4,61
2025-08-28,soro_ringer,55.0,433.1142857142854,0.0,40.0,70
2025-08-29,soro_ringer,68.0,365.1142857142854,0.0,49.5,95
2025-08-30,soro_ringer,98.0,267.1142857142854,0.0,64.0,113
2025-08-31,soro_ringer,64.0,203.11428571428542,0.0,43.9,89
2025-09-01,soro_ringer,75.0,1356.685714285714,1228.5714285714287,52.4,120
2025-09-02,soro_ringer,73.0,1283.685714285714,0.0,40.5,72
2025-09-03,soro_ringer,78.0,1205.685714285714,0.0,41.2,74
2025-09-04,soro_ringer,75.0,1130.685714285714,0.0,36.0,70
2025-09-05,soro_ringer,86.0,1044.685714285714,0.0,42.4,94
2025-09-06,soro_ringer,79.0,965.6857142857141,0.0,58.5,102
2025-09-07,soro_ringer,58.0,907.6857142857141,0.0,68.8,154
2025-09-08,soro_ringer,74.0,833.6857142857141,0.0,47.1,104
2025-09-09,soro_ringer,80.0,753.6857142857141,0.0,43.9,76
2025-09-10,soro_ringer,66.0,687.6857142857141,0.0,38.4,72
2025-09-11,soro_ringer,80.0,607.6857142857141,0.0,44.1,90
2025-09-12,soro_ringer,68.0,539.6857142857141,0.0,41.0,72
2025-09-13,soro_ringer,69.0,470.6857142857141,0.0,41.7,95
2025-09-14,soro_ringer,86.0,384.6857142857141,0.0,53.5,110
2025-09-15,soro_ringer,74.0,310.6857142857141,0.0,44.3,66
2025-09-16,soro_ringer,102.0,208.68571428571408,0.0,39.6,69
2025-09-17,soro_ringer,69.0,1344.2571428571428,1204.5714285714287,33.8,62
2025-09-18,soro_ringer,70.0,1274.2571428571428,0.0,38.9,78
2025-09-19,soro_ringer,51.0,1223.2571428571428,0.0,38.9,77
2025-09-20,soro_ringer,115.0,1108.2571428571428,0.0,47.2,99
2025-09-21,soro_ringer,72.0,1036.2571428571428,0.0,42.2,86
2025-09-22,soro_ringer,94.0,942.2571428571428,0.0,53.0,102
2025-09-23,soro_ringer,54.0,888.2571428571428,0.0,42.4,102
2025-09-24,soro_ringer,91.0,797.2571428571428,0.0,46.4,84
2025-09-25,soro_ringer,64.0,733.2571428571428,0.0,32.7,59
2025-09-26,soro_ringer,56.0,677.2571428571428,0.0,45.5,87
2025-09-27,soro_ringer,64.0,613.2571428571428,0.0,45.5,104
2025-09-28,soro_ringer,100.0,513.2571428571428,0.0,56.4,107
2025-09-29,soro_ringer,96.0,417.25714285714275,0.0,39.6,60
2025-09-30,soro_ringer,104.0,313.25714285714275,0.0,48.9,90
2025-10-01,soro_ringer,113.0,200.25714285714275,0.0,41.8,98
2025-10-02,soro_ringer,77.0,1342.685714285714,1219.4285714285713,40.0,66
2025-10-03,soro_ringer,77.0,1265.685714285714,0.0,49.5,98
2025-10-04,soro_ringer,65.0,1200.685714285714,0.0,60.7,153
2025-10-05,soro_ringer,101.0,1099.685714285714,0.0,49.2,102
2025-10-06,soro_ringer,86.0,1013.6857142857141,0.0,42.3,78
2025-10-07,soro_ringer,73.0,940.6857142857141,0.0,40.0,69
2025-10-08,soro_ringer,79.0,861.6857142857141,0.0,52.4,109
2025-10-09,soro_ringer,84.0,777.6857142857141,0.0,38.6,68
2025-10-10,soro_ringer,61.0,716.6857142857141,0.0,35.6,46
2025-10-11,soro_ringer,76.0,640.6857142857141,0.0,60.5,120
2025-10-12,soro_ringer,105.0,535.6857142857141,0.0,68.6,190
2025-10-13,soro_ringer,80.0,455.6857142857141,0.0,48.0,102
2025-10-14,soro_ringer,69.0,386.6857142857141,0.0,55.3,121
2025-10-15,soro_ringer,56.0,330.6857142857141,0.0,26.5,57
2025-10-16,soro_ringer,72.0,1607.2571428571428,1348.5714285714287,51.4,107
2025-10-17,soro_ringer,95.0,1512.2571428571428,0.0,46.6,80
2025-10-18,soro_ringer,66.0,1446.2571428571428,0.0,42.1,94
2025-10-19,soro_ringer,72.0,1374.2571428571428,0.0,49.9,100
2025-10-20,soro_ringer,72.0,1302.2571428571428,0.0,51.9,120
2025-10-21,soro_ringer,72.0,1230.2571428571428,0.0,36.8,74
2025-10-22,soro_ringer,95.0,1135.2571428571428,0.0,39.8,58
2025-10-23,soro_ringer,72.0,1063.2571428571428,0.0,38.0,76
2025-10-24,soro_ringer,113.0,950.2571428571428,0.0,42.7,78
2025-10-25,soro_ringer,90.0,860.2571428571428,0.0,49.5,124
2025-10-26,soro_ringer,81.0,779.2571428571428,0.0,60.6,113
2025-10-27,soro_ringer,73.0,706.2571428571428,0.0,42.3,75
2025-10-28,soro_ringer,67.0,639.2571428571428,0.0,29.0,46
2025-10-29,soro_ringer,62.0,577.2571428571428,0.0,45.6,85
2025-10-30,soro_ringer,46.0,531.2571428571428,0.0,29.3,61
2025-10-31,soro_ringer,78.0,453.25714285714275,0.0,41.8,67
2025-11-01,soro_ringer,83.0,370.25714285714275,0.0,50.8,110
2025-11-02,soro_ringer,96.0,274.25714285714275,0.0,61.1,138
2025-11-03,soro_ringer,81.0,193.25714285714275,0.0,32.3,59
2025-11-04,soro_ringer,61.0,132.25714285714275,0.0,33.7,64
2025-11-05,soro_ringer,68.0,1316.8285714285714,1252.5714285714287,47.2,88
2025-11-06,soro_ringer,75.0,1241.8285714285714,0.0,40.5,74
2025-11-07,soro_ringer,59.0,1182.8285714285714,0.0,56.8,116
2025-11-08,soro_ringer,85.0,1097.8285714285714,0.0,51.4,108
2025-11-09,soro_ringer,125.0,972.8285714285714,0.0,58.3,122
2025-11-10,soro_ringer,67.0,905.8285714285714,0.0,36.4,70
2025-11-11,soro_ringer,90.0,815.8285714285714,0.0,54.0,90
2025-11-12,soro_ringer,76.0,739.8285714285714,0.0,31.8,70
2025-11-13,soro_ringer,106.0,633.8285714285714,0.0,59.2,116
2025-11-14,soro_ringer,74.0,559.8285714285714,0.0,41.5,64
2025-11-15,soro_ringer,75.0,484.8285714285714,0.0,58.1,137
2025-11-16,soro_ringer,88.0,396.8285714285714,0.0,53.3,88
2025-11-17,soro_ringer,62.0,334.8285714285714,0.0,56.1,110
2025-11-18,soro_ringer,50.0,284.8285714285714,0.0,40.2,65
2025-11-19,soro_ringer,68.0,216.82857142857142,0.0,37.2,67
2025-11-20,soro_ringer,93.0,1438.1142857142856,1314.2857142857142,48.8,103
2025-11-21,soro_ringer,79.0,1359.1142857142856,0.0,42.5,85
2025-11-22,soro_ringer,68.0,1291.1142857142856,0.0,49.8,99
2025-11-23,soro_ringer,92.0,1199.1142857142856,0.0,54.9,102
2025-11-24,soro_ringer,52.0,1147.1142857142856,0.0,37.1,65
2025-11-25,soro_ringer,73.0,1074.1142857142856,0.0,26.7,48
2025-11-26,soro_ringer,75.0,999.1142857142856,0.0,39.6,65
2025-11-27,soro_ringer,64.0,935.1142857142856,0.0,35.5,52
2025-11-28,soro_ringer,71.0,864.1142857142856,0.0,26.7,30
2025-11-29,soro_ringer,102.0,762.1142857142856,0.0,47.7,89
2025-11-30,soro_ringer,74.0,688.1142857142856,0.0,53.8,118
2025-12-01,soro_ringer,62.0,626.1142857142856,0.0,44.5,99
2025-12-02,soro_ringer,80.0,546.1142857142856,0.0,33.9,68
2025-12-03,soro_ringer,91.0,455.11428571428564,0.0,28.7,62
2025-12-04,soro_ringer,91.0,364.11428571428564,0.0,48.8,98
2025-12-05,soro_ringer,66.0,298.11428571428564,0.0,47.6,98
2025-12-06,soro_ringer,71.0,227.11428571428564,0.0,38.4,76
2025-12-07,soro_ringer,81.0,146.11428571428564,0.0,36.8,100
2025-12-08,soro_ringer,96.0,50.11428571428564,0.0,46.1,107
2025-12-09,soro_ringer,69.0,1150.2571428571428,1169.142857142857,41.2,66
2025-12-10,soro_ringer,72.0,1078.2571428571428,0.0,43.8,94
2025-12-11,soro_ringer,73.0,1005.2571428571428,0.0,43.4,81
2025-12-12,soro_ringer,70.0,935.2571428571428,0.0,32.5,70
2025-12-13,soro_ringer,70.0,865.2571428571428,0.0,47.3,80
2025-12-14,soro_ringer,70.0,795.2571428571428,0.0,44.2,89
2025-12-15,soro_ringer,57.0,738.2571428571428,0.0,34.0,55
2025-12-16,soro_ringer,89.0,649.2571428571428,0.0,41.8,54
2025-12-17,soro_ringer,65.0,584.2571428571428,0.0,38.9,55
2025-12-18,soro_ringer,66.0,518.2571428571428,0.0,36.9,70
2025-12-19,soro_ringer,64.0,454.25714285714275,0.0,37.1,74
2025-12-20,soro_ringer,73.0,381.25714285714275,0.0,43.4,89
2025-12-21,soro_ringer,89.0,292.25714285714275,0.0,48.9,95
2025-12-22,soro_ringer,72.0,1438.542857142857,1218.2857142857142,49.2,103
2025-12-23,soro_ringer,67.0,1371.542857142857,0.0,29.2,49
2025-12-24,soro_ringer,65.0,1306.542857142857,0.0,38.0,53
2025-12-25,soro_ringer,73.0,1233.542857142857,0.0,53.7,116
2025-12-26,soro_ringer,75.0,1158.542857142857,0.0,52.2,84
2025-12-27,soro_ringer,77.0,1081.542857142857,0.0,40.9,77
2025-12-28,soro_ringer,77.0,1004.542857142857,0.0,62.0,118
2025-12-29,soro_ringer,57.0,947.542857142857,0.0,38.5,67
2025-12-30,soro_ringer,82.0,865.542857142857,0.0,36.0,53
2025-12-31,soro_ringer,65.0,800.542857142857,0.0,36.6,74
2024-01-01,salbutamol,93.0,1488.0,0.0,52.7,111
2024-01-02,salbutamol,72.0,1416.0,0.0,33.6,51
2024-01-03,salbutamol,41.0,1375.0,0.0,34.2,61
2024-01-04,salbutamol,46.0,1329.0,0.0,32.6,51
2024-01-05,salbutamol,42.0,1287.0,0.0,24.7,30
2024-01-06,salbutamol,49.0,1238.0,0.0,41.6,71
2024-01-07,salbutamol,58.0,1180.0,0.0,51.5,99
2024-01-08,salbutamol,65.0,1115.0,0.0,29.9,65
2024-01-09,salbutamol,46.0,1069.0,0.0,20.0,44
2024-01-10,salbutamol,54.0,1015.0,0.0,37.5,57
2024-01-11,salbutamol,61.0,954.0,0.0,49.8,90
2024-01-12,salbutamol,64.0,890.0,0.0,37.9,81
2024-01-13,salbutamol,65.0,825.0,0.0,34.2,80
2024-01-14,salbutamol,68.0,757.0,0.0,43.7,85
2024-01-15,salbutamol,72.0,685.0,0.0,38.7,61
2024-01-16,salbutamol,43.0,642.0,0.0,33.7,37
2024-01-17,salbutamol,63.0,579.0,0.0,32.8,49
2024-01-18,salbutamol,48.0,531.0,0.0,28.6,47
2024-01-19,salbutamol,46.0,485.0,0.0,26.8,48
2024-01-20,salbutamol,63.0,422.0,0.0,39.9,75
2024-01-21,salbutamol,72.0,350.0,0.0,40.7,81
2024-01-22,salbutamol,52.0,298.0,0.0,22.5,37
2024-01-23,salbutamol,47.0,251.0,0.0,38.6,48
2024-01-24,salbutamol,56.0,195.0,0.0,36.8,46
2024-01-25,salbutamol,56.0,1108.0,969.0,33.2,43
2024-01-26,salbutamol,61.0,1047.0,0.0,26.7,48
2024-01-27,salbutamol,54.0,993.0,0.0,47.1,86
2024-01-28,salbutamol,45.0,948.0,0.0,40.6,70
2024-01-29,salbutamol,53.0,895.0,0.0,51.4,103
2024-01-30,salbutamol,50.0,845.0,0.0,35.7,49
2024-01-31,salbutamol,42.0,803.0,0.0,46.2,86
2024-02-01,salbutamol,38.0,765.0,0.0,34.4,51
2024-02-02,salbutamol,33.0,732.0,0.0,29.8,39
2024-02-03,salbutamol,39.0,693.0,0.0,40.2,72
2024-02-04,salbutamol,41.0,652.0,0.0,31.0,70
2024-02-05,salbutamol,43.0,609.0,0.0,39.8,74
2024-02-06,salbutamol,37.0,572.0,0.0,29.2,51
2024-02-07,salbutamol,55.0,517.0,0.0,34.0,73
2024-02-08,salbutamol,62.0,455.0,0.0,42.0,62
2024-02-09,salbutamol,53.0,402.0,0.0,51.3,88
2024-02-10,salbutamol,58.0,344.0,0.0,53.0,97
2024-02-11,salbutamol,84.0,260.0,0.0,59.8,129
2024-02-12,salbutamol,60.0,200.0,0.0,55.4,104
2024-02-13,salbutamol,59.0,141.0,0.0,46.5,94
2024-02-14,salbutamol,54.0,87.0,0.0,40.7,75
2024-02-15,salbutamol,60.0,27.0,0.0,42.8,96
2024-02-16,salbutamol,63.0,756.9285714285714,792.9285714285714,55.8,116
2024-02-17,salbutamol,76.0,680.9285714285714,0.0,58.6,128
2024-02-18,salbutamol,65.0,615.9285714285714,0.0,72.4,183
2024-02-19,salbutamol,60.0,555.9285714285714,0.0,61.3,137
2024-02-20,salbutamol,54.0,501.92857142857144,0.0,55.3,120
2024-02-21,salbutamol,51.0,450.92857142857144,0.0,73.6,151
2024-02-22,salbutamol,64.0,386.92857142857144,0.0,49.7,93
2024-02-23,salbutamol,58.0,328.92857142857144,0.0,56.0,121
2024-02-24,salbutamol,64.0,264.92857142857144,0.0,60.4,131
2024-02-25,salbutamol,79.0,185.92857142857144,0.0,65.6,148
2024-02-26,salbutamol,65.0,120.92857142857144,0.0,61.8,140
2024-02-27,salbutamol,75.0,45.928571428571445,0.0,56.9,136
2024-02-28,salbutamol,76.0,997.2142857142858,1027.2857142857142,54.6,119
2024-02-29,salbutamol,61.0,936.2142857142858,0.0,63.8,152
2024-03-01,salbutamol,57.0,879.2142857142858,0.0,50.9,121
2024-03-02,salbutamol,44.0,835.2142857142858,0.0,63.2,136
2024-03-03,salbutamol,54.0,781.2142857142858,0.0,64.2,140
2024-03-04,salbutamol,55.0,726.2142857142858,0.0,60.3,154
2024-03-05,salbutamol,67.0,659.2142857142858,0.0,58.6,130
2024-03-06,salbutamol,62.0,597.2142857142858,0.0,59.9,121
2024-03-07,salbutamol,51.0,546.2142857142858,0.0,56.7,111
2024-03-08,salbutamol,57.0,489.2142857142858,0.0,60.7,123
2024-03-09,salbutamol,76.0,413.2142857142858,0.0,83.7,200
2024-03-10,salbutamol,62.0,351.2142857142858,0.0,70.4,172
2024-03-11,salbutamol,61.0,290.2142857142858,0.0,58.3,140
2024-03-12,salbutamol,65.0,225.21428571428578,0.0,54.9,114
2024-03-13,salbutamol,64.0,161.21428571428578,0.0,53.3,109
2024-03-14,salbutamol,57.0,1174.0,1069.7857142857142,70.9,149
2024-03-15,salbutamol,48.0,1126.0,0.0,69.1,146
2024-03-16,salbutamol,56.0,1070.0,0.0,61.7,139
2024-03-17,salbutamol,64.0,1006.0,0.0,58.3,142
2024-03-18,salbutamol,66.0,940.0,0.0,62.4,143
2024-03-19,salbutamol,41.0,899.0,0.0,50.9,104
2024-03-20,salbutamol,63.0,836.0,0.0,57.9,129
2024-03-21,salbutamol,62.0,774.0,0.0,66.6,158
2024-03-22,salbutamol,54.0,720.0,0.0,52.1,107
2024-03-23,salbutamol,72.0,648.0,0.0,62.0,144
2024-03-24,salbutamol,69.0,579.0,0.0,57.6,133
2024-03-25,salbutamol,39.0,540.0,0.0,49.5,99
2024-03-26,salbutamol,51.0,489.0,0.0,50.1,109
2024-03-27,salbutamol,74.0,415.0,0.0,59.4,128
2024-03-28,salbutamol,34.0,381.0,0.0,47.6,94
2024-03-29,salbutamol,84.0,297.0,0.0,62.6,153
2024-03-30,salbutamol,61.0,236.0,0.0,66.3,156
2024-03-31,salbutamol,69.0,1189.4285714285716,1022.4285714285714,77.8,167
2024-04-01,salbutamol,41.0,1148.4285714285716,0.0,53.0,126
2024-04-02,salbutamol,48.0,1100.4285714285716,0.0,32.8,79
2024-04-03,salbutamol,64.0,1036.4285714285716,0.0,53.0,134
2024-04-04,salbutamol,66.0,970.4285714285716,0.0,51.5,108
2024-04-05,salbutamol,60.0,910.4285714285716,0.0,47.7,97
2024-04-06,salbutamol,63.0,847.4285714285716,0.0,59.3,132
2024-04-07,salbutamol,76.0,771.4285714285716,0.0,48.9,87
2024-04-08,salbutamol,61.0,710.4285714285716,0.0,51.9,140
2024-04-09,salbutamol,54.0,656.4285714285716,0.0,51.6,104
2024-04-10,salbutamol,65.0,591.4285714285716,0.0,67.4,136
2024-04-11,salbutamol,57.0,534.4285714285716,0.0,56.3,135
2024-04-12,salbutamol,68.0,466.42857142857156,0.0,53.0,117
2024-04-13,salbutamol,56.0,410.42857142857156,0.0,62.0,147
2024-04-14,salbutamol,46.0,364.42857142857156,0.0,47.8,108
2024-04-15,salbutamol,59.0,305.42857142857156,0.0,47.3,100
2024-04-16,salbutamol,73.0,232.42857142857156,0.0,56.7,107
2024-04-17,salbutamol,58.0,1201.7142857142858,1027.2857142857142,45.4,70
2024-04-18,salbutamol,51.0,1150.7142857142858,0.0,48.6,104
2024-04-19,salbutamol,64.0,1086.7142857142858,0.0,58.0,105
2024-04-20,salbutamol,53.0,1033.7142857142858,0.0,56.8,123
2024-04-21,salbutamol,76.0,957.7142857142858,0.0,86.4,188
2024-04-22,salbutamol,77.0,880.7142857142858,0.0,38.8,73
2024-04-23,salbutamol,69.0,811.7142857142858,0.0,37.6,67
2024-04-24,salbutamol,68.0,743.7142857142858,0.0,42.4,78
2024-04-25,salbutamol,61.0,682.7142857142858,0.0,53.3,77
2024-04-26,salbutamol,79.0,603.7142857142858,0.0,43.6,76
2024-04-27,salbutamol,56.0,547.7142857142858,0.0,52.4,119
2024-04-28,salbutamol,73.0,474.7142857142858,0.0,60.2,122
2024-04-29,salbutamol,83.0,391.7142857142858,0.0,56.9,128
2024-04-30,salbutamol,51.0,340.7142857142858,0.0,35.1,67
2024-05-01,salbutamol,43.0,297.7142857142858,0.0,60.6,124
2024-05-02,salbutamol,51.0,246.71428571428578,0.0,45.2,90
2024-05-03,salbutamol,59.0,187.71428571428578,0.0,50.4,102
2024-05-04,salbutamol,60.0,127.71428571428578,0.0,60.9,135
2024-05-05,salbutamol,66.0,1142.4285714285716,1080.7142857142858,50.3,101
2024-05-06,salbutamol,55.0,1087.4285714285716,0.0,60.1,128
2024-05-07,salbutamol,72.0,1015.4285714285716,0.0,27.2,61
2024-05-08,salbutamol,60.0,955.4285714285716,0.0,44.3,80
2024-05-09,salbutamol,63.0,892.4285714285716,0.0,34.2,70
2024-05-10,salbutamol,89.0,803.4285714285716,0.0,39.3,90
2024-05-11,salbutamol,47.0,756.4285714285716,0.0,50.8,107
2024-05-12,salbutamol,72.0,684.4285714285716,0.0,56.3,121
2024-05-13,salbutamol,68.0,616.4285714285716,0.0,49.7,111
2024-05-14,salbutamol,52.0,564.4285714285716,0.0,45.3,81
2024-05-15,salbutamol,49.0,515.4285714285716,0.0,29.2,60
2024-05-16,salbutamol,57.0,458.42857142857156,0.0,50.1,109
2024-05-17,salbutamol,89.0,369.42857142857156,0.0,53.3,120
2024-05-18,salbutamol,63.0,306.42857142857156,0.0,63.1,142
2024-05-19,salbutamol,65.0,241.42857142857156,0.0,65.8,146
2024-05-20,salbutamol,57.0,184.42857142857156,0.0,44.2,99
2024-05-21,salbutamol,63.0,121.42857142857156,0.0,36.8,58
2024-05-22,salbutamol,61.0,1101.0714285714287,1040.642857142857,39.4,73
2024-05-23,salbutamol,100.0,1001.0714285714287,0.0,41.4,101
2024-05-24,salbutamol,54.0,947.0714285714287,0.0,31.3,73
2024-05-25,salbutamol,59.0,888.0714285714287,0.0,47.8,98
2024-05-26,salbutamol,77.0,811.0714285714287,0.0,49.1,104
2024-05-27,salbutamol,66.0,745.0714285714287,0.0,43.6,87
2024-05-28,salbutamol,46.0,699.0714285714287,0.0,50.6,106
2024-05-29,salbutamol,78.0,621.0714285714287,0.0,36.2,62
2024-05-30,salbutamol,71.0,550.0714285714287,0.0,40.1,65
2024-05-31,salbutamol,70.0,480.07142857142867,0.0,31.2,63
2024-06-01,salbutamol,59.0,421.07142857142867,0.0,36.2,78
2024-06-02,salbutamol,65.0,356.07142857142867,0.0,43.2,97
2024-06-03,salbutamol,78.0,278.07142857142867,0.0,44.8,86
2024-06-04,salbutamol,59.0,219.07142857142867,0.0,67.9,141
2024-06-05,salbutamol,60.0,159.07142857142867,0.0,39.9,80
2024-06-06,salbutamol,62.0,97.07142857142867,0.0,34.0,87
2024-06-07,salbutamol,71.0,1161.4285714285716,1135.357142857143,28.1,61
2024-06-08,salbutamol,86.0,1075.4285714285716,0.0,51.9,119
2024-06-09,salbutamol,80.0,995.4285714285716,0.0,45.0,96
2024-06-10,salbutamol,60.0,935.4285714285716,0.0,41.0,83
2024-06-11,salbutamol,53.0,882.4285714285716,0.0,47.7,97
2024-06-12,salbutamol,78.0,804.4285714285716,0.0,39.6,78
2024-06-13,salbutamol,83.0,721.4285714285716,0.0,55.2,107
2024-06-14,salbutamol,62.0,659.4285714285716,0.0,41.7,88
2024-06-15,salbutamol,66.0,593.4285714285716,0.0,55.3,129
2024-06-16,salbutamol,74.0,519.4285714285716,0.0,53.3,108
2024-06-17,salbutamol,64.0,455.42857142857156,0.0,36.1,82
2024-06-18,salbutamol,77.0,378.42857142857156,0.0,39.3,69
2024-06-19,salbutamol,69.0,309.42857142857156,0.0,40.6,76
2024-06-20,salbutamol,50.0,259.42857142857156,0.0,43.4,87
2024-06-21,salbutamol,81.0,178.42857142857156,0.0,40.6,59
2024-06-22,salbutamol,105.0,73.42857142857156,0.0,50.7,113
2024-06-23,salbutamol,77.0,1157.2857142857144,1160.857142857143,53.3,90
2024-06-24,salbutamol,97.0,1060.2857142857144,0.0,41.0,81
2024-06-25,salbutamol,65.0,995.2857142857144,0.0,49.4,117
2024-06-26,salbutamol,47.0,948.2857142857144,0.0,38.4,70
2024-06-27,salbutamol,70.0,878.2857142857144,0.0,35.2,74
2024-06-28,salbutamol,76.0,802.2857142857144,0.0,35.8,72
2024-06-29,salbutamol,102.0,700.2857142857144,0.0,63.1,137
2024-06-30,salbutamol,94.0,606.2857142857144,0.0,54.3,110
2024-07-01,salbutamol,75.0,531.2857142857144,0.0,45.8,99
2024-07-02,salbutamol,80.0,451.28571428571445,0.0,57.4,114
2024-07-03,salbutamol,97.0,354.28571428571445,0.0,56.7,110
2024-07-04,salbutamol,90.0,264.28571428571445,0.0,49.8,87
2024-07-05,salbutamol,70.0,194.28571428571445,0.0,50.4,99
2024-07-06,salbutamol,93.0,1381.1428571428573,1279.857142857143,56.8,108
2024-07-07,salbutamol,59.0,1322.1428571428573,0.0,32.7,76
2024-07-08,salbutamol,77.0,1245.1428571428573,0.0,49.8,107
2024-07-09,salbutamol,56.0,1189.1428571428573,0.0,49.0,111
2024-07-10,salbutamol,66.0,1123.1428571428573,0.0,44.9,88
2024-07-11,salbutamol,87.0,1036.1428571428573,0.0,43.2,91
2024-07-12,salbutamol,67.0,969.1428571428573,0.0,47.9,100
2024-07-13,salbutamol,77.0,892.1428571428573,0.0,51.6,87
2024-07-14,salbutamol,84.0,808.1428571428573,0.0,52.8,114
2024-07-15,salbutamol,68.0,740.1428571428573,0.0,48.5,95
2024-07-16,salbutamol,75.0,665.1428571428573,0.0,42.1,84
2024-07-17,salbutamol,72.0,593.1428571428573,0.0,39.8,74
2024-07-18,salbutamol,80.0,513.1428571428573,0.0,39.5,74
2024-07-19,salbutamol,67.0,446.14285714285734,0.0,39.9,70
2024-07-20,salbutamol,83.0,363.14285714285734,0.0,74.3,160
2024-07-21,salbutamol,71.0,292.14285714285734,0.0,51.7,90
2024-07-22,salbutamol,58.0,1534.6428571428573,1300.5,41.4,76
2024-07-23,salbutamol,95.0,1439.6428571428573,0.0,35.9,57
2024-07-24,salbutamol,82.0,1357.6428571428573,0.0,34.2,72
2024-07-25,salbutamol,74.0,1283.6428571428573,0.0,37.7,70
2024-07-26,salbutamol,63.0,1220.6428571428573,0.0,35.6,52
2024-07-27,salbutamol,64.0,1156.6428571428573,0.0,51.4,98
2024-07-28,salbutamol,75.0,1081.6428571428573,0.0,50.5,103
2024-07-29,salbutamol,91.0,990.6428571428573,0.0,58.4,118
2024-07-30,salbutamol,65.0,925.6428571428573,0.0,32.0,47
2024-07-31,salbutamol,83.0,842.6428571428573,0.0,44.3,74
2024-08-01,salbutamol,62.0,780.6428571428573,0.0,36.8,63
2024-08-02,salbutamol,74.0,706.6428571428573,0.0,36.0,68
2024-08-03,salbutamol,77.0,629.6428571428573,0.0,58.0,123
2024-08-04,salbutamol,112.0,517.6428571428573,0.0,44.6,122
2024-08-05,salbutamol,58.0,459.64285714285734,0.0,70.8,159
2024-08-06,salbutamol,78.0,381.64285714285734,0.0,27.7,82
2024-08-07,salbutamol,85.0,296.64285714285734,0.0,43.8,106
2024-08-08,salbutamol,76.0,220.64285714285734,0.0,46.5,89
2024-08-09,salbutamol,90.0,130.64285714285734,0.0,57.1,119
2024-08-10,salbutamol,90.0,1303.5000000000002,1262.857142857143,42.2,95
2024-08-11,salbutamol,89.0,1214.5000000000002,0.0,44.0,95
2024-08-12,salbutamol,63.0,1151.5000000000002,0.0,53.0,97
2024-08-13,salbutamol,71.0,1080.5000000000002,0.0,45.6,97
2024-08-14,salbutamol,61.0,1019.5000000000002,0.0,62.1,113
2024-08-15,salbutamol,51.0,968.5000000000002,0.0,41.6,80
2024-08-16,salbutamol,107.0,861.5000000000002,0.0,41.5,75
2024-08-17,salbutamol,78.0,783.5000000000002,0.0,60.0,114
2024-08-18,salbutamol,75.0,708.5000000000002,0.0,42.1,80
2024-08-19,salbutamol,86.0,622.5000000000002,0.0,44.6,100
2024-08-20,salbutamol,50.0,572.5000000000002,0.0,42.2,83
2024-08-21,salbutamol,66.0,506.5000000000002,0.0,48.1,99
2024-08-22,salbutamol,48.0,458.5000000000002,0.0,27.7,56
2024-08-23,salbutamol,70.0,388.5000000000002,0.0,35.7,66
2024-08-24,salbutamol,69.0,1666.1428571428573,1346.642857142857,42.1,90
2024-08-25,salbutamol,61.0,1605.1428571428573,0.0,43.9,76
2024-08-26,salbutamol,64.0,1541.1428571428573,0.0,45.9,92
2024-08-27,salbutamol,67.0,1474.1428571428573,0.0,47.1,99
2024-08-28,salbutamol,90.0,1384.1428571428573,0.0,38.4,72
2024-08-29,salbutamol,77.0,1307.1428571428573,0.0,43.5,83
2024-08-30,salbutamol,61.0,1246.1428571428573,0.0,35.7,56
2024-08-31,salbutamol,59.0,1187.1428571428573,0.0,36.5,77
2024-09-01,salbutamol,82.0,1105.1428571428573,0.0,58.8,141
2024-09-02,salbutamol,95.0,1010.1428571428573,0.0,42.2,69
2024-09-03,salbutamol,59.0,951.1428571428573,0.0,36.1,69
2024-09-04,salbutamol,71.0,880.1428571428573,0.0,41.9,97
2024-09-05,salbutamol,64.0,816.1428571428573,0.0,52.8,107
2024-09-06,salbutamol,59.0,757.1428571428573,0.0,39.2,68
2024-09-07,salbutamol,99.0,658.1428571428573,0.0,58.9,147
2024-09-08,salbutamol,84.0,574.1428571428573,0.0,55.8,118
2024-09-09,salbutamol,55.0,519.1428571428573,0.0,59.9,124
2024-09-10,salbutamol,71.0,448.14285714285734,0.0,43.4,81
2024-09-11,salbutamol,80.0,368.14285714285734,0.0,42.4,75
2024-09-12,salbutamol,65.0,303.14285714285734,0.0,39.8,91
2024-09-13,salbutamol,74.0,229.14285714285734,0.0,45.7,88
2024-09-14,salbutamol,75.0,154.14285714285734,0.0,46.7,98
2024-09-15,salbutamol,82.0,72.14285714285734,0.0,45.6,97
2024-09-16,salbutamol,67.0,1229.1428571428573,1224.0,45.4,81
2024-09-17,salbutamol,65.0,1164.1428571428573,0.0,45.8,75
2024-09-18,salbutamol,76.0,1088.1428571428573,0.0,42.1,61
2024-09-19,salbutamol,43.0,1045.1428571428573,0.0,46.8,80
2024-09-20,salbutamol,75.0,970.1428571428573,0.0,29.6,47
2024-09-21,salbutamol,76.0,894.1428571428573,0.0,47.6,93
2024-09-22,salbutamol,87.0,807.1428571428573,0.0,49.2,93
2024-09-23,salbutamol,82.0,725.1428571428573,0.0,48.0,97
2024-09-24,salbutamol,57.0,668.1428571428573,0.0,38.3,69
2024-09-25,salbutamol,64.0,604.1428571428573,0.0,35.1,52
2024-09-26,salbutamol,77.0,527.1428571428573,0.0,35.4,63
2024-09-27,salbutamol,67.0,460.14285714285734,0.0,32.7,63
2024-09-28,salbutamol,95.0,365.14285714285734,0.0,43.1,89
2024-09-29,salbutamol,60.0,305.14285714285734,0.0,45.2,83
2024-09-30,salbutamol,76.0,229.14285714285734,0.0,47.9,98
2024-10-01,salbutamol,40.0,189.14285714285734,0.0,38.1,66
2024-10-02,salbutamol,74.0,1351.2857142857144,1236.142857142857,40.1,68
2024-10-03,salbutamol,49.0,1302.2857142857144,0.0,35.5,67
2024-10-04,salbutamol,58.0,1244.2857142857144,0.0,34.1,50
2024-10-05,salbutamol,55.0,1189.2857142857144,0.0,47.7,93
2024-10-06,salbutamol,74.0,1115.2857142857144,0.0,49.3,116
2024-10-07,salbutamol,99.0,1016.2857142857144,0.0,46.0,76
2024-10-08,salbutamol,75.0,941.2857142857144,0.0,32.2,59
2024-10-09,salbutamol,58.0,883.2857142857144,0.0,34.3,78
2024-10-10,salbutamol,59.0,824.2857142857144,0.0,38.1,82
2024-10-11,salbutamol,62.0,762.2857142857144,0.0,36.8,78
2024-10-12,salbutamol,48.0,714.2857142857144,0.0,59.3,130
2024-10-13,salbutamol,64.0,650.2857142857144,0.0,43.3,88
2024-10-14,salbutamol,63.0,587.2857142857144,0.0,44.1,91
2024-10-15,salbutamol,57.0,530.2857142857144,0.0,40.9,71
2024-10-16,salbutamol,78.0,452.28571428571445,0.0,41.5,76
2024-10-17,salbutamol,79.0,373.28571428571445,0.0,40.4,73
2024-10-18,salbutamol,74.0,299.28571428571445,0.0,35.9,59
2024-10-19,salbutamol,80.0,219.28571428571445,0.0,57.0,117
2024-10-20,salbutamol,88.0,131.28571428571445,0.0,24.8,56
2024-10-21,salbutamol,82.0,49.28571428571445,0.0,37.7,73
2024-10-22,salbutamol,51.0,0.0,0.0,31.5,76
2024-10-23,salbutamol,62.0,1004.1428571428571,1066.142857142857,39.6,74
2024-10-24,salbutamol,76.0,928.1428571428571,0.0,36.7,66
2024-10-25,salbutamol,80.0,848.1428571428571,0.0,42.6,71
2024-10-26,salbutamol,77.0,771.1428571428571,0.0,49.5,89
2024-10-27,salbutamol,60.0,711.1428571428571,0.0,56.8,121
2024-10-28,salbutamol,73.0,638.1428571428571,0.0,36.4,71
2024-10-29,salbutamol,63.0,575.1428571428571,0.0,43.2,79
2024-10-30,salbutamol,63.0,512.1428571428571,0.0,29.0,50
2024-10-31,salbutamol,58.0,454.1428571428571,0.0,44.7,89
2024-11-01,salbutamol,68.0,386.1428571428571,0.0,38.2,59
2024-11-02,salbutamol,71.0,315.1428571428571,0.0,57.9,133
2024-11-03,salbutamol,55.0,260.1428571428571,0.0,54.6,108
2024-11-04,salbutamol,57.0,203.1428571428571,0.0,45.3,83
2024-11-05,salbutamol,87.0,1338.9285714285713,1222.7857142857142,37.8,80
2024-11-06,salbutamol,53.0,1285.9285714285713,0.0,37.4,57
2024-11-07,salbutamol,60.0,1225.9285714285713,0.0,41.9,73
2024-11-08,salbutamol,42.0,1183.9285714285713,0.0,41.6,79
2024-11-09,salbutamol,73.0,1110.9285714285713,0.0,42.4,91
2024-11-10,salbutamol,72.0,1038.9285714285713,0.0,46.9,105
2024-11-11,salbutamol,76.0,962.9285714285713,0.0,42.6,89
2024-11-12,salbutamol,70.0,892.9285714285713,0.0,46.2,87
2024-11-13,salbutamol,75.0,817.9285714285713,0.0,24.1,41
2024-11-14,salbutamol,78.0,739.9285714285713,0.0,40.9,73
2024-11-15,salbutamol,76.0,663.9285714285713,0.0,39.8,89
2024-11-16,salbutamol,55.0,608.9285714285713,0.0,48.1,101
2024-11-17,salbutamol,81.0,527.9285714285713,0.0,53.9,114
2024-11-18,salbutamol,68.0,459.92857142857133,0.0,61.2,108
2024-11-19,salbutamol,59.0,400.92857142857133,0.0,28.0,57
2024-11-20,salbutamol,60.0,340.92857142857133,0.0,61.8,121
2024-11-21,salbutamol,61.0,279.92857142857133,0.0,42.9,82
2024-11-22,salbutamol,57.0,1370.4285714285713,1147.5,29.6,41
2024-11-23,salbutamol,72.0,1298.4285714285713,0.0,54.0,114
2024-11-24,salbutamol,66.0,1232.4285714285713,0.0,40.6,72
2024-11-25,salbutamol,67.0,1165.4285714285713,0.0,34.7,62
2024-11-26,salbutamol,41.0,1124.4285714285713,0.0,45.0,73
2024-11-27,salbutamol,60.0,1064.4285714285713,0.0,39.1,78
2024-11-28,salbutamol,61.0,1003.4285714285713,0.0,38.8,59
2024-11-29,salbutamol,53.0,950.4285714285713,0.0,29.9,54
2024-11-30,salbutamol,64.0,886.4285714285713,0.0,42.0,82
2024-12-01,salbutamol,45.0,841.4285714285713,0.0,38.7,84
2024-12-02,salbutamol,70.0,771.4285714285713,0.0,36.1,59
2024-12-03,salbutamol,63.0,708.4285714285713,0.0,50.9,90
2024-12-04,salbutamol,53.0,655.4285714285713,0.0,43.0,85
2024-12-05,salbutamol,64.0,591.4285714285713,0.0,37.3,70
2024-12-06,salbutamol,79.0,512.4285714285713,0.0,28.7,56
2024-12-07,salbutamol,77.0,435.42857142857133,0.0,45.2,93
2024-12-08,salbutamol,98.0,337.42857142857133,0.0,48.2,117
2024-12-09,salbutamol,81.0,256.42857142857133,0.0,42.8,94
2024-12-10,salbutamol,61.0,195.42857142857133,0.0,51.6,106
2024-12-11,salbutamol,47.0,148.42857142857133,0.0,30.1,32
2024-12-12,salbutamol,46.0,102.42857142857133,0.0,40.9,46
2024-12-13,salbutamol,67.0,1050.5714285714284,1015.1428571428571,39.6,81
2024-12-14,salbutamol,67.0,983.5714285714284,0.0,42.8,67
2024-12-15,salbutamol,67.0,916.5714285714284,0.0,52.7,109
2024-12-16,salbutamol,57.0,859.5714285714284,0.0,40.6,79
2024-12-17,salbutamol,60.0,799.5714285714284,0.0,38.8,67
2024-12-18,salbutamol,72.0,727.5714285714284,0.0,36.2,64
2024-12-19,salbutamol,52.0,675.5714285714284,0.0,35.7,62
2024-12-20,salbutamol,59.0,616.5714285714284,0.0,34.4,64
2024-12-21,salbutamol,85.0,531.5714285714284,0.0,43.7,102
2024-12-22,salbutamol,73.0,458.57142857142844,0.0,42.4,100
2024-12-23,salbutamol,38.0,420.57142857142844,0.0,45.3,83
2024-12-24,salbutamol,49.0,371.57142857142844,0.0,35.2,65
2024-12-25,salbutamol,75.0,296.57142857142844,0.0,38.5,78
2024-12-26,salbutamol,39.0,257.57142857142844,0.0,32.9,55
2024-12-27,salbutamol,60.0,197.57142857142844,0.0,45.1,81
2024-12-28,salbutamol,104.0,93.57142857142844,0.0,53.9,113
2024-12-29,salbutamol,62.0,1137.7857142857142,1106.2142857142858,38.3,78
2024-12-30,salbutamol,78.0,1059.7857142857142,0.0,51.0,93
2024-12-31,salbutamol,57.0,1002.7857142857142,0.0,43.7,68
2025-01-01,salbutamol,72.0,930.7857142857142,0.0,50.9,101
2025-01-02,salbutamol,70.0,860.7857142857142,0.0,43.7,75
2025-01-03,salbutamol,62.0,798.7857142857142,0.0,45.2,76
2025-01-04,salbutamol,62.0,736.7857142857142,0.0,50.7,93
2025-01-05,salbutamol,59.0,677.7857142857142,0.0,49.6,96
2025-01-06,salbutamol,64.0,613.7857142857142,0.0,49.6,96
2025-01-07,salbutamol,61.0,552.7857142857142,0.0,44.7,83
2025-01-08,salbutamol,57.0,495.7857142857142,0.0,36.2,77
2025-01-09,salbutamol,54.0,441.7857142857142,0.0,41.2,71
2025-01-10,salbutamol,49.0,392.7857142857142,0.0,46.3,109
2025-01-11,salbutamol,62.0,330.7857142857142,0.0,40.9,87
2025-01-12,salbutamol,93.0,237.78571428571422,0.0,41.6,65
2025-01-13,salbutamol,63.0,174.78571428571422,0.0,60.7,125
2025-01-14,salbutamol,47.0,127.78571428571422,0.0,39.8,58
2025-01-15,salbutamol,54.0,1182.4285714285713,1108.642857142857,29.7,49
2025-01-16,salbutamol,50.0,1132.4285714285713,0.0,34.9,74
2025-01-17,salbutamol,61.0,1071.4285714285713,0.0,31.9,55
2025-01-18,salbutamol,63.0,1008.4285714285713,0.0,39.9,74
2025-01-19,salbutamol,53.0,955.4285714285713,0.0,33.2,55
2025-01-20,salbutamol,73.0,882.4285714285713,0.0,50.0,91
2025-01-21,salbutamol,53.0,829.4285714285713,0.0,34.5,64
2025-01-22,salbutamol,79.0,750.4285714285713,0.0,43.3,81
2025-01-23,salbutamol,63.0,687.4285714285713,0.0,37.3,79
2025-01-24,salbutamol,63.0,624.4285714285713,0.0,34.6,55
2025-01-25,salbutamol,68.0,556.4285714285713,0.0,43.4,85
2025-01-26,salbutamol,59.0,497.42857142857133,0.0,43.8,95
2025-01-27,salbutamol,60.0,437.42857142857133,0.0,37.5,71
2025-01-28,salbutamol,80.0,357.42857142857133,0.0,40.2,78
2025-01-29,salbutamol,47.0,310.42857142857133,0.0,41.9,84
2025-01-30,salbutamol,54.0,256.42857142857133,0.0,36.4,45
2025-01-31,salbutamol,45.0,211.42857142857133,0.0,40.5,78
2025-02-01,salbutamol,69.0,1207.357142857143,1064.9285714285716,43.4,88
2025-02-02,salbutamol,72.0,1135.357142857143,0.0,40.5,101
2025-02-03,salbutamol,80.0,1055.357142857143,0.0,33.1,66
2025-02-04,salbutamol,65.0,990.3571428571429,0.0,37.0,70
2025-02-05,salbutamol,59.0,931.3571428571429,0.0,38.5,79
2025-02-06,salbutamol,78.0,853.3571428571429,0.0,52.0,94
2025-02-07,salbutamol,59.0,794.3571428571429,0.0,30.8,51
2025-02-08,salbutamol,55.0,739.3571428571429,0.0,58.3,113
2025-02-09,salbutamol,68.0,671.3571428571429,0.0,47.4,96
2025-02-10,salbutamol,68.0,603.3571428571429,0.0,46.6,94
2025-02-11,salbutamol,56.0,547.3571428571429,0.0,41.6,81
2025-02-12,salbutamol,55.0,492.3571428571429,0.0,30.4,48
2025-02-13,salbutamol,59.0,433.3571428571429,0.0,36.9,47
2025-02-14,salbutamol,60.0,373.3571428571429,0.0,25.0,59
2025-02-15,salbutamol,66.0,307.3571428571429,0.0,26.9,61
2025-02-16,salbutamol,62.0,245.3571428571429,0.0,36.3,71
2025-02-17,salbutamol,74.0,171.3571428571429,0.0,50.4,105
2025-02-18,salbutamol,57.0,114.35714285714289,0.0,32.1,45
2025-02-19,salbutamol,58.0,1148.0,1091.642857142857,45.6,86
2025-02-20,salbutamol,50.0,1098.0,0.0,35.5,67
2025-02-21,salbutamol,66.0,1032.0,0.0,43.6,74
2025-02-22,salbutamol,62.0,970.0,0.0,47.1,84
2025-02-23,salbutamol,64.0,906.0,0.0,56.3,120
2025-02-24,salbutamol,53.0,853.0,0.0,46.8,84
2025-02-25,salbutamol,58.0,795.0,0.0,28.0,38
2025-02-26,salbutamol,50.0,745.0,0.0,26.7,44
2025-02-27,salbutamol,61.0,684.0,0.0,39.8,67
2025-02-28,salbutamol,102.0,582.0,0.0,39.9,74
2025-03-01,salbutamol,55.0,527.0,0.0,46.1,93
2025-03-02,salbutamol,65.0,462.0,0.0,58.7,112
2025-03-03,salbutamol,73.0,389.0,0.0,42.3,110
2025-03-04,salbutamol,64.0,325.0,0.0,26.1,52
2025-03-05,salbutamol,54.0,271.0,0.0,31.9,66
2025-03-06,salbutamol,61.0,210.0,0.0,28.9,48
2025-03-07,salbutamol,38.0,172.0,0.0,33.6,60
2025-03-08,salbutamol,67.0,1177.2142857142858,1072.2142857142858,44.7,106
2025-03-09,salbutamol,71.0,1106.2142857142858,0.0,36.2,76
2025-03-10,salbutamol,59.0,1047.2142857142858,0.0,50.4,115
2025-03-11,salbutamol,58.0,989.2142857142858,0.0,45.8,64
2025-03-12,salbutamol,52.0,937.2142857142858,0.0,39.7,54
2025-03-13,salbutamol,61.0,876.2142857142858,0.0,41.3,84
2025-03-14,salbutamol,77.0,799.2142857142858,0.0,38.7,76
2025-03-15,salbutamol,85.0,714.2142857142858,0.0,46.1,106
2025-03-16,salbutamol,80.0,634.2142857142858,0.0,53.6,136
2025-03-17,salbutamol,75.0,559.2142857142858,0.0,50.6,107
2025-03-18,salbutamol,54.0,505.2142857142858,0.0,41.1,90
2025-03-19,salbutamol,66.0,439.2142857142858,0.0,46.9,96
2025-03-20,salbutamol,55.0,384.2142857142858,0.0,28.9,62
2025-03-21,salbutamol,53.0,331.2142857142858,0.0,28.4,51
2025-03-22,salbutamol,65.0,266.2142857142858,0.0,51.3,106
2025-03-23,salbutamol,62.0,204.21428571428578,0.0,46.9,91
2025-03-24,salbutamol,66.0,138.21428571428578,0.0,46.4,89
2025-03-25,salbutamol,35.0,1196.0714285714287,1092.857142857143,36.3,80
2025-03-26,salbutamol,45.0,1151.0714285714287,0.0,39.4,64
2025-03-27,salbutamol,56.0,1095.0714285714287,0.0,43.6,95
2025-03-28,salbutamol,60.0,1035.0714285714287,0.0,50.8,99
2025-03-29,salbutamol,69.0,966.0714285714287,0.0,54.8,118
2025-03-30,salbutamol,68.0,898.0714285714287,0.0,44.1,103
2025-03-31,salbutamol,74.0,824.0714285714287,0.0,43.1,88
2025-04-01,salbutamol,62.0,762.0714285714287,0.0,45.2,86
2025-04-02,salbutamol,70.0,692.0714285714287,0.0,38.1,63
2025-04-03,salbutamol,62.0,630.0714285714287,0.0,43.1,86
2025-04-04,salbutamol,54.0,576.0714285714287,0.0,48.4,82
2025-04-05,salbutamol,102.0,474.07142857142867,0.0,50.9,95
2025-04-06,salbutamol,77.0,397.07142857142867,0.0,47.9,101
2025-04-07,salbutamol,75.0,322.07142857142867,0.0,53.7,106
2025-04-08,salbutamol,71.0,251.07142857142867,0.0,51.4,86
2025-04-09,salbutamol,54.0,197.07142857142867,0.0,45.6,69
2025-04-10,salbutamol,51.0,146.07142857142867,0.0,29.3,59
2025-04-11,salbutamol,63.0,83.07142857142867,0.0,43.5,96
2025-04-12,salbutamol,52.0,1060.7857142857144,1029.7142857142858,66.1,133
2025-04-13,salbutamol,56.0,1004.7857142857144,0.0,55.6,132
2025-04-14,salbutamol,62.0,942.7857142857144,0.0,40.5,92
2025-04-15,salbutamol,35.0,907.7857142857144,0.0,41.0,84
2025-04-16,salbutamol,53.0,854.7857142857144,0.0,48.2,94
2025-04-17,salbutamol,38.0,816.7857142857144,0.0,42.9,85
2025-04-18,salbutamol,39.0,777.7857142857144,0.0,54.7,125
2025-04-19,salbutamol,65.0,712.7857142857144,0.0,53.6,122
2025-04-20,salbutamol,81.0,631.7857142857144,0.0,52.7,120
2025-04-21,salbutamol,96.0,535.7857142857144,0.0,73.8,182
2025-04-22,salbutamol,69.0,466.78571428571445,0.0,50.4,79
2025-04-23,salbutamol,82.0,384.78571428571445,0.0,43.5,82
2025-04-24,salbutamol,69.0,315.78571428571445,0.0,65.4,138
2025-04-25,salbutamol,54.0,261.78571428571445,0.0,42.8,89
2025-04-26,salbutamol,70.0,191.78571428571445,0.0,62.2,141
2025-04-27,salbutamol,62.0,129.78571428571445,0.0,48.2,107
2025-04-28,salbutamol,44.0,1076.6428571428573,990.8571428571429,32.7,85
2025-04-29,salbutamol,54.0,1022.6428571428573,0.0,27.3,55
2025-04-30,salbutamol,59.0,963.6428571428573,0.0,33.3,77
2025-05-01,salbutamol,48.0,915.6428571428573,0.0,42.4,108
2025-05-02,salbutamol,43.0,872.6428571428573,0.0,32.6,68
2025-05-03,salbutamol,74.0,798.6428571428573,0.0,54.2,101
2025-05-04,salbutamol,73.0,725.6428571428573,0.0,56.1,122
2025-05-05,salbutamol,39.0,686.6428571428573,0.0,53.1,98
2025-05-06,salbutamol,47.0,639.6428571428573,0.0,45.3,86
2025-05-07,salbutamol,45.0,594.6428571428573,0.0,43.0,75
2025-05-08,salbutamol,57.0,537.6428571428573,0.0,32.7,65
2025-05-09,salbutamol,66.0,471.64285714285734,0.0,37.7,63
2025-05-10,salbutamol,77.0,394.64285714285734,0.0,54.7,109
2025-05-11,salbutamol,86.0,308.64285714285734,0.0,47.0,102
2025-05-12,salbutamol,60.0,248.64285714285734,0.0,38.9,66
2025-05-13,salbutamol,60.0,188.64285714285734,0.0,38.3,64
2025-05-14,salbutamol,74.0,114.64285714285734,0.0,40.1,82
2025-05-15,salbutamol,102.0,12.642857142857338,0.0,46.5,107
2025-05-16,salbutamol,59.0,887.4285714285717,933.7857142857143,45.3,104
2025-05-17,salbutamol,68.0,819.4285714285717,0.0,53.5,113
2025-05-18,salbutamol,89.0,730.4285714285717,0.0,49.5,99
2025-05-19,salbutamol,60.0,670.4285714285717,0.0,30.0,56
2025-05-20,salbutamol,91.0,579.4285714285717,0.0,48.3,99
2025-05-21,salbutamol,78.0,501.4285714285717,0.0,52.3,104
2025-05-22,salbutamol,61.0,440.4285714285717,0.0,40.2,69
2025-05-23,salbutamol,76.0,364.4285714285717,0.0,52.7,94
2025-05-24,salbutamol,90.0,274.4285714285717,0.0,62.1,124
2025-05-25,salbutamol,66.0,208.42857142857167,0.0,44.2,99
2025-05-26,salbutamol,67.0,141.42857142857167,0.0,47.3,77
2025-05-27,salbutamol,77.0,1218.0000000000005,1153.5714285714287,40.5,83
2025-05-28,salbutamol,56.0,1162.0000000000005,0.0,44.0,75
2025-05-29,salbutamol,56.0,1106.0000000000005,0.0,50.3,104
2025-05-30,salbutamol,75.0,1031.0000000000005,0.0,51.8,114
2025-05-31,salbutamol,68.0,963.0000000000005,0.0,45.9,113
2025-06-01,salbutamol,80.0,883.0000000000005,0.0,52.5,113
2025-06-02,salbutamol,69.0,814.0000000000005,0.0,45.5,109
2025-06-03,salbutamol,60.0,754.0000000000005,0.0,57.4,114
2025-06-04,salbutamol,79.0,675.0000000000005,0.0,54.0,98
2025-06-05,salbutamol,49.0,626.0000000000005,0.0,38.4,80
2025-06-06,salbutamol,82.0,544.0000000000005,0.0,51.9,106
2025-06-07,salbutamol,71.0,473.00000000000045,0.0,50.6,114
2025-06-08,salbutamol,77.0,396.00000000000045,0.0,59.4,138
2025-06-09,salbutamol,60.0,336.00000000000045,0.0,46.1,84
2025-06-10,salbutamol,67.0,269.00000000000045,0.0,48.4,100
2025-06-11,salbutamol,63.0,206.00000000000045,0.0,42.2,62
2025-06-12,salbutamol,90.0,1306.0000000000005,1190.0,40.4,82
2025-06-13,salbutamol,61.0,1245.0000000000005,0.0,50.8,95
2025-06-14,salbutamol,72.0,1173.0000000000005,0.0,53.9,114
2025-06-15,salbutamol,68.0,1105.0000000000005,0.0,53.5,105
2025-06-16,salbutamol,72.0,1033.0000000000005,0.0,42.6,88
2025-06-17,salbutamol,81.0,952.0000000000005,0.0,37.9,70
2025-06-18,salbutamol,61.0,891.0000000000005,0.0,39.7,76
2025-06-19,salbutamol,78.0,813.0000000000005,0.0,37.9,79
2025-06-20,salbutamol,83.0,730.0000000000005,0.0,43.5,78
2025-06-21,salbutamol,78.0,652.0000000000005,0.0,60.6,127
2025-06-22,salbutamol,62.0,590.0000000000005,0.0,44.3,81
2025-06-23,salbutamol,89.0,501.00000000000045,0.0,53.0,95
2025-06-24,salbutamol,56.0,445.00000000000045,0.0,35.5,46
2025-06-25,salbutamol,43.0,402.00000000000045,0.0,35.2,66
2025-06-26,salbutamol,92.0,310.00000000000045,0.0,37.5,64
2025-06-27,salbutamol,61.0,249.00000000000045,0.0,40.1,83
2025-06-28,salbutamol,84.0,165.00000000000045,0.0,50.4,105
2025-06-29,salbutamol,92.0,73.00000000000045,0.0,45.5,98
2025-06-30,salbutamol,79.0,1221.6428571428576,1227.642857142857,53.7,96
2025-07-01,salbutamol,76.0,1145.6428571428576,0.0,43.0,80
2025-07-02,salbutamol,90.0,1055.6428571428576,0.0,39.3,76
2025-07-03,salbutamol,86.0,969.6428571428576,0.0,42.9,70
2025-07-04,salbutamol,63.0,906.6428571428576,0.0,35.7,88
2025-07-05,salbutamol,91.0,815.6428571428576,0.0,43.0,107
2025-07-06,salbutamol,97.0,718.6428571428576,0.0,51.1,98
2025-07-07,salbutamol,59.0,659.6428571428576,0.0,54.1,115
2025-07-08,salbutamol,78.0,581.6428571428576,0.0,42.6,80
2025-07-09,salbutamol,69.0,512.6428571428576,0.0,32.4,69
2025-07-10,salbutamol,83.0,429.64285714285757,0.0,36.9,67
2025-07-11,salbutamol,86.0,343.64285714285757,0.0,45.4,68
2025-07-12,salbutamol,86.0,257.64285714285757,0.0,43.8,77
2025-07-13,salbutamol,127.0,1465.1428571428576,1334.5,54.2,114
2025-07-14,salbutamol,94.0,1371.1428571428576,0.0,39.8,80
2025-07-15,salbutamol,66.0,1305.1428571428576,0.0,38.3,75
2025-07-16,salbutamol,96.0,1209.1428571428576,0.0,36.2,89
2025-07-17,salbutamol,78.0,1131.1428571428576,0.0,36.3,62
2025-07-18,salbutamol,101.0,1030.1428571428576,0.0,48.8,91
2025-07-19,salbutamol,79.0,951.1428571428576,0.0,51.7,127
2025-07-20,salbutamol,87.0,864.1428571428576,0.0,47.7,105
2025-07-21,salbutamol,78.0,786.1428571428576,0.0,38.7,85
2025-07-22,salbutamol,64.0,722.1428571428576,0.0,38.8,83
2025-07-23,salbutamol,80.0,642.1428571428576,0.0,46.0,92
2025-07-24,salbutamol,62.0,580.1428571428576,0.0,20.7,44
2025-07-25,salbutamol,84.0,496.14285714285757,0.0,39.1,66
2025-07-26,salbutamol,77.0,419.14285714285757,0.0,59.3,122
2025-07-27,salbutamol,71.0,348.14285714285757,0.0,48.3,102
2025-07-28,salbutamol,88.0,260.14285714285757,0.0,40.8,106
2025-07-29,salbutamol,54.0,1673.0000000000005,1466.857142857143,31.7,63
2025-07-30,salbutamol,69.0,1604.0000000000005,0.0,50.0,90
2025-07-31,salbutamol,59.0,1545.0000000000005,0.0,31.5,83
2025-08-01,salbutamol,62.0,1483.0000000000005,0.0,31.1,54
2025-08-02,salbutamol,82.0,1401.0000000000005,0.0,49.8,117
2025-08-03,salbutamol,94.0,1307.0000000000005,0.0,37.8,60
2025-08-04,salbutamol,96.0,1211.0000000000005,0.0,41.7,88
2025-08-05,salbutamol,118.0,1093.0000000000005,0.0,57.6,121
2025-08-06,salbutamol,76.0,1017.0000000000005,0.0,37.6,62
2025-08-07,salbutamol,75.0,942.0000000000005,0.0,52.8,91
2025-08-08,salbutamol,74.0,868.0000000000005,0.0,39.4,76
2025-08-09,salbutamol,71.0,797.0000000000005,0.0,43.8,82
2025-08-10,salbutamol,84.0,713.0000000000005,0.0,42.3,99
2025-08-11,salbutamol,57.0,656.0000000000005,0.0,52.3,97
2025-08-12,salbutamol,71.0,585.0000000000005,0.0,44.1,96
2025-08-13,salbutamol,72.0,513.0000000000005,0.0,27.8,47
2025-08-14,salbutamol,68.0,445.00000000000045,0.0,49.9,104
2025-08-15,salbutamol,93.0,352.00000000000045,0.0,44.4,106
2025-08-16,salbutamol,99.0,253.00000000000045,0.0,52.3,108
2025-08-17,salbutamol,67.0,186.00000000000045,0.0,51.8,98
2025-08-18,salbutamol,72.0,114.00000000000045,0.0,55.7,117
2025-08-19,salbutamol,91.0,1361.1428571428576,1338.142857142857,30.3,66
2025-08-20,salbutamol,108.0,1253.1428571428576,0.0,47.7,99
2025-08-21,salbutamol,91.0,1162.1428571428576,0.0,52.6,103
2025-08-22,salbutamol,76.0,1086.1428571428576,0.0,28.5,64
2025-08-23,salbutamol,101.0,985.1428571428576,0.0,54.8,130
2025-08-24,salbutamol,75.0,910.1428571428576,0.0,46.5,84
2025-08-25,salbutamol,75.0,835.1428571428576,0.0,52.5,108
2025-08-26,salbutamol,56.0,779.1428571428576,0.0,39.4,69
2025-08-27,salbutamol,70.0,709.1428571428576,0.0,42.4,61
2025-08-28,salbutamol,79.0,630.1428571428576,0.0,40.0,70
2025-08-29,salbutamol,74.0,556.1428571428576,0.0,49.5,95
2025-08-30,salbutamol,79.0,477.14285714285757,0.0,64.0,113
2025-08-31,salbutamol,107.0,370.14285714285757,0.0,43.9,89
2025-09-01,salbutamol,86.0,284.14285714285757,0.0,52.4,120
2025-09-02,salbutamol,87.0,197.14285714285757,0.0,40.5,72
2025-09-03,salbutamol,67.0,1519.2857142857147,1389.142857142857,41.2,74
2025-09-04,salbutamol,121.0,1398.2857142857147,0.0,36.0,70
2025-09-05,salbutamol,73.0,1325.2857142857147,0.0,42.4,94
2025-09-06,salbutamol,111.0,1214.2857142857147,0.0,58.5,102
2025-09-07,salbutamol,97.0,1117.2857142857147,0.0,68.8,154
2025-09-08,salbutamol,76.0,1041.2857142857147,0.0,47.1,104
2025-09-09,salbutamol,91.0,950.2857142857147,0.0,43.9,76
2025-09-10,salbutamol,88.0,862.2857142857147,0.0,38.4,72
2025-09-11,salbutamol,56.0,806.2857142857147,0.0,44.1,90
2025-09-12,salbutamol,81.0,725.2857142857147,0.0,41.0,72
2025-09-13,salbutamol,94.0,631.2857142857147,0.0,41.7,95
2025-09-14,salbutamol,73.0,558.2857142857147,0.0,53.5,110
2025-09-15,salbutamol,73.0,485.2857142857147,0.0,44.3,66
2025-09-16,salbutamol,47.0,438.2857142857147,0.0,39.6,69
2025-09-17,salbutamol,55.0,1884.1428571428576,1500.857142857143,33.8,62
2025-09-18,salbutamol,73.0,1811.1428571428576,0.0,38.9,78
2025-09-19,salbutamol,61.0,1750.1428571428576,0.0,38.9,77
2025-09-20,salbutamol,80.0,1670.1428571428576,0.0,47.2,99
2025-09-21,salbutamol,59.0,1611.1428571428576,0.0,42.2,86
2025-09-22,salbutamol,86.0,1525.1428571428576,0.0,53.0,102
2025-09-23,salbutamol,97.0,1428.1428571428576,0.0,42.4,102
2025-09-24,salbutamol,56.0,1372.1428571428576,0.0,46.4,84
2025-09-25,salbutamol,85.0,1287.1428571428576,0.0,32.7,59
2025-09-26,salbutamol,75.0,1212.1428571428576,0.0,45.5,87
2025-09-27,salbutamol,72.0,1140.1428571428576,0.0,45.5,104
2025-09-28,salbutamol,80.0,1060.1428571428576,0.0,56.4,107
2025-09-29,salbutamol,75.0,985.1428571428576,0.0,39.6,60
2025-09-30,salbutamol,77.0,908.1428571428576,0.0,48.9,90
2025-10-01,salbutamol,87.0,821.1428571428576,0.0,41.8,98
2025-10-02,salbutamol,70.0,751.1428571428576,0.0,40.0,66
2025-10-03,salbutamol,88.0,663.1428571428576,0.0,49.5,98
2025-10-04,salbutamol,87.0,576.1428571428576,0.0,60.7,153
2025-10-05,salbutamol,76.0,500.14285714285757,0.0,49.2,102
2025-10-06,salbutamol,77.0,423.14285714285757,0.0,42.3,78
2025-10-07,salbutamol,82.0,341.14285714285757,0.0,40.0,69
2025-10-08,salbutamol,64.0,277.14285714285757,0.0,52.4,109
2025-10-09,salbutamol,71.0,206.14285714285757,0.0,38.6,68
2025-10-10,salbutamol,75.0,1418.2857142857147,1287.142857142857,35.6,46
2025-10-11,salbutamol,68.0,1350.2857142857147,0.0,60.5,120
2025-10-12,salbutamol,85.0,1265.2857142857147,0.0,68.6,190
2025-10-13,salbutamol,64.0,1201.2857142857147,0.0,48.0,102
2025-10-14,salbutamol,89.0,1112.2857142857147,0.0,55.3,121
2025-10-15,salbutamol,73.0,1039.2857142857147,0.0,26.5,57
2025-10-16,salbutamol,115.0,924.2857142857147,0.0,51.4,107
2025-10-17,salbutamol,58.0,866.2857142857147,0.0,46.6,80
2025-10-18,salbutamol,71.0,795.2857142857147,0.0,42.1,94
2025-10-19,salbutamol,66.0,729.2857142857147,0.0,49.9,100
2025-10-20,salbutamol,54.0,675.2857142857147,0.0,51.9,120
2025-10-21,salbutamol,52.0,623.2857142857147,0.0,36.8,74
2025-10-22,salbutamol,48.0,575.2857142857147,0.0,39.8,58
2025-10-23,salbutamol,68.0,507.2857142857147,0.0,38.0,76
2025-10-24,salbutamol,61.0,446.2857142857147,0.0,42.7,78
2025-10-25,salbutamol,72.0,374.2857142857147,0.0,49.5,124
2025-10-26,salbutamol,60.0,314.2857142857147,0.0,60.6,113
2025-10-27,salbutamol,73.0,241.28571428571468,0.0,42.3,75
2025-10-28,salbutamol,79.0,1447.0000000000005,1284.7142857142858,29.0,46
2025-10-29,salbutamol,80.0,1367.0000000000005,0.0,45.6,85
2025-10-30,salbutamol,60.0,1307.0000000000005,0.0,29.3,61
2025-10-31,salbutamol,64.0,1243.0000000000005,0.0,41.8,67
2025-11-01,salbutamol,71.0,1172.0000000000005,0.0,50.8,110
2025-11-02,salbutamol,86.0,1086.0000000000005,0.0,61.1,138
2025-11-03,salbutamol,69.0,1017.0000000000005,0.0,32.3,59
2025-11-04,salbutamol,40.0,977.0000000000005,0.0,33.7,64
2025-11-05,salbutamol,61.0,916.0000000000005,0.0,47.2,88
2025-11-06,salbutamol,68.0,848.0000000000005,0.0,40.5,74
2025-11-07,salbutamol,55.0,793.0000000000005,0.0,56.8,116
2025-11-08,salbutamol,72.0,721.0000000000005,0.0,51.4,108
2025-11-09,salbutamol,57.0,664.0000000000005,0.0,58.3,122
2025-11-10,salbutamol,47.0,617.0000000000005,0.0,36.4,70
2025-11-11,salbutamol,54.0,563.0000000000005,0.0,54.0,90
2025-11-12,salbutamol,68.0,495.00000000000045,0.0,31.8,70
2025-11-13,salbutamol,82.0,413.00000000000045,0.0,59.2,116
2025-11-14,salbutamol,73.0,340.00000000000045,0.0,41.5,64
2025-11-15,salbutamol,100.0,240.00000000000045,0.0,58.1,137
2025-11-16,salbutamol,57.0,183.00000000000045,0.0,53.3,88
2025-11-17,salbutamol,72.0,1246.3571428571433,1135.357142857143,56.1,110
2025-11-18,salbutamol,34.0,1212.3571428571433,0.0,40.2,65
2025-11-19,salbutamol,84.0,1128.3571428571433,0.0,37.2,67
2025-11-20,salbutamol,65.0,1063.3571428571433,0.0,48.8,103
2025-11-21,salbutamol,54.0,1009.3571428571433,0.0,42.5,85
2025-11-22,salbutamol,72.0,937.3571428571433,0.0,49.8,99
2025-11-23,salbutamol,49.0,888.3571428571433,0.0,54.9,102
2025-11-24,salbutamol,68.0,820.3571428571433,0.0,37.1,65
2025-11-25,salbutamol,47.0,773.3571428571433,0.0,26.7,48
2025-11-26,salbutamol,68.0,705.3571428571433,0.0,39.6,65
2025-11-27,salbutamol,48.0,657.3571428571433,0.0,35.5,52
2025-11-28,salbutamol,57.0,600.3571428571433,0.0,26.7,30
2025-11-29,salbutamol,60.0,540.3571428571433,0.0,47.7,89
2025-11-30,salbutamol,92.0,448.35714285714334,0.0,53.8,118
2025-12-01,salbutamol,55.0,393.35714285714334,0.0,44.5,99
2025-12-02,salbutamol,50.0,343.35714285714334,0.0,33.9,68
2025-12-03,salbutamol,54.0,289.35714285714334,0.0,28.7,62
2025-12-04,salbutamol,48.0,241.35714285714334,0.0,48.8,98
2025-12-05,salbutamol,55.0,1248.8571428571433,1062.5,47.6,98
2025-12-06,salbutamol,62.0,1186.8571428571433,0.0,38.4,76
2025-12-07,salbutamol,85.0,1101.8571428571433,0.0,36.8,100
2025-12-08,salbutamol,69.0,1032.8571428571433,0.0,46.1,107
2025-12-09,salbutamol,68.0,964.8571428571433,0.0,41.2,66
2025-12-10,salbutamol,52.0,912.8571428571433,0.0,43.8,94
2025-12-11,salbutamol,66.0,846.8571428571433,0.0,43.4,81
2025-12-12,salbutamol,56.0,790.8571428571433,0.0,32.5,70
2025-12-13,salbutamol,78.0,712.8571428571433,0.0,47.3,80
2025-12-14,salbutamol,37.0,675.8571428571433,0.0,44.2,89
2025-12-15,salbutamol,56.0,619.8571428571433,0.0,34.0,55
2025-12-16,salbutamol,47.0,572.8571428571433,0.0,41.8,54
2025-12-17,salbutamol,50.0,522.8571428571433,0.0,38.9,55
2025-12-18,salbutamol,43.0,479.85714285714334,0.0,36.9,70
2025-12-19,salbutamol,54.0,425.85714285714334,0.0,37.1,74
2025-12-20,salbutamol,71.0,354.85714285714334,0.0,43.4,89
2025-12-21,salbutamol,65.0,289.85714285714334,0.0,48.9,95
2025-12-22,salbutamol,63.0,226.85714285714334,0.0,49.2,103
2025-12-23,salbutamol,72.0,1166.3571428571433,1011.5,29.2,49
2025-12-24,salbutamol,70.0,1096.3571428571433,0.0,38.0,53
2025-12-25,salbutamol,90.0,1006.3571428571433,0.0,53.7,116
2025-12-26,salbutamol,85.0,921.3571428571433,0.0,52.2,84
2025-12-27,salbutamol,77.0,844.3571428571433,0.0,40.9,77
2025-12-28,salbutamol,74.0,770.3571428571433,0.0,62.0,118
2025-12-29,salbutamol,48.0,722.3571428571433,0.0,38.5,67
2025-12-30,salbutamol,54.0,668.3571428571433,0.0,36.0,53
2025-12-31,salbutamol,51.0,617.3571428571433,0.0,36.6,74
2024-01-01,predinisolona,54.0,864.0,0.0,52.7,111
2024-01-02,predinisolona,51.0,813.0,0.0,33.6,51
2024-01-03,predinisolona,24.0,789.0,0.0,34.2,61
2024-01-04,predinisolona,47.0,742.0,0.0,32.6,51
2024-01-05,predinisolona,38.0,704.0,0.0,24.7,30
2024-01-06,predinisolona,29.0,675.0,0.0,41.6,71
2024-01-07,predinisolona,45.0,630.0,0.0,51.5,99
2024-01-08,predinisolona,29.0,601.0,0.0,29.9,65
2024-01-09,predinisolona,34.0,567.0,0.0,20.0,44
2024-01-10,predinisolona,42.0,525.0,0.0,37.5,57
2024-01-11,predinisolona,43.0,482.0,0.0,49.8,90
2024-01-12,predinisolona,46.0,436.0,0.0,37.9,81
2024-01-13,predinisolona,42.0,394.0,0.0,34.2,80
2024-01-14,predinisolona,28.0,366.0,0.0,43.7,85
2024-01-15,predinisolona,30.0,336.0,0.0,38.7,61
2024-01-16,predinisolona,44.0,292.0,0.0,33.7,37
2024-01-17,predinisolona,34.0,258.0,0.0,32.8,49
2024-01-18,predinisolona,53.0,205.0,0.0,28.6,47
2024-01-19,predinisolona,46.0,159.0,0.0,26.8,48
2024-01-20,predinisolona,36.0,123.0,0.0,39.9,75
2024-01-21,predinisolona,26.0,97.0,0.0,40.7,81
2024-01-22,predinisolona,29.0,753.2307692307692,685.2307692307692,22.5,37
2024-01-23,predinisolona,38.0,715.2307692307692,0.0,38.6,48
2024-01-24,predinisolona,36.0,679.2307692307692,0.0,36.8,46
2024-01-25,predinisolona,31.0,648.2307692307692,0.0,33.2,43
2024-01-26,predinisolona,29.0,619.2307692307692,0.0,26.7,48
2024-01-27,predinisolona,49.0,570.2307692307692,0.0,47.1,86
2024-01-28,predinisolona,33.0,537.2307692307692,0.0,40.6,70
2024-01-29,predinisolona,34.0,503.23076923076917,0.0,51.4,103
2024-01-30,predinisolona,34.0,469.23076923076917,0.0,35.7,49
2024-01-31,predinisolona,29.0,440.23076923076917,0.0,46.2,86
2024-02-01,predinisolona,34.0,406.23076923076917,0.0,34.4,51
2024-02-02,predinisolona,22.0,384.23076923076917,0.0,29.8,39
2024-02-03,predinisolona,33.0,351.23076923076917,0.0,40.2,72
2024-02-04,predinisolona,49.0,302.23076923076917,0.0,31.0,70
2024-02-05,predinisolona,29.0,273.23076923076917,0.0,39.8,74
2024-02-06,predinisolona,40.0,233.23076923076917,0.0,29.2,51
2024-02-07,predinisolona,31.0,202.23076923076917,0.0,34.0,73
2024-02-08,predinisolona,31.0,171.23076923076917,0.0,42.0,62
2024-02-09,predinisolona,49.0,122.23076923076917,0.0,51.3,88
2024-02-10,predinisolona,36.0,86.23076923076917,0.0,53.0,97
2024-02-11,predinisolona,45.0,41.23076923076917,0.0,59.8,129
2024-02-12,predinisolona,36.0,5.2307692307691696,0.0,55.4,104
2024-02-13,predinisolona,38.0,550.0879120879121,582.8571428571429,46.5,94
2024-02-14,predinisolona,52.0,498.08791208791206,0.0,40.7,75
2024-02-15,predinisolona,44.0,454.08791208791206,0.0,42.8,96
2024-02-16,predinisolona,38.0,416.08791208791206,0.0,55.8,116
2024-02-17,predinisolona,40.0,376.08791208791206,0.0,58.6,128
2024-02-18,predinisolona,38.0,338.08791208791206,0.0,72.4,183
2024-02-19,predinisolona,34.0,304.08791208791206,0.0,61.3,137
2024-02-20,predinisolona,35.0,269.08791208791206,0.0,55.3,120
2024-02-21,predinisolona,51.0,218.08791208791206,0.0,73.6,151
2024-02-22,predinisolona,43.0,175.08791208791206,0.0,49.7,93
2024-02-23,predinisolona,38.0,137.08791208791206,0.0,56.0,121
2024-02-24,predinisolona,30.0,107.08791208791206,0.0,60.4,131
2024-02-25,predinisolona,41.0,66.08791208791206,0.0,65.6,148
2024-02-26,predinisolona,44.0,699.6593406593406,677.5714285714286,61.8,140
2024-02-27,predinisolona,54.0,645.6593406593406,0.0,56.9,136
2024-02-28,predinisolona,42.0,603.6593406593406,0.0,54.6,119
2024-02-29,predinisolona,53.0,550.6593406593406,0.0,63.8,152
2024-03-01,predinisolona,32.0,518.6593406593406,0.0,50.9,121
2024-03-02,predinisolona,27.0,491.6593406593406,0.0,63.2,136
2024-03-03,predinisolona,44.0,447.6593406593406,0.0,64.2,140
2024-03-04,predinisolona,37.0,410.6593406593406,0.0,60.3,154
2024-03-05,predinisolona,25.0,385.6593406593406,0.0,58.6,130
2024-03-06,predinisolona,43.0,342.6593406593406,0.0,59.9,121
2024-03-07,predinisolona,37.0,305.6593406593406,0.0,56.7,111
2024-03-08,predinisolona,31.0,274.6593406593406,0.0,60.7,123
2024-03-09,predinisolona,35.0,239.65934065934061,0.0,83.7,200
2024-03-10,predinisolona,31.0,208.65934065934061,0.0,70.4,172
2024-03-11,predinisolona,56.0,152.65934065934061,0.0,58.3,140
2024-03-12,predinisolona,39.0,794.8736263736263,681.2142857142857,54.9,114
2024-03-13,predinisolona,30.0,764.8736263736263,0.0,53.3,109
2024-03-14,predinisolona,30.0,734.8736263736263,0.0,70.9,149
2024-03-15,predinisolona,28.0,706.8736263736263,0.0,69.1,146
2024-03-16,predinisolona,42.0,664.8736263736263,0.0,61.7,139
2024-03-17,predinisolona,45.0,619.8736263736263,0.0,58.3,142
2024-03-18,predinisolona,36.0,583.8736263736263,0.0,62.4,143
2024-03-19,predinisolona,22.0,561.8736263736263,0.0,50.9,104
2024-03-20,predinisolona,29.0,532.8736263736263,0.0,57.9,129
2024-03-21,predinisolona,37.0,495.8736263736263,0.0,66.6,158
2024-03-22,predinisolona,26.0,469.8736263736263,0.0,52.1,107
2024-03-23,predinisolona,28.0,441.8736263736263,0.0,62.0,144
2024-03-24,predinisolona,40.0,401.8736263736263,0.0,57.6,133
2024-03-25,predinisolona,28.0,373.8736263736263,0.0,49.5,99
2024-03-26,predinisolona,30.0,343.8736263736263,0.0,50.1,109
2024-03-27,predinisolona,51.0,292.8736263736263,0.0,59.4,128
2024-03-28,predinisolona,36.0,256.8736263736263,0.0,47.6,94
2024-03-29,predinisolona,44.0,212.87362637362628,0.0,62.6,153
2024-03-30,predinisolona,51.0,161.87362637362628,0.0,66.3,156
2024-03-31,predinisolona,50.0,111.87362637362628,0.0,77.8,167
2024-04-01,predinisolona,50.0,61.87362637362628,0.0,53.0,126
2024-04-02,predinisolona,30.0,31.87362637362628,0.0,32.8,79
2024-04-03,predinisolona,42.0,0.0,0.0,53.0,134
2024-04-04,predinisolona,39.0,0.0,0.0,51.5,108
2024-04-05,predinisolona,38.0,535.1428571428571,573.1428571428571,47.7,97
2024-04-06,predinisolona,54.0,481.1428571428571,0.0,59.3,132
2024-04-07,predinisolona,38.0,443.1428571428571,0.0,48.9,87
2024-04-08,predinisolona,46.0,397.1428571428571,0.0,51.9,140
2024-04-09,predinisolona,47.0,350.1428571428571,0.0,51.6,104
2024-04-10,predinisolona,36.0,314.1428571428571,0.0,67.4,136
2024-04-11,predinisolona,45.0,269.1428571428571,0.0,56.3,135
2024-04-12,predinisolona,31.0,238.1428571428571,0.0,53.0,117
2024-04-13,predinisolona,49.0,189.1428571428571,0.0,62.0,147
2024-04-14,predinisolona,33.0,156.1428571428571,0.0,47.8,108
2024-04-15,predinisolona,66.0,90.14285714285711,0.0,47.3,100
2024-04-16,predinisolona,26.0,64.14285714285711,0.0,56.7,107
2024-04-17,predinisolona,24.0,767.5,727.3571428571429,45.4,70
2024-04-18,predinisolona,37.0,730.5,0.0,48.6,104
2024-04-19,predinisolona,49.0,681.5,0.0,58.0,105
2024-04-20,predinisolona,49.0,632.5,0.0,56.8,123
2024-04-21,predinisolona,45.0,587.5,0.0,86.4,188
2024-04-22,predinisolona,59.0,528.5,0.0,38.8,73
2024-04-23,predinisolona,36.0,492.5,0.0,37.6,67
2024-04-24,predinisolona,42.0,450.5,0.0,42.4,78
2024-04-25,predinisolona,35.0,415.5,0.0,53.3,77
2024-04-26,predinisolona,33.0,382.5,0.0,43.6,76
2024-04-27,predinisolona,44.0,338.5,0.0,52.4,119
2024-04-28,predinisolona,55.0,283.5,0.0,60.2,122
2024-04-29,predinisolona,48.0,235.5,0.0,56.9,128
2024-04-30,predinisolona,39.0,196.5,0.0,35.1,67
2024-05-01,predinisolona,49.0,147.5,0.0,60.6,124
2024-05-02,predinisolona,46.0,101.5,0.0,45.2,90
2024-05-03,predinisolona,30.0,779.4285714285714,707.9285714285714,50.4,102
2024-05-04,predinisolona,29.0,750.4285714285714,0.0,60.9,135
2024-05-05,predinisolona,37.0,713.4285714285714,0.0,50.3,101
2024-05-06,predinisolona,45.0,668.4285714285714,0.0,60.1,128
2024-05-07,predinisolona,54.0,614.4285714285714,0.0,27.2,61
2024-05-08,predinisolona,51.0,563.4285714285714,0.0,44.3,80
2024-05-09,predinisolona,30.0,533.4285714285714,0.0,34.2,70
2024-05-10,predinisolona,52.0,481.42857142857144,0.0,39.3,90
2024-05-11,predinisolona,43.0,438.42857142857144,0.0,50.8,107
2024-05-12,predinisolona,50.0,388.42857142857144,0.0,56.3,121
2024-05-13,predinisolona,51.0,337.42857142857144,0.0,49.7,111
2024-05-14,predinisolona,39.0,298.42857142857144,0.0,45.3,81
2024-05-15,predinisolona,25.0,273.42857142857144,0.0,29.2,60
2024-05-16,predinisolona,35.0,238.42857142857144,0.0,50.1,109
2024-05-17,predinisolona,50.0,188.42857142857144,0.0,53.3,120
2024-05-18,predinisolona,37.0,151.42857142857144,0.0,63.1,142
2024-05-19,predinisolona,39.0,844.6428571428571,732.2142857142857,65.8,146
2024-05-20,predinisolona,37.0,807.6428571428571,0.0,44.2,99
2024-05-21,predinisolona,37.0,770.6428571428571,0.0,36.8,58
2024-05-22,predinisolona,34.0,736.6428571428571,0.0,39.4,73
2024-05-23,predinisolona,41.0,695.6428571428571,0.0,41.4,101
2024-05-24,predinisolona,38.0,657.6428571428571,0.0,31.3,73
2024-05-25,predinisolona,46.0,611.6428571428571,0.0,47.8,98
2024-05-26,predinisolona,39.0,572.6428571428571,0.0,49.1,104
2024-05-27,predinisolona,41.0,531.6428571428571,0.0,43.6,87
2024-05-28,predinisolona,44.0,487.6428571428571,0.0,50.6,106
2024-05-29,predinisolona,43.0,444.6428571428571,0.0,36.2,62
2024-05-30,predinisolona,46.0,398.6428571428571,0.0,40.1,65
2024-05-31,predinisolona,43.0,355.6428571428571,0.0,31.2,63
2024-06-01,predinisolona,40.0,315.6428571428571,0.0,36.2,78
2024-06-02,predinisolona,45.0,270.6428571428571,0.0,43.2,97
2024-06-03,predinisolona,30.0,240.6428571428571,0.0,44.8,86
2024-06-04,predinisolona,37.0,203.6428571428571,0.0,67.9,141
2024-06-05,predinisolona,58.0,145.6428571428571,0.0,39.9,80
2024-06-06,predinisolona,30.0,115.64285714285711,0.0,34.0,87
2024-06-07,predinisolona,52.0,63.64285714285711,0.0,28.1,61
2024-06-08,predinisolona,50.0,708.2142857142857,694.5714285714286,51.9,119
2024-06-09,predinisolona,48.0,660.2142857142857,0.0,45.0,96
2024-06-10,predinisolona,41.0,619.2142857142857,0.0,41.0,83
2024-06-11,predinisolona,37.0,582.2142857142857,0.0,47.7,97
2024-06-12,predinisolona,44.0,538.2142857142857,0.0,39.6,78
2024-06-13,predinisolona,48.0,490.21428571428567,0.0,55.2,107
2024-06-14,predinisolona,57.0,433.21428571428567,0.0,41.7,88
2024-06-15,predinisolona,54.0,379.21428571428567,0.0,55.3,129
2024-06-16,predinisolona,73.0,306.21428571428567,0.0,53.3,108
2024-06-17,predinisolona,48.0,258.21428571428567,0.0,36.1,82
2024-06-18,predinisolona,48.0,210.21428571428567,0.0,39.3,69
2024-06-19,predinisolona,49.0,161.21428571428567,0.0,40.6,76
2024-06-20,predinisolona,48.0,113.21428571428567,0.0,43.4,87
2024-06-21,predinisolona,52.0,61.214285714285666,0.0,40.6,59
2024-06-22,predinisolona,31.0,30.214285714285666,0.0,50.7,113
2024-06-23,predinisolona,60.0,719.4285714285713,749.2142857142857,53.3,90
2024-06-24,predinisolona,33.0,686.4285714285713,0.0,41.0,81
2024-06-25,predinisolona,41.0,645.4285714285713,0.0,49.4,117
2024-06-26,predinisolona,44.0,601.4285714285713,0.0,38.4,70
2024-06-27,predinisolona,45.0,556.4285714285713,0.0,35.2,74
2024-06-28,predinisolona,44.0,512.4285714285713,0.0,35.8,72
2024-06-29,predinisolona,39.0,473.42857142857133,0.0,63.1,137
2024-06-30,predinisolona,40.0,433.42857142857133,0.0,54.3,110
2024-07-01,predinisolona,54.0,379.42857142857133,0.0,45.8,99
2024-07-02,predinisolona,60.0,319.42857142857133,0.0,57.4,114
2024-07-03,predinisolona,55.0,264.42857142857133,0.0,56.7,110
2024-07-04,predinisolona,41.0,223.42857142857133,0.0,49.8,87
2024-07-05,predinisolona,53.0,170.42857142857133,0.0,50.4,99
2024-07-06,predinisolona,37.0,133.42857142857133,0.0,56.8,108
2024-07-07,predinisolona,44.0,89.42857142857133,0.0,32.7,76
2024-07-08,predinisolona,56.0,788.7142857142857,755.2857142857143,49.8,107
2024-07-09,predinisolona,40.0,748.7142857142857,0.0,49.0,111
2024-07-10,predinisolona,56.0,692.7142857142857,0.0,44.9,88
2024-07-11,predinisolona,55.0,637.7142857142857,0.0,43.2,91
2024-07-12,predinisolona,55.0,582.7142857142857,0.0,47.9,100
2024-07-13,predinisolona,43.0,539.7142857142857,0.0,51.6,87
2024-07-14,predinisolona,70.0,469.71428571428567,0.0,52.8,114
2024-07-15,predinisolona,49.0,420.71428571428567,0.0,48.5,95
2024-07-16,predinisolona,52.0,368.71428571428567,0.0,42.1,84
2024-07-17,predinisolona,35.0,333.71428571428567,0.0,39.8,74
2024-07-18,predinisolona,51.0,282.71428571428567,0.0,39.5,74
2024-07-19,predinisolona,57.0,225.71428571428567,0.0,39.9,70
2024-07-20,predinisolona,83.0,142.71428571428567,0.0,74.3,160
2024-07-21,predinisolona,55.0,960.7857142857142,873.0714285714286,51.7,90
2024-07-22,predinisolona,47.0,913.7857142857142,0.0,41.4,76
2024-07-23,predinisolona,53.0,860.7857142857142,0.0,35.9,57
2024-07-24,predinisolona,57.0,803.7857142857142,0.0,34.2,72
2024-07-25,predinisolona,55.0,748.7857142857142,0.0,37.7,70
2024-07-26,predinisolona,36.0,712.7857142857142,0.0,35.6,52
2024-07-27,predinisolona,46.0,666.7857142857142,0.0,51.4,98
2024-07-28,predinisolona,40.0,626.7857142857142,0.0,50.5,103
2024-07-29,predinisolona,47.0,579.7857142857142,0.0,58.4,118
2024-07-30,predinisolona,56.0,523.7857142857142,0.0,32.0,47
2024-07-31,predinisolona,48.0,475.7857142857142,0.0,44.3,74
2024-08-01,predinisolona,46.0,429.7857142857142,0.0,36.8,63
2024-08-02,predinisolona,41.0,388.7857142857142,0.0,36.0,68
2024-08-03,predinisolona,43.0,345.7857142857142,0.0,58.0,123
2024-08-04,predinisolona,73.0,272.7857142857142,0.0,44.6,122
2024-08-05,predinisolona,43.0,229.78571428571422,0.0,70.8,159
2024-08-06,predinisolona,54.0,175.78571428571422,0.0,27.7,82
2024-08-07,predinisolona,46.0,129.78571428571422,0.0,43.8,106
2024-08-08,predinisolona,60.0,69.78571428571422,0.0,46.5,89
2024-08-09,predinisolona,41.0,916.4285714285713,887.6428571428571,57.1,119
2024-08-10,predinisolona,53.0,863.4285714285713,0.0,42.2,95
2024-08-11,predinisolona,37.0,826.4285714285713,0.0,44.0,95
2024-08-12,predinisolona,40.0,786.4285714285713,0.0,53.0,97
2024-08-13,predinisolona,61.0,725.4285714285713,0.0,45.6,97
2024-08-14,predinisolona,35.0,690.4285714285713,0.0,62.1,113
2024-08-15,predinisolona,36.0,654.4285714285713,0.0,41.6,80
2024-08-16,predinisolona,50.0,604.4285714285713,0.0,41.5,75
2024-08-17,predinisolona,59.0,545.4285714285713,0.0,60.0,114
2024-08-18,predinisolona,59.0,486.42857142857133,0.0,42.1,80
2024-08-19,predinisolona,59.0,427.42857142857133,0.0,44.6,100
2024-08-20,predinisolona,38.0,389.42857142857133,0.0,42.2,83
2024-08-21,predinisolona,42.0,347.42857142857133,0.0,48.1,99
2024-08-22,predinisolona,41.0,306.42857142857133,0.0,27.7,56
2024-08-23,predinisolona,69.0,237.42857142857133,0.0,35.7,66
2024-08-24,predinisolona,45.0,192.42857142857133,0.0,42.1,90
2024-08-25,predinisolona,63.0,129.42857142857133,0.0,43.9,76
2024-08-26,predinisolona,64.0,903.2857142857142,837.8571428571429,45.9,92
2024-08-27,predinisolona,51.0,852.2857142857142,0.0,47.1,99
2024-08-28,predinisolona,71.0,781.2857142857142,0.0,38.4,72
2024-08-29,predinisolona,52.0,729.2857142857142,0.0,43.5,83
2024-08-30,predinisolona,63.0,666.2857142857142,0.0,35.7,56
2024-08-31,predinisolona,48.0,618.2857142857142,0.0,36.5,77
2024-09-01,predinisolona,53.0,565.2857142857142,0.0,58.8,141
2024-09-02,predinisolona,55.0,510.2857142857142,0.0,42.2,69
2024-09-03,predinisolona,38.0,472.2857142857142,0.0,36.1,69
2024-09-04,predinisolona,62.0,410.2857142857142,0.0,41.9,97
2024-09-05,predinisolona,48.0,362.2857142857142,0.0,52.8,107
2024-09-06,predinisolona,40.0,322.2857142857142,0.0,39.2,68
2024-09-07,predinisolona,87.0,235.28571428571422,0.0,58.9,147
2024-09-08,predinisolona,38.0,197.28571428571422,0.0,55.8,118
2024-09-09,predinisolona,66.0,131.28571428571422,0.0,59.9,124
2024-09-10,predinisolona,40.0,1008.0714285714284,916.7857142857143,43.4,81
2024-09-11,predinisolona,43.0,965.0714285714284,0.0,42.4,75
2024-09-12,predinisolona,35.0,930.0714285714284,0.0,39.8,91
2024-09-13,predinisolona,52.0,878.0714285714284,0.0,45.7,88
2024-09-14,predinisolona,50.0,828.0714285714284,0.0,46.7,98
2024-09-15,predinisolona,58.0,770.0714285714284,0.0,45.6,97
2024-09-16,predinisolona,61.0,709.0714285714284,0.0,45.4,81
2024-09-17,predinisolona,37.0,672.0714285714284,0.0,45.8,75
2024-09-18,predinisolona,37.0,635.0714285714284,0.0,42.1,61
2024-09-19,predinisolona,49.0,586.0714285714284,0.0,46.8,80
2024-09-20,predinisolona,44.0,542.0714285714284,0.0,29.6,47
2024-09-21,predinisolona,41.0,501.07142857142844,0.0,47.6,93
2024-09-22,predinisolona,49.0,452.07142857142844,0.0,49.2,93
2024-09-23,predinisolona,49.0,403.07142857142844,0.0,48.0,97
2024-09-24,predinisolona,53.0,350.07142857142844,0.0,38.3,69
2024-09-25,predinisolona,46.0,304.07142857142844,0.0,35.1,52
2024-09-26,predinisolona,45.0,259.07142857142844,0.0,35.4,63
2024-09-27,predinisolona,60.0,199.07142857142844,0.0,32.7,63
2024-09-28,predinisolona,32.0,167.07142857142844,0.0,43.1,89
2024-09-29,predinisolona,64.0,906.9285714285713,803.8571428571429,45.2,83
2024-09-30,predinisolona,41.0,865.9285714285713,0.0,47.9,98
2024-10-01,predinisolona,36.0,829.9285714285713,0.0,38.1,66
2024-10-02,predinisolona,41.0,788.9285714285713,0.0,40.1,68
2024-10-03,predinisolona,36.0,752.9285714285713,0.0,35.5,67
2024-10-04,predinisolona,40.0,712.9285714285713,0.0,34.1,50
2024-10-05,predinisolona,41.0,671.9285714285713,0.0,47.7,93
2024-10-06,predinisolona,47.0,624.9285714285713,0.0,49.3,116
2024-10-07,predinisolona,30.0,594.9285714285713,0.0,46.0,76
2024-10-08,predinisolona,37.0,557.9285714285713,0.0,32.2,59
2024-10-09,predinisolona,40.0,517.9285714285713,0.0,34.3,78
2024-10-10,predinisolona,47.0,470.92857142857133,0.0,38.1,82
2024-10-11,predinisolona,39.0,431.92857142857133,0.0,36.8,78
2024-10-12,predinisolona,58.0,373.92857142857133,0.0,59.3,130
2024-10-13,predinisolona,32.0,341.92857142857133,0.0,43.3,88
2024-10-14,predinisolona,31.0,310.92857142857133,0.0,44.1,91
2024-10-15,predinisolona,51.0,259.92857142857133,0.0,40.9,71
2024-10-16,predinisolona,49.0,210.92857142857133,0.0,41.5,76
2024-10-17,predinisolona,31.0,179.92857142857133,0.0,40.4,73
2024-10-18,predinisolona,35.0,144.92857142857133,0.0,35.9,59
2024-10-19,predinisolona,34.0,110.92857142857133,0.0,57.0,117
2024-10-20,predinisolona,35.0,75.92857142857133,0.0,24.8,56
2024-10-21,predinisolona,59.0,741.8571428571428,724.9285714285714,37.7,73
2024-10-22,predinisolona,39.0,702.8571428571428,0.0,31.5,76
2024-10-23,predinisolona,49.0,653.8571428571428,0.0,39.6,74
2024-10-24,predinisolona,33.0,620.8571428571428,0.0,36.7,66
2024-10-25,predinisolona,31.0,589.8571428571428,0.0,42.6,71
2024-10-26,predinisolona,57.0,532.8571428571428,0.0,49.5,89
2024-10-27,predinisolona,46.0,486.8571428571428,0.0,56.8,121
2024-10-28,predinisolona,42.0,444.8571428571428,0.0,36.4,71
2024-10-29,predinisolona,32.0,412.8571428571428,0.0,43.2,79
2024-10-30,predinisolona,30.0,382.8571428571428,0.0,29.0,50
2024-10-31,predinisolona,43.0,339.8571428571428,0.0,44.7,89
2024-11-01,predinisolona,38.0,301.8571428571428,0.0,38.2,59
2024-11-02,predinisolona,63.0,238.85714285714278,0.0,57.9,133
2024-11-03,predinisolona,45.0,193.85714285714278,0.0,54.6,108
2024-11-04,predinisolona,42.0,151.85714285714278,0.0,45.3,83
2024-11-05,predinisolona,47.0,104.85714285714278,0.0,37.8,80
2024-11-06,predinisolona,26.0,78.85714285714278,0.0,37.4,57
2024-11-07,predinisolona,33.0,717.3571428571428,671.5,41.9,73
2024-11-08,predinisolona,31.0,686.3571428571428,0.0,41.6,79
2024-11-09,predinisolona,36.0,650.3571428571428,0.0,42.4,91
2024-11-10,predinisolona,37.0,613.3571428571428,0.0,46.9,105
2024-11-11,predinisolona,45.0,568.3571428571428,0.0,42.6,89
2024-11-12,predinisolona,47.0,521.3571428571428,0.0,46.2,87
2024-11-13,predinisolona,37.0,484.3571428571428,0.0,24.1,41
2024-11-14,predinisolona,42.0,442.3571428571428,0.0,40.9,73
2024-11-15,predinisolona,44.0,398.3571428571428,0.0,39.8,89
2024-11-16,predinisolona,43.0,355.3571428571428,0.0,48.1,101
2024-11-17,predinisolona,54.0,301.3571428571428,0.0,53.9,114
2024-11-18,predinisolona,31.0,270.3571428571428,0.0,61.2,108
2024-11-19,predinisolona,35.0,235.35714285714278,0.0,28.0,57
2024-11-20,predinisolona,39.0,196.35714285714278,0.0,61.8,121
2024-11-21,predinisolona,31.0,165.35714285714278,0.0,42.9,82
2024-11-22,predinisolona,36.0,129.35714285714278,0.0,29.6,41
2024-11-23,predinisolona,40.0,89.35714285714278,0.0,54.0,114
2024-11-24,predinisolona,37.0,750.5714285714284,698.2142857142857,40.6,72
2024-11-25,predinisolona,40.0,710.5714285714284,0.0,34.7,62
2024-11-26,predinisolona,29.0,681.5714285714284,0.0,45.0,73
2024-11-27,predinisolona,34.0,647.5714285714284,0.0,39.1,78
2024-11-28,predinisolona,35.0,612.5714285714284,0.0,38.8,59
2024-11-29,predinisolona,44.0,568.5714285714284,0.0,29.9,54
2024-11-30,predinisolona,42.0,526.5714285714284,0.0,42.0,82
2024-12-01,predinisolona,47.0,479.57142857142844,0.0,38.7,84
2024-12-02,predinisolona,31.0,448.57142857142844,0.0,36.1,59
2024-12-03,predinisolona,40.0,408.57142857142844,0.0,50.9,90
2024-12-04,predinisolona,41.0,367.57142857142844,0.0,43.0,85
2024-12-05,predinisolona,32.0,335.57142857142844,0.0,37.3,70
2024-12-06,predinisolona,45.0,290.57142857142844,0.0,28.7,56
2024-12-07,predinisolona,52.0,238.57142857142844,0.0,45.2,93
2024-12-08,predinisolona,41.0,197.57142857142844,0.0,48.2,117
2024-12-09,predinisolona,37.0,160.57142857142844,0.0,42.8,94
2024-12-10,predinisolona,36.0,124.57142857142844,0.0,51.6,106
2024-12-11,predinisolona,38.0,86.57142857142844,0.0,30.1,32
2024-12-12,predinisolona,30.0,696.4999999999999,639.9285714285714,40.9,46
2024-12-13,predinisolona,52.0,644.4999999999999,0.0,39.6,81
2024-12-14,predinisolona,49.0,595.4999999999999,0.0,42.8,67
2024-12-15,predinisolona,43.0,552.4999999999999,0.0,52.7,109
2024-12-16,predinisolona,35.0,517.4999999999999,0.0,40.6,79
2024-12-17,predinisolona,32.0,485.4999999999999,0.0,38.8,67
2024-12-18,predinisolona,42.0,443.4999999999999,0.0,36.2,64
2024-12-19,predinisolona,39.0,404.4999999999999,0.0,35.7,62
2024-12-20,predinisolona,51.0,353.4999999999999,0.0,34.4,64
2024-12-21,predinisolona,33.0,320.4999999999999,0.0,43.7,102
2024-12-22,predinisolona,35.0,285.4999999999999,0.0,42.4,100
2024-12-23,predinisolona,37.0,248.4999999999999,0.0,45.3,83
2024-12-24,predinisolona,28.0,220.4999999999999,0.0,35.2,65
2024-12-25,predinisolona,43.0,177.4999999999999,0.0,38.5,78
2024-12-26,predinisolona,26.0,844.8571428571428,693.3571428571429,32.9,55
2024-12-27,predinisolona,40.0,804.8571428571428,0.0,45.1,81
2024-12-28,predinisolona,46.0,758.8571428571428,0.0,53.9,113
2024-12-29,predinisolona,32.0,726.8571428571428,0.0,38.3,78
2024-12-30,predinisolona,48.0,678.8571428571428,0.0,51.0,93
2024-12-31,predinisolona,38.0,640.8571428571428,0.0,43.7,68
2025-01-01,predinisolona,37.0,603.8571428571428,0.0,50.9,101
2025-01-02,predinisolona,64.0,539.8571428571428,0.0,43.7,75
2025-01-03,predinisolona,39.0,500.8571428571428,0.0,45.2,76
2025-01-04,predinisolona,37.0,463.8571428571428,0.0,50.7,93
2025-01-05,predinisolona,41.0,422.8571428571428,0.0,49.6,96
2025-01-06,predinisolona,38.0,384.8571428571428,0.0,49.6,96
2025-01-07,predinisolona,53.0,331.8571428571428,0.0,44.7,83
2025-01-08,predinisolona,40.0,291.8571428571428,0.0,36.2,77
2025-01-09,predinisolona,25.0,266.8571428571428,0.0,41.2,71
2025-01-10,predinisolona,51.0,215.85714285714278,0.0,46.3,109
2025-01-11,predinisolona,39.0,176.85714285714278,0.0,40.9,87
2025-01-12,predinisolona,41.0,135.85714285714278,0.0,41.6,65
2025-01-13,predinisolona,53.0,759.2142857142857,676.3571428571429,60.7,125
2025-01-14,predinisolona,47.0,712.2142857142857,0.0,39.8,58
2025-01-15,predinisolona,32.0,680.2142857142857,0.0,29.7,49
2025-01-16,predinisolona,38.0,642.2142857142857,0.0,34.9,74
2025-01-17,predinisolona,41.0,601.2142857142857,0.0,31.9,55
2025-01-18,predinisolona,41.0,560.2142857142857,0.0,39.9,74
2025-01-19,predinisolona,62.0,498.21428571428567,0.0,33.2,55
2025-01-20,predinisolona,39.0,459.21428571428567,0.0,50.0,91
2025-01-21,predinisolona,33.0,426.21428571428567,0.0,34.5,64
2025-01-22,predinisolona,44.0,382.21428571428567,0.0,43.3,81
2025-01-23,predinisolona,36.0,346.21428571428567,0.0,37.3,79
2025-01-24,predinisolona,30.0,316.21428571428567,0.0,34.6,55
2025-01-25,predinisolona,45.0,271.21428571428567,0.0,43.4,85
2025-01-26,predinisolona,65.0,206.21428571428567,0.0,43.8,95
2025-01-27,predinisolona,42.0,164.21428571428567,0.0,37.5,71
2025-01-28,predinisolona,46.0,118.21428571428567,0.0,40.2,78
2025-01-29,predinisolona,41.0,788.7857142857142,711.5714285714286,41.9,84
2025-01-30,predinisolona,42.0,746.7857142857142,0.0,36.4,45
2025-01-31,predinisolona,40.0,706.7857142857142,0.0,40.5,78
2025-02-01,predinisolona,35.0,671.7857142857142,0.0,43.4,88
2025-02-02,predinisolona,51.0,620.7857142857142,0.0,40.5,101
2025-02-03,predinisolona,41.0,579.7857142857142,0.0,33.1,66
2025-02-04,predinisolona,56.0,523.7857142857142,0.0,37.0,70
2025-02-05,predinisolona,61.0,462.7857142857142,0.0,38.5,79
2025-02-06,predinisolona,66.0,396.7857142857142,0.0,52.0,94
2025-02-07,predinisolona,41.0,355.7857142857142,0.0,30.8,51
2025-02-08,predinisolona,43.0,312.7857142857142,0.0,58.3,113
2025-02-09,predinisolona,42.0,270.7857142857142,0.0,47.4,96
2025-02-10,predinisolona,45.0,225.78571428571422,0.0,46.6,94
2025-02-11,predinisolona,27.0,198.78571428571422,0.0,41.6,81
2025-02-12,predinisolona,33.0,165.78571428571422,0.0,30.4,48
2025-02-13,predinisolona,43.0,122.78571428571422,0.0,36.9,47
2025-02-14,predinisolona,41.0,81.78571428571422,0.0,25.0,59
2025-02-15,predinisolona,62.0,822.4285714285713,802.6428571428571,26.9,61
2025-02-16,predinisolona,52.0,770.4285714285713,0.0,36.3,71
2025-02-17,predinisolona,43.0,727.4285714285713,0.0,50.4,105
2025-02-18,predinisolona,53.0,674.4285714285713,0.0,32.1,45
2025-02-19,predinisolona,42.0,632.4285714285713,0.0,45.6,86
2025-02-20,predinisolona,41.0,591.4285714285713,0.0,35.5,67
2025-02-21,predinisolona,46.0,545.4285714285713,0.0,43.6,74
2025-02-22,predinisolona,38.0,507.42857142857133,0.0,47.1,84
2025-02-23,predinisolona,43.0,464.42857142857133,0.0,56.3,120
2025-02-24,predinisolona,42.0,422.42857142857133,0.0,46.8,84
2025-02-25,predinisolona,43.0,379.42857142857133,0.0,28.0,38
2025-02-26,predinisolona,33.0,346.42857142857133,0.0,26.7,44
2025-02-27,predinisolona,47.0,299.42857142857133,0.0,39.8,67
2025-02-28,predinisolona,54.0,245.42857142857133,0.0,39.9,74
2025-03-01,predinisolona,56.0,189.42857142857133,0.0,46.1,93
2025-03-02,predinisolona,44.0,145.42857142857133,0.0,58.7,112
2025-03-03,predinisolona,41.0,104.42857142857133,0.0,42.3,110
2025-03-04,predinisolona,34.0,806.2857142857142,735.8571428571429,26.1,52
2025-03-05,predinisolona,39.0,767.2857142857142,0.0,31.9,66
2025-03-06,predinisolona,39.0,728.2857142857142,0.0,28.9,48
2025-03-07,predinisolona,37.0,691.2857142857142,0.0,33.6,60
2025-03-08,predinisolona,50.0,641.2857142857142,0.0,44.7,106
2025-03-09,predinisolona,45.0,596.2857142857142,0.0,36.2,76
2025-03-10,predinisolona,52.0,544.2857142857142,0.0,50.4,115
2025-03-11,predinisolona,39.0,505.2857142857142,0.0,45.8,64
2025-03-12,predinisolona,35.0,470.2857142857142,0.0,39.7,54
2025-03-13,predinisolona,55.0,415.2857142857142,0.0,41.3,84
2025-03-14,predinisolona,54.0,361.2857142857142,0.0,38.7,76
2025-03-15,predinisolona,63.0,298.2857142857142,0.0,46.1,106
2025-03-16,predinisolona,54.0,244.28571428571422,0.0,53.6,136
2025-03-17,predinisolona,45.0,199.28571428571422,0.0,50.6,107
2025-03-18,predinisolona,31.0,168.28571428571422,0.0,41.1,90
2025-03-19,predinisolona,62.0,106.28571428571422,0.0,46.9,96
2025-03-20,predinisolona,36.0,70.28571428571422,0.0,28.9,62
2025-03-21,predinisolona,35.0,35.28571428571422,0.0,28.4,51
2025-03-22,predinisolona,32.0,756.1428571428571,752.8571428571429,51.3,106
2025-03-23,predinisolona,69.0,687.1428571428571,0.0,46.9,91
2025-03-24,predinisolona,51.0,636.1428571428571,0.0,46.4,89
2025-03-25,predinisolona,35.0,601.1428571428571,0.0,36.3,80
2025-03-26,predinisolona,29.0,572.1428571428571,0.0,39.4,64
2025-03-27,predinisolona,37.0,535.1428571428571,0.0,43.6,95
2025-03-28,predinisolona,45.0,490.1428571428571,0.0,50.8,99
2025-03-29,predinisolona,43.0,447.1428571428571,0.0,54.8,118
2025-03-30,predinisolona,24.0,423.1428571428571,0.0,44.1,103
2025-03-31,predinisolona,42.0,381.1428571428571,0.0,43.1,88
2025-04-01,predinisolona,43.0,338.1428571428571,0.0,45.2,86
2025-04-02,predinisolona,43.0,295.1428571428571,0.0,38.1,63
2025-04-03,predinisolona,38.0,257.1428571428571,0.0,43.1,86
2025-04-04,predinisolona,37.0,220.1428571428571,0.0,48.4,82
2025-04-05,predinisolona,36.0,184.1428571428571,0.0,50.9,95
2025-04-06,predinisolona,44.0,140.1428571428571,0.0,47.9,101
2025-04-07,predinisolona,45.0,788.5,693.3571428571429,53.7,106
2025-04-08,predinisolona,38.0,750.5,0.0,51.4,86
2025-04-09,predinisolona,29.0,721.5,0.0,45.6,69
2025-04-10,predinisolona,18.0,703.5,0.0,29.3,59
2025-04-11,predinisolona,34.0,669.5,0.0,43.5,96
2025-04-12,predinisolona,41.0,628.5,0.0,66.1,133
2025-04-13,predinisolona,45.0,583.5,0.0,55.6,132
2025-04-14,predinisolona,44.0,539.5,0.0,40.5,92
2025-04-15,predinisolona,31.0,508.5,0.0,41.0,84
2025-04-16,predinisolona,36.0,472.5,0.0,48.2,94
2025-04-17,predinisolona,34.0,438.5,0.0,42.9,85
2025-04-18,predinisolona,45.0,393.5,0.0,54.7,125
2025-04-19,predinisolona,43.0,350.5,0.0,53.6,122
2025-04-20,predinisolona,56.0,294.5,0.0,52.7,120
2025-04-21,predinisolona,49.0,245.5,0.0,73.8,182
2025-04-22,predinisolona,60.0,185.5,0.0,50.4,79
2025-04-23,predinisolona,45.0,140.5,0.0,43.5,82
2025-04-24,predinisolona,45.0,95.5,0.0,65.4,138
2025-04-25,predinisolona,38.0,57.5,0.0,42.8,89
2025-04-26,predinisolona,53.0,4.5,0.0,62.2,141
2025-04-27,predinisolona,50.0,0.0,0.0,48.2,107
2025-04-28,predinisolona,58.0,581.9285714285714,639.9285714285714,32.7,85
2025-04-29,predinisolona,29.0,552.9285714285714,0.0,27.3,55
2025-04-30,predinisolona,29.0,523.9285714285714,0.0,33.3,77
2025-05-01,predinisolona,58.0,465.92857142857144,0.0,42.4,108
2025-05-02,predinisolona,43.0,422.92857142857144,0.0,32.6,68
2025-05-03,predinisolona,50.0,372.92857142857144,0.0,54.2,101
2025-05-04,predinisolona,44.0,328.92857142857144,0.0,56.1,122
2025-05-05,predinisolona,44.0,284.92857142857144,0.0,53.1,98
2025-05-06,predinisolona,41.0,243.92857142857144,0.0,45.3,86
2025-05-07,predinisolona,41.0,202.92857142857144,0.0,43.0,75
2025-05-08,predinisolona,31.0,970.9285714285714,799.0,32.7,65
2025-05-09,predinisolona,35.0,935.9285714285714,0.0,37.7,63
2025-05-10,predinisolona,40.0,895.9285714285714,0.0,54.7,109
2025-05-11,predinisolona,52.0,843.9285714285714,0.0,47.0,102
2025-05-12,predinisolona,42.0,801.9285714285714,0.0,38.9,66
2025-05-13,predinisolona,56.0,745.9285714285714,0.0,38.3,64
2025-05-14,predinisolona,34.0,711.9285714285714,0.0,40.1,82
2025-05-15,predinisolona,65.0,646.9285714285714,0.0,46.5,107
2025-05-16,predinisolona,63.0,583.9285714285714,0.0,45.3,104
2025-05-17,predinisolona,48.0,535.9285714285714,0.0,53.5,113
2025-05-18,predinisolona,47.0,488.92857142857144,0.0,49.5,99
2025-05-19,predinisolona,49.0,439.92857142857144,0.0,30.0,56
2025-05-20,predinisolona,63.0,376.92857142857144,0.0,48.3,99
2025-05-21,predinisolona,45.0,331.92857142857144,0.0,52.3,104
2025-05-22,predinisolona,28.0,303.92857142857144,0.0,40.2,69
2025-05-23,predinisolona,49.0,254.92857142857144,0.0,52.7,94
2025-05-24,predinisolona,53.0,201.92857142857144,0.0,62.1,124
2025-05-25,predinisolona,56.0,145.92857142857144,0.0,44.2,99
2025-05-26,predinisolona,41.0,104.92857142857144,0.0,47.3,77
2025-05-27,predinisolona,40.0,64.92857142857144,0.0,40.5,83
2025-05-28,predinisolona,48.0,798.9285714285714,782.0,44.0,75
2025-05-29,predinisolona,43.0,755.9285714285714,0.0,50.3,104
2025-05-30,predinisolona,38.0,717.9285714285714,0.0,51.8,114
2025-05-31,predinisolona,62.0,655.9285714285714,0.0,45.9,113
2025-06-01,predinisolona,40.0,615.9285714285714,0.0,52.5,113
2025-06-02,predinisolona,46.0,569.9285714285714,0.0,45.5,109
2025-06-03,predinisolona,53.0,516.9285714285714,0.0,57.4,114
2025-06-04,predinisolona,59.0,457.92857142857144,0.0,54.0,98
2025-06-05,predinisolona,54.0,403.92857142857144,0.0,38.4,80
2025-06-06,predinisolona,29.0,374.92857142857144,0.0,51.9,106
2025-06-07,predinisolona,56.0,318.92857142857144,0.0,50.6,114
2025-06-08,predinisolona,60.0,258.92857142857144,0.0,59.4,138
2025-06-09,predinisolona,32.0,226.92857142857144,0.0,46.1,84
2025-06-10,predinisolona,48.0,178.92857142857144,0.0,48.4,100
2025-06-11,predinisolona,39.0,936.5,796.5714285714286,42.2,62
2025-06-12,predinisolona,50.0,886.5,0.0,40.4,82
2025-06-13,predinisolona,32.0,854.5,0.0,50.8,95
2025-06-14,predinisolona,50.0,804.5,0.0,53.9,114
2025-06-15,predinisolona,69.0,735.5,0.0,53.5,105
2025-06-16,predinisolona,49.0,686.5,0.0,42.6,88
2025-06-17,predinisolona,52.0,634.5,0.0,37.9,70
2025-06-18,predinisolona,70.0,564.5,0.0,39.7,76
2025-06-19,predinisolona,46.0,518.5,0.0,37.9,79
2025-06-20,predinisolona,51.0,467.5,0.0,43.5,78
2025-06-21,predinisolona,52.0,415.5,0.0,60.6,127
2025-06-22,predinisolona,79.0,336.5,0.0,44.3,81
2025-06-23,predinisolona,38.0,298.5,0.0,53.0,95
2025-06-24,predinisolona,33.0,265.5,0.0,35.5,46
2025-06-25,predinisolona,49.0,216.5,0.0,35.2,66
2025-06-26,predinisolona,51.0,165.5,0.0,37.5,64
2025-06-27,predinisolona,54.0,111.5,0.0,40.1,83
2025-06-28,predinisolona,52.0,59.5,0.0,50.4,105
2025-06-29,predinisolona,52.0,862.3571428571429,854.8571428571429,45.5,98
2025-06-30,predinisolona,53.0,809.3571428571429,0.0,53.7,96
2025-07-01,predinisolona,44.0,765.3571428571429,0.0,43.0,80
2025-07-02,predinisolona,47.0,718.3571428571429,0.0,39.3,76
2025-07-03,predinisolona,43.0,675.3571428571429,0.0,42.9,70
2025-07-04,predinisolona,54.0,621.3571428571429,0.0,35.7,88
2025-07-05,predinisolona,67.0,554.3571428571429,0.0,43.0,107
2025-07-06,predinisolona,63.0,491.3571428571429,0.0,51.1,98
2025-07-07,predinisolona,46.0,445.3571428571429,0.0,54.1,115
2025-07-08,predinisolona,56.0,389.3571428571429,0.0,42.6,80
2025-07-09,predinisolona,54.0,335.3571428571429,0.0,32.4,69
2025-07-10,predinisolona,63.0,272.3571428571429,0.0,36.9,67
2025-07-11,predinisolona,66.0,206.3571428571429,0.0,45.4,68
2025-07-12,predinisolona,94.0,112.35714285714289,0.0,43.8,77
2025-07-13,predinisolona,66.0,896.3571428571429,850.0,54.2,114
2025-07-14,predinisolona,44.0,852.3571428571429,0.0,39.8,80
2025-07-15,predinisolona,56.0,796.3571428571429,0.0,38.3,75
2025-07-16,predinisolona,46.0,750.3571428571429,0.0,36.2,89
2025-07-17,predinisolona,56.0,694.3571428571429,0.0,36.3,62
2025-07-18,predinisolona,50.0,644.3571428571429,0.0,48.8,91
2025-07-19,predinisolona,47.0,597.3571428571429,0.0,51.7,127
2025-07-20,predinisolona,65.0,532.3571428571429,0.0,47.7,105
2025-07-21,predinisolona,60.0,472.3571428571429,0.0,38.7,85
2025-07-22,predinisolona,62.0,410.3571428571429,0.0,38.8,83
2025-07-23,predinisolona,65.0,345.3571428571429,0.0,46.0,92
2025-07-24,predinisolona,33.0,312.3571428571429,0.0,20.7,44
2025-07-25,predinisolona,55.0,257.3571428571429,0.0,39.1,66
2025-07-26,predinisolona,81.0,176.3571428571429,0.0,59.3,122
2025-07-27,predinisolona,60.0,116.35714285714289,0.0,48.3,102
2025-07-28,predinisolona,73.0,1025.7142857142858,982.3571428571429,40.8,106
2025-07-29,predinisolona,47.0,978.7142857142858,0.0,31.7,63
2025-07-30,predinisolona,51.0,927.7142857142858,0.0,50.0,90
2025-07-31,predinisolona,27.0,900.7142857142858,0.0,31.5,83
2025-08-01,predinisolona,21.0,879.7142857142858,0.0,31.1,54
2025-08-02,predinisolona,49.0,830.7142857142858,0.0,49.8,117
2025-08-03,predinisolona,61.0,769.7142857142858,0.0,37.8,60
2025-08-04,predinisolona,59.0,710.7142857142858,0.0,41.7,88
2025-08-05,predinisolona,72.0,638.7142857142858,0.0,57.6,121
2025-08-06,predinisolona,47.0,591.7142857142858,0.0,37.6,62
2025-08-07,predinisolona,35.0,556.7142857142858,0.0,52.8,91
2025-08-08,predinisolona,46.0,510.7142857142858,0.0,39.4,76
2025-08-09,predinisolona,77.0,433.7142857142858,0.0,43.8,82
2025-08-10,predinisolona,46.0,387.7142857142858,0.0,42.3,99
2025-08-11,predinisolona,48.0,339.7142857142858,0.0,52.3,97
2025-08-12,predinisolona,43.0,296.7142857142858,0.0,44.1,96
2025-08-13,predinisolona,35.0,261.7142857142858,0.0,27.8,47
2025-08-14,predinisolona,67.0,194.71428571428578,0.0,49.9,104
2025-08-15,predinisolona,59.0,135.71428571428578,0.0,44.4,106
2025-08-16,predinisolona,56.0,964.9285714285714,885.2142857142857,52.3,108
2025-08-17,predinisolona,65.0,899.9285714285714,0.0,51.8,98
2025-08-18,predinisolona,69.0,830.9285714285714,0.0,55.7,117
2025-08-19,predinisolona,43.0,787.9285714285714,0.0,30.3,66
2025-08-20,predinisolona,49.0,738.9285714285714,0.0,47.7,99
2025-08-21,predinisolona,46.0,692.9285714285714,0.0,52.6,103
2025-08-22,predinisolona,51.0,641.9285714285714,0.0,28.5,64
2025-08-23,predinisolona,64.0,577.9285714285714,0.0,54.8,130
2025-08-24,predinisolona,44.0,533.9285714285714,0.0,46.5,84
2025-08-25,predinisolona,57.0,476.92857142857144,0.0,52.5,108
2025-08-26,predinisolona,54.0,422.92857142857144,0.0,39.4,69
2025-08-27,predinisolona,49.0,373.92857142857144,0.0,42.4,61
2025-08-28,predinisolona,53.0,320.92857142857144,0.0,40.0,70
2025-08-29,predinisolona,46.0,274.92857142857144,0.0,49.5,95
2025-08-30,predinisolona,58.0,216.92857142857144,0.0,64.0,113
2025-08-31,predinisolona,73.0,143.92857142857144,0.0,43.9,89
2025-09-01,predinisolona,50.0,93.92857142857144,0.0,52.4,120
2025-09-02,predinisolona,69.0,933.2142857142858,908.2857142857143,40.5,72
2025-09-03,predinisolona,68.0,865.2142857142858,0.0,41.2,74
2025-09-04,predinisolona,40.0,825.2142857142858,0.0,36.0,70
2025-09-05,predinisolona,45.0,780.2142857142858,0.0,42.4,94
2025-09-06,predinisolona,53.0,727.2142857142858,0.0,58.5,102
2025-09-07,predinisolona,54.0,673.2142857142858,0.0,68.8,154
2025-09-08,predinisolona,52.0,621.2142857142858,0.0,47.1,104
2025-09-09,predinisolona,45.0,576.2142857142858,0.0,43.9,76
2025-09-10,predinisolona,37.0,539.2142857142858,0.0,38.4,72
2025-09-11,predinisolona,66.0,473.2142857142858,0.0,44.1,90
2025-09-12,predinisolona,46.0,427.2142857142858,0.0,41.0,72
2025-09-13,predinisolona,45.0,382.2142857142858,0.0,41.7,95
2025-09-14,predinisolona,66.0,316.2142857142858,0.0,53.5,110
2025-09-15,predinisolona,48.0,268.2142857142858,0.0,44.3,66
2025-09-16,predinisolona,47.0,221.21428571428578,0.0,39.6,69
2025-09-17,predinisolona,58.0,163.21428571428578,0.0,33.8,62
2025-09-18,predinisolona,53.0,110.21428571428578,0.0,38.9,78
2025-09-19,predinisolona,43.0,985.2142857142858,918.0,38.9,77
2025-09-20,predinisolona,49.0,936.2142857142858,0.0,47.2,99
2025-09-21,predinisolona,53.0,883.2142857142858,0.0,42.2,86
2025-09-22,predinisolona,47.0,836.2142857142858,0.0,53.0,102
2025-09-23,predinisolona,46.0,790.2142857142858,0.0,42.4,102
2025-09-24,predinisolona,33.0,757.2142857142858,0.0,46.4,84
2025-09-25,predinisolona,58.0,699.2142857142858,0.0,32.7,59
2025-09-26,predinisolona,56.0,643.2142857142858,0.0,45.5,87
2025-09-27,predinisolona,59.0,584.2142857142858,0.0,45.5,104
2025-09-28,predinisolona,56.0,528.2142857142858,0.0,56.4,107
2025-09-29,predinisolona,44.0,484.2142857142858,0.0,39.6,60
2025-09-30,predinisolona,55.0,429.2142857142858,0.0,48.9,90
2025-10-01,predinisolona,55.0,374.2142857142858,0.0,41.8,98
2025-10-02,predinisolona,70.0,304.2142857142858,0.0,40.0,66
2025-10-03,predinisolona,51.0,253.21428571428578,0.0,49.5,98
2025-10-04,predinisolona,42.0,211.21428571428578,0.0,60.7,153
2025-10-05,predinisolona,51.0,160.21428571428578,0.0,49.2,102
2025-10-06,predinisolona,37.0,123.21428571428578,0.0,42.3,78
2025-10-07,predinisolona,31.0,944.6428571428572,852.4285714285714,40.0,69
2025-10-08,predinisolona,51.0,893.6428571428572,0.0,52.4,109
2025-10-09,predinisolona,39.0,854.6428571428572,0.0,38.6,68
2025-10-10,predinisolona,29.0,825.6428571428572,0.0,35.6,46
2025-10-11,predinisolona,39.0,786.6428571428572,0.0,60.5,120
2025-10-12,predinisolona,66.0,720.6428571428572,0.0,68.6,190
2025-10-13,predinisolona,41.0,679.6428571428572,0.0,48.0,102
2025-10-14,predinisolona,48.0,631.6428571428572,0.0,55.3,121
2025-10-15,predinisolona,42.0,589.6428571428572,0.0,26.5,57
2025-10-16,predinisolona,48.0,541.6428571428572,0.0,51.4,107
2025-10-17,predinisolona,55.0,486.6428571428572,0.0,46.6,80
2025-10-18,predinisolona,75.0,411.6428571428572,0.0,42.1,94
2025-10-19,predinisolona,48.0,363.6428571428572,0.0,49.9,100
2025-10-20,predinisolona,53.0,310.6428571428572,0.0,51.9,120
2025-10-21,predinisolona,37.0,273.6428571428572,0.0,36.8,74
2025-10-22,predinisolona,40.0,233.64285714285722,0.0,39.8,58
2025-10-23,predinisolona,47.0,186.64285714285722,0.0,38.0,76
2025-10-24,predinisolona,50.0,136.64285714285722,0.0,42.7,78
2025-10-25,predinisolona,48.0,880.3571428571429,791.7142857142857,49.5,124
2025-10-26,predinisolona,30.0,850.3571428571429,0.0,60.6,113
2025-10-27,predinisolona,42.0,808.3571428571429,0.0,42.3,75
2025-10-28,predinisolona,47.0,761.3571428571429,0.0,29.0,46
2025-10-29,predinisolona,36.0,725.3571428571429,0.0,45.6,85
2025-10-30,predinisolona,20.0,705.3571428571429,0.0,29.3,61
2025-10-31,predinisolona,41.0,664.3571428571429,0.0,41.8,67
2025-11-01,predinisolona,40.0,624.3571428571429,0.0,50.8,110
2025-11-02,predinisolona,64.0,560.3571428571429,0.0,61.1,138
2025-11-03,predinisolona,40.0,520.3571428571429,0.0,32.3,59
2025-11-04,predinisolona,46.0,474.3571428571429,0.0,33.7,64
2025-11-05,predinisolona,37.0,437.3571428571429,0.0,47.2,88
2025-11-06,predinisolona,54.0,383.3571428571429,0.0,40.5,74
2025-11-07,predinisolona,34.0,349.3571428571429,0.0,56.8,116
2025-11-08,predinisolona,48.0,301.3571428571429,0.0,51.4,108
2025-11-09,predinisolona,42.0,259.3571428571429,0.0,58.3,122
2025-11-10,predinisolona,49.0,210.3571428571429,0.0,36.4,70
2025-11-11,predinisolona,51.0,159.3571428571429,0.0,54.0,90
2025-11-12,predinisolona,39.0,120.35714285714289,0.0,31.8,70
2025-11-13,predinisolona,48.0,72.35714285714289,0.0,59.2,116
2025-11-14,predinisolona,40.0,754.8571428571429,722.5,41.5,64
2025-11-15,predinisolona,72.0,682.8571428571429,0.0,58.1,137
2025-11-16,predinisolona,45.0,637.8571428571429,0.0,53.3,88
2025-11-17,predinisolona,38.0,599.8571428571429,0.0,56.1,110
2025-11-18,predinisolona,38.0,561.8571428571429,0.0,40.2,65
2025-11-19,predinisolona,44.0,517.8571428571429,0.0,37.2,67
2025-11-20,predinisolona,53.0,464.8571428571429,0.0,48.8,103
2025-11-21,predinisolona,41.0,423.8571428571429,0.0,42.5,85
2025-11-22,predinisolona,37.0,386.8571428571429,0.0,49.8,99
2025-11-23,predinisolona,37.0,349.8571428571429,0.0,54.9,102
2025-11-24,predinisolona,52.0,297.8571428571429,0.0,37.1,65
2025-11-25,predinisolona,40.0,257.8571428571429,0.0,26.7,48
2025-11-26,predinisolona,50.0,207.8571428571429,0.0,39.6,65
2025-11-27,predinisolona,46.0,161.8571428571429,0.0,35.5,52
2025-11-28,predinisolona,43.0,118.85714285714289,0.0,26.7,30
2025-11-29,predinisolona,54.0,64.85714285714289,0.0,47.7,89
2025-11-30,predinisolona,46.0,805.7142857142858,786.8571428571429,53.8,118
2025-12-01,predinisolona,40.0,765.7142857142858,0.0,44.5,99
2025-12-02,predinisolona,41.0,724.7142857142858,0.0,33.9,68
2025-12-03,predinisolona,51.0,673.7142857142858,0.0,28.7,62
2025-12-04,predinisolona,54.0,619.7142857142858,0.0,48.8,98
2025-12-05,predinisolona,25.0,594.7142857142858,0.0,47.6,98
2025-12-06,predinisolona,29.0,565.7142857142858,0.0,38.4,76
2025-12-07,predinisolona,36.0,529.7142857142858,0.0,36.8,100
2025-12-08,predinisolona,46.0,483.7142857142858,0.0,46.1,107
2025-12-09,predinisolona,38.0,445.7142857142858,0.0,41.2,66
2025-12-10,predinisolona,44.0,401.7142857142858,0.0,43.8,94
2025-12-11,predinisolona,19.0,382.7142857142858,0.0,43.4,81
2025-12-12,predinisolona,33.0,349.7142857142858,0.0,32.5,70
2025-12-13,predinisolona,45.0,304.7142857142858,0.0,47.3,80
2025-12-14,predinisolona,40.0,264.7142857142858,0.0,44.2,89
2025-12-15,predinisolona,34.0,230.71428571428578,0.0,34.0,55
2025-12-16,predinisolona,59.0,171.71428571428578,0.0,41.8,54
2025-12-17,predinisolona,49.0,122.71428571428578,0.0,38.9,55
2025-12-18,predinisolona,32.0,810.7857142857143,720.0714285714286,36.9,70
2025-12-19,predinisolona,38.0,772.7857142857143,0.0,37.1,74
2025-12-20,predinisolona,55.0,717.7857142857143,0.0,43.4,89
2025-12-21,predinisolona,47.0,670.7857142857143,0.0,48.9,95
2025-12-22,predinisolona,51.0,619.7857142857143,0.0,49.2,103
2025-12-23,predinisolona,36.0,583.7857142857143,0.0,29.2,49
2025-12-24,predinisolona,51.0,532.7857142857143,0.0,38.0,53
2025-12-25,predinisolona,78.0,454.78571428571433,0.0,53.7,116
2025-12-26,predinisolona,35.0,419.78571428571433,0.0,52.2,84
2025-12-27,predinisolona,36.0,383.78571428571433,0.0,40.9,77
2025-12-28,predinisolona,42.0,341.78571428571433,0.0,62.0,118
2025-12-29,predinisolona,50.0,291.78571428571433,0.0,38.5,67
2025-12-30,predinisolona,46.0,245.78571428571433,0.0,36.0,53
2025-12-31,predinisolona,30.0,215.78571428571433,0.0,36.6,74
2024-01-01,hidrocortisona_inj,31.0,496.0,0.0,52.7,111
2024-01-02,hidrocortisona_inj,18.0,478.0,0.0,33.6,51
2024-01-03,hidrocortisona_inj,31.0,447.0,0.0,34.2,61
2024-01-04,hidrocortisona_inj,23.0,424.0,0.0,32.6,51
2024-01-05,hidrocortisona_inj,21.0,403.0,0.0,24.7,30
2024-01-06,hidrocortisona_inj,22.0,381.0,0.0,41.6,71
2024-01-07,hidrocortisona_inj,21.0,360.0,0.0,51.5,99
2024-01-08,hidrocortisona_inj,15.0,345.0,0.0,29.9,65
2024-01-09,hidrocortisona_inj,22.0,323.0,0.0,20.0,44
2024-01-10,hidrocortisona_inj,20.0,303.0,0.0,37.5,57
2024-01-11,hidrocortisona_inj,23.0,280.0,0.0,49.8,90
2024-01-12,hidrocortisona_inj,23.0,257.0,0.0,37.9,81
2024-01-13,hidrocortisona_inj,45.0,212.0,0.0,34.2,80
2024-01-14,hidrocortisona_inj,26.0,186.0,0.0,43.7,85
2024-01-15,hidrocortisona_inj,27.0,159.0,0.0,38.7,61
2024-01-16,hidrocortisona_inj,15.0,144.0,0.0,33.7,37
2024-01-17,hidrocortisona_inj,26.0,118.0,0.0,32.8,49
2024-01-18,hidrocortisona_inj,24.0,94.0,0.0,28.6,47
2024-01-19,hidrocortisona_inj,18.0,76.0,0.0,26.8,48
2024-01-20,hidrocortisona_inj,24.0,52.0,0.0,39.9,75
2024-01-21,hidrocortisona_inj,25.0,27.0,0.0,40.7,81
2024-01-22,hidrocortisona_inj,13.0,425.9230769230769,411.9230769230769,22.5,37
2024-01-23,hidrocortisona_inj,21.0,404.9230769230769,0.0,38.6,48
2024-01-24,hidrocortisona_inj,20.0,384.9230769230769,0.0,36.8,46
2024-01-25,hidrocortisona_inj,35.0,349.9230769230769,0.0,33.2,43
2024-01-26,hidrocortisona_inj,19.0,330.9230769230769,0.0,26.7,48
2024-01-27,hidrocortisona_inj,23.0,307.9230769230769,0.0,47.1,86
2024-01-28,hidrocortisona_inj,23.0,284.9230769230769,0.0,40.6,70
2024-01-29,hidrocortisona_inj,30.0,254.9230769230769,0.0,51.4,103
2024-01-30,hidrocortisona_inj,26.0,228.9230769230769,0.0,35.7,49
2024-01-31,hidrocortisona_inj,20.0,208.9230769230769,0.0,46.2,86
2024-02-01,hidrocortisona_inj,23.0,185.9230769230769,0.0,34.4,51
2024-02-02,hidrocortisona_inj,21.0,164.9230769230769,0.0,29.8,39
2024-02-03,hidrocortisona_inj,19.0,145.9230769230769,0.0,40.2,72
2024-02-04,hidrocortisona_inj,19.0,126.9230769230769,0.0,31.0,70
2024-02-05,hidrocortisona_inj,27.0,99.9230769230769,0.0,39.8,74
2024-02-06,hidrocortisona_inj,26.0,470.99450549450546,397.07142857142856,29.2,51
2024-02-07,hidrocortisona_inj,30.0,440.99450549450546,0.0,34.0,73
2024-02-08,hidrocortisona_inj,21.0,419.99450549450546,0.0,42.0,62
2024-02-09,hidrocortisona_inj,18.0,401.99450549450546,0.0,51.3,88
2024-02-10,hidrocortisona_inj,14.0,387.99450549450546,0.0,53.0,97
2024-02-11,hidrocortisona_inj,27.0,360.99450549450546,0.0,59.8,129
2024-02-12,hidrocortisona_inj,34.0,326.99450549450546,0.0,55.4,104
2024-02-13,hidrocortisona_inj,30.0,296.99450549450546,0.0,46.5,94
2024-02-14,hidrocortisona_inj,18.0,278.99450549450546,0.0,40.7,75
2024-02-15,hidrocortisona_inj,24.0,254.99450549450546,0.0,42.8,96
2024-02-16,hidrocortisona_inj,26.0,228.99450549450546,0.0,55.8,116
2024-02-17,hidrocortisona_inj,21.0,207.99450549450546,0.0,58.6,128
2024-02-18,hidrocortisona_inj,21.0,186.99450549450546,0.0,72.4,183
2024-02-19,hidrocortisona_inj,25.0,161.99450549450546,0.0,61.3,137
2024-02-20,hidrocortisona_inj,23.0,138.99450549450546,0.0,55.3,120
2024-02-21,hidrocortisona_inj,38.0,100.99450549450546,0.0,73.6,151
2024-02-22,hidrocortisona_inj,12.0,88.99450549450546,0.0,49.7,93
2024-02-23,hidrocortisona_inj,24.0,64.99450549450546,0.0,56.0,121
2024-02-24,hidrocortisona_inj,28.0,36.99450549450546,0.0,60.4,131
2024-02-25,hidrocortisona_inj,35.0,406.3516483516483,404.35714285714283,65.6,148
2024-02-26,hidrocortisona_inj,29.0,377.3516483516483,0.0,61.8,140
2024-02-27,hidrocortisona_inj,26.0,351.3516483516483,0.0,56.9,136
2024-02-28,hidrocortisona_inj,25.0,326.3516483516483,0.0,54.6,119
2024-02-29,hidrocortisona_inj,24.0,302.3516483516483,0.0,63.8,152
2024-03-01,hidrocortisona_inj,23.0,279.3516483516483,0.0,50.9,121
2024-03-02,hidrocortisona_inj,24.0,255.3516483516483,0.0,63.2,136
2024-03-03,hidrocortisona_inj,19.0,236.3516483516483,0.0,64.2,140
2024-03-04,hidrocortisona_inj,18.0,218.3516483516483,0.0,60.3,154
2024-03-05,hidrocortisona_inj,13.0,205.3516483516483,0.0,58.6,130
2024-03-06,hidrocortisona_inj,16.0,189.3516483516483,0.0,59.9,121
2024-03-07,hidrocortisona_inj,13.0,176.3516483516483,0.0,56.7,111
2024-03-08,hidrocortisona_inj,14.0,162.3516483516483,0.0,60.7,123
2024-03-09,hidrocortisona_inj,33.0,129.3516483516483,0.0,83.7,200
2024-03-10,hidrocortisona_inj,33.0,96.3516483516483,0.0,70.4,172
2024-03-11,hidrocortisona_inj,11.0,516.4230769230769,431.07142857142856,58.3,140
2024-03-12,hidrocortisona_inj,24.0,492.4230769230769,0.0,54.9,114
2024-03-13,hidrocortisona_inj,30.0,462.4230769230769,0.0,53.3,109
2024-03-14,hidrocortisona_inj,27.0,435.4230769230769,0.0,70.9,149
2024-03-15,hidrocortisona_inj,26.0,409.4230769230769,0.0,69.1,146
2024-03-16,hidrocortisona_inj,23.0,386.4230769230769,0.0,61.7,139
2024-03-17,hidrocortisona_inj,18.0,368.4230769230769,0.0,58.3,142
2024-03-18,hidrocortisona_inj,22.0,346.4230769230769,0.0,62.4,143
2024-03-19,hidrocortisona_inj,15.0,331.4230769230769,0.0,50.9,104
2024-03-20,hidrocortisona_inj,25.0,306.4230769230769,0.0,57.9,129
2024-03-21,hidrocortisona_inj,18.0,288.4230769230769,0.0,66.6,158
2024-03-22,hidrocortisona_inj,32.0,256.4230769230769,0.0,52.1,107
2024-03-23,hidrocortisona_inj,18.0,238.4230769230769,0.0,62.0,144
2024-03-24,hidrocortisona_inj,18.0,220.4230769230769,0.0,57.6,133
2024-03-25,hidrocortisona_inj,25.0,195.4230769230769,0.0,49.5,99
2024-03-26,hidrocortisona_inj,15.0,180.4230769230769,0.0,50.1,109
2024-03-27,hidrocortisona_inj,28.0,152.4230769230769,0.0,59.4,128
2024-03-28,hidrocortisona_inj,13.0,139.4230769230769,0.0,47.6,94
2024-03-29,hidrocortisona_inj,41.0,98.4230769230769,0.0,62.6,153
2024-03-30,hidrocortisona_inj,41.0,57.423076923076906,0.0,66.3,156
2024-03-31,hidrocortisona_inj,29.0,28.423076923076906,0.0,77.8,167
2024-04-01,hidrocortisona_inj,17.0,401.2087912087912,389.7857142857143,53.0,126
2024-04-02,hidrocortisona_inj,21.0,380.2087912087912,0.0,32.8,79
2024-04-03,hidrocortisona_inj,28.0,352.2087912087912,0.0,53.0,134
2024-04-04,hidrocortisona_inj,43.0,309.2087912087912,0.0,51.5,108
2024-04-05,hidrocortisona_inj,25.0,284.2087912087912,0.0,47.7,97
2024-04-06,hidrocortisona_inj,25.0,259.2087912087912,0.0,59.3,132
2024-04-07,hidrocortisona_inj,23.0,236.20879120879118,0.0,48.9,87
2024-04-08,hidrocortisona_inj,30.0,206.20879120879118,0.0,51.9,140
2024-04-09,hidrocortisona_inj,27.0,179.20879120879118,0.0,51.6,104
2024-04-10,hidrocortisona_inj,27.0,152.20879120879118,0.0,67.4,136
2024-04-11,hidrocortisona_inj,27.0,125.20879120879118,0.0,56.3,135
2024-04-12,hidrocortisona_inj,25.0,100.20879120879118,0.0,53.0,117
2024-04-13,hidrocortisona_inj,31.0,69.20879120879118,0.0,62.0,147
2024-04-14,hidrocortisona_inj,29.0,40.20879120879118,0.0,47.8,108
2024-04-15,hidrocortisona_inj,27.0,461.28021978021974,448.07142857142856,47.3,100
2024-04-16,hidrocortisona_inj,33.0,428.28021978021974,0.0,56.7,107
2024-04-17,hidrocortisona_inj,15.0,413.28021978021974,0.0,45.4,70
2024-04-18,hidrocortisona_inj,26.0,387.28021978021974,0.0,48.6,104
2024-04-19,hidrocortisona_inj,25.0,362.28021978021974,0.0,58.0,105
2024-04-20,hidrocortisona_inj,26.0,336.28021978021974,0.0,56.8,123
2024-04-21,hidrocortisona_inj,32.0,304.28021978021974,0.0,86.4,188
2024-04-22,hidrocortisona_inj,23.0,281.28021978021974,0.0,38.8,73
2024-04-23,hidrocortisona_inj,14.0,267.28021978021974,0.0,37.6,67
2024-04-24,hidrocortisona_inj,25.0,242.28021978021974,0.0,42.4,78
2024-04-25,hidrocortisona_inj,13.0,229.28021978021974,0.0,53.3,77
2024-04-26,hidrocortisona_inj,29.0,200.28021978021974,0.0,43.6,76
2024-04-27,hidrocortisona_inj,24.0,176.28021978021974,0.0,52.4,119
2024-04-28,hidrocortisona_inj,35.0,141.28021978021974,0.0,60.2,122
2024-04-29,hidrocortisona_inj,25.0,116.28021978021974,0.0,56.9,128
2024-04-30,hidrocortisona_inj,14.0,102.28021978021974,0.0,35.1,67
2024-05-01,hidrocortisona_inj,26.0,76.28021978021974,0.0,60.6,124
2024-05-02,hidrocortisona_inj,23.0,487.99450549450546,434.7142857142857,45.2,90
2024-05-03,hidrocortisona_inj,32.0,455.99450549450546,0.0,50.4,102
2024-05-04,hidrocortisona_inj,20.0,435.99450549450546,0.0,60.9,135
2024-05-05,hidrocortisona_inj,26.0,409.99450549450546,0.0,50.3,101
2024-05-06,hidrocortisona_inj,28.0,381.99450549450546,0.0,60.1,128
2024-05-07,hidrocortisona_inj,20.0,361.99450549450546,0.0,27.2,61
2024-05-08,hidrocortisona_inj,43.0,318.99450549450546,0.0,44.3,80
2024-05-09,hidrocortisona_inj,28.0,290.99450549450546,0.0,34.2,70
2024-05-10,hidrocortisona_inj,19.0,271.99450549450546,0.0,39.3,90
2024-05-11,hidrocortisona_inj,16.0,255.99450549450546,0.0,50.8,107
2024-05-12,hidrocortisona_inj,23.0,232.99450549450546,0.0,56.3,121
2024-05-13,hidrocortisona_inj,32.0,200.99450549450546,0.0,49.7,111
2024-05-14,hidrocortisona_inj,18.0,182.99450549450546,0.0,45.3,81
2024-05-15,hidrocortisona_inj,17.0,165.99450549450546,0.0,29.2,60
2024-05-16,hidrocortisona_inj,30.0,135.99450549450546,0.0,50.1,109
2024-05-17,hidrocortisona_inj,29.0,106.99450549450546,0.0,53.3,120
2024-05-18,hidrocortisona_inj,24.0,82.99450549450546,0.0,63.1,142
2024-05-19,hidrocortisona_inj,26.0,56.99450549450546,0.0,65.8,146
2024-05-20,hidrocortisona_inj,32.0,24.99450549450546,0.0,44.2,99
2024-05-21,hidrocortisona_inj,18.0,423.49450549450546,416.5,36.8,58
2024-05-22,hidrocortisona_inj,31.0,392.49450549450546,0.0,39.4,73
2024-05-23,hidrocortisona_inj,30.0,362.49450549450546,0.0,41.4,101
2024-05-24,hidrocortisona_inj,28.0,334.49450549450546,0.0,31.3,73
2024-05-25,hidrocortisona_inj,27.0,307.49450549450546,0.0,47.8,98
2024-05-26,hidrocortisona_inj,38.0,269.49450549450546,0.0,49.1,104
2024-05-27,hidrocortisona_inj,25.0,244.49450549450546,0.0,43.6,87
2024-05-28,hidrocortisona_inj,33.0,211.49450549450546,0.0,50.6,106
2024-05-29,hidrocortisona_inj,27.0,184.49450549450546,0.0,36.2,62
2024-05-30,hidrocortisona_inj,28.0,156.49450549450546,0.0,40.1,65
2024-05-31,hidrocortisona_inj,38.0,118.49450549450546,0.0,31.2,63
2024-06-01,hidrocortisona_inj,37.0,81.49450549450546,0.0,36.2,78
2024-06-02,hidrocortisona_inj,30.0,51.49450549450546,0.0,43.2,97
2024-06-03,hidrocortisona_inj,26.0,25.49450549450546,0.0,44.8,86
2024-06-04,hidrocortisona_inj,35.0,451.9230769230769,461.42857142857144,67.9,141
2024-06-05,hidrocortisona_inj,30.0,421.9230769230769,0.0,39.9,80
2024-06-06,hidrocortisona_inj,13.0,408.9230769230769,0.0,34.0,87
2024-06-07,hidrocortisona_inj,36.0,372.9230769230769,0.0,28.1,61
2024-06-08,hidrocortisona_inj,27.0,345.9230769230769,0.0,51.9,119
2024-06-09,hidrocortisona_inj,37.0,308.9230769230769,0.0,45.0,96
2024-06-10,hidrocortisona_inj,18.0,290.9230769230769,0.0,41.0,83
2024-06-11,hidrocortisona_inj,21.0,269.9230769230769,0.0,47.7,97
2024-06-12,hidrocortisona_inj,30.0,239.9230769230769,0.0,39.6,78
2024-06-13,hidrocortisona_inj,24.0,215.9230769230769,0.0,55.2,107
2024-06-14,hidrocortisona_inj,33.0,182.9230769230769,0.0,41.7,88
2024-06-15,hidrocortisona_inj,40.0,142.9230769230769,0.0,55.3,129
2024-06-16,hidrocortisona_inj,27.0,115.9230769230769,0.0,53.3,108
2024-06-17,hidrocortisona_inj,34.0,81.9230769230769,0.0,36.1,82
2024-06-18,hidrocortisona_inj,38.0,547.8516483516484,503.92857142857144,39.3,69
2024-06-19,hidrocortisona_inj,36.0,511.85164835164835,0.0,40.6,76
2024-06-20,hidrocortisona_inj,20.0,491.85164835164835,0.0,43.4,87
2024-06-21,hidrocortisona_inj,35.0,456.85164835164835,0.0,40.6,59
2024-06-22,hidrocortisona_inj,48.0,408.85164835164835,0.0,50.7,113
2024-06-23,hidrocortisona_inj,35.0,373.85164835164835,0.0,53.3,90
2024-06-24,hidrocortisona_inj,35.0,338.85164835164835,0.0,41.0,81
2024-06-25,hidrocortisona_inj,18.0,320.85164835164835,0.0,49.4,117
2024-06-26,hidrocortisona_inj,25.0,295.85164835164835,0.0,38.4,70
2024-06-27,hidrocortisona_inj,37.0,258.85164835164835,0.0,35.2,74
2024-06-28,hidrocortisona_inj,36.0,222.85164835164835,0.0,35.8,72
2024-06-29,hidrocortisona_inj,24.0,198.85164835164835,0.0,63.1,137
2024-06-30,hidrocortisona_inj,35.0,163.85164835164835,0.0,54.3,110
2024-07-01,hidrocortisona_inj,28.0,135.85164835164835,0.0,45.8,99
2024-07-02,hidrocortisona_inj,40.0,95.85164835164835,0.0,57.4,114
2024-07-03,hidrocortisona_inj,15.0,630.9230769230769,550.0714285714286,56.7,110
2024-07-04,hidrocortisona_inj,21.0,609.9230769230769,0.0,49.8,87
2024-07-05,hidrocortisona_inj,41.0,568.9230769230769,0.0,50.4,99
2024-07-06,hidrocortisona_inj,48.0,520.9230769230769,0.0,56.8,108
2024-07-07,hidrocortisona_inj,41.0,479.9230769230769,0.0,32.7,76
2024-07-08,hidrocortisona_inj,24.0,455.9230769230769,0.0,49.8,107
2024-07-09,hidrocortisona_inj,26.0,429.9230769230769,0.0,49.0,111
2024-07-10,hidrocortisona_inj,23.0,406.9230769230769,0.0,44.9,88
2024-07-11,hidrocortisona_inj,30.0,376.9230769230769,0.0,43.2,91
2024-07-12,hidrocortisona_inj,33.0,343.9230769230769,0.0,47.9,100
2024-07-13,hidrocortisona_inj,36.0,307.9230769230769,0.0,51.6,87
2024-07-14,hidrocortisona_inj,29.0,278.9230769230769,0.0,52.8,114
2024-07-15,hidrocortisona_inj,32.0,246.9230769230769,0.0,48.5,95
2024-07-16,hidrocortisona_inj,28.0,218.9230769230769,0.0,42.1,84
2024-07-17,hidrocortisona_inj,32.0,186.9230769230769,0.0,39.8,74
2024-07-18,hidrocortisona_inj,34.0,152.9230769230769,0.0,39.5,74
2024-07-19,hidrocortisona_inj,23.0,129.9230769230769,0.0,39.9,70
2024-07-20,hidrocortisona_inj,33.0,96.9230769230769,0.0,74.3,160
2024-07-21,hidrocortisona_inj,22.0,610.4230769230769,535.5,51.7,90
2024-07-22,hidrocortisona_inj,27.0,583.4230769230769,0.0,41.4,76
2024-07-23,hidrocortisona_inj,23.0,560.4230769230769,0.0,35.9,57
2024-07-24,hidrocortisona_inj,28.0,532.4230769230769,0.0,34.2,72
2024-07-25,hidrocortisona_inj,36.0,496.4230769230769,0.0,37.7,70
2024-07-26,hidrocortisona_inj,53.0,443.4230769230769,0.0,35.6,52
2024-07-27,hidrocortisona_inj,24.0,419.4230769230769,0.0,51.4,98
2024-07-28,hidrocortisona_inj,21.0,398.4230769230769,0.0,50.5,103
2024-07-29,hidrocortisona_inj,35.0,363.4230769230769,0.0,58.4,118
2024-07-30,hidrocortisona_inj,19.0,344.4230769230769,0.0,32.0,47
2024-07-31,hidrocortisona_inj,33.0,311.4230769230769,0.0,44.3,74
2024-08-01,hidrocortisona_inj,16.0,295.4230769230769,0.0,36.8,63
2024-08-02,hidrocortisona_inj,29.0,266.4230769230769,0.0,36.0,68
2024-08-03,hidrocortisona_inj,26.0,240.4230769230769,0.0,58.0,123
2024-08-04,hidrocortisona_inj,45.0,195.4230769230769,0.0,44.6,122
2024-08-05,hidrocortisona_inj,29.0,166.4230769230769,0.0,70.8,159
2024-08-06,hidrocortisona_inj,37.0,129.4230769230769,0.0,27.7,82
2024-08-07,hidrocortisona_inj,44.0,85.4230769230769,0.0,43.8,106
2024-08-08,hidrocortisona_inj,44.0,41.423076923076906,0.0,46.5,89
2024-08-09,hidrocortisona_inj,34.0,491.9230769230769,484.5,57.1,119
2024-08-10,hidrocortisona_inj,37.0,454.9230769230769,0.0,42.2,95
2024-08-11,hidrocortisona_inj,27.0,427.9230769230769,0.0,44.0,95
2024-08-12,hidrocortisona_inj,35.0,392.9230769230769,0.0,53.0,97
2024-08-13,hidrocortisona_inj,33.0,359.9230769230769,0.0,45.6,97
2024-08-14,hidrocortisona_inj,26.0,333.9230769230769,0.0,62.1,113
2024-08-15,hidrocortisona_inj,23.0,310.9230769230769,0.0,41.6,80
2024-08-16,hidrocortisona_inj,32.0,278.9230769230769,0.0,41.5,75
2024-08-17,hidrocortisona_inj,34.0,244.9230769230769,0.0,60.0,114
2024-08-18,hidrocortisona_inj,27.0,217.9230769230769,0.0,42.1,80
2024-08-19,hidrocortisona_inj,35.0,182.9230769230769,0.0,44.6,100
2024-08-20,hidrocortisona_inj,27.0,155.9230769230769,0.0,42.2,83
2024-08-21,hidrocortisona_inj,46.0,109.9230769230769,0.0,48.1,99
2024-08-22,hidrocortisona_inj,32.0,77.9230769230769,0.0,27.7,56
2024-08-23,hidrocortisona_inj,25.0,622.4230769230769,569.5,35.7,66
2024-08-24,hidrocortisona_inj,31.0,591.4230769230769,0.0,42.1,90
2024-08-25,hidrocortisona_inj,21.0,570.4230769230769,0.0,43.9,76
2024-08-26,hidrocortisona_inj,27.0,543.4230769230769,0.0,45.9,92
2024-08-27,hidrocortisona_inj,41.0,502.4230769230769,0.0,47.1,99
2024-08-28,hidrocortisona_inj,46.0,456.4230769230769,0.0,38.4,72
2024-08-29,hidrocortisona_inj,20.0,436.4230769230769,0.0,43.5,83
2024-08-30,hidrocortisona_inj,31.0,405.4230769230769,0.0,35.7,56
2024-08-31,hidrocortisona_inj,29.0,376.4230769230769,0.0,36.5,77
2024-09-01,hidrocortisona_inj,44.0,332.4230769230769,0.0,58.8,141
2024-09-02,hidrocortisona_inj,27.0,305.4230769230769,0.0,42.2,69
2024-09-03,hidrocortisona_inj,28.0,277.4230769230769,0.0,36.1,69
2024-09-04,hidrocortisona_inj,31.0,246.4230769230769,0.0,41.9,97
2024-09-05,hidrocortisona_inj,21.0,225.4230769230769,0.0,52.8,107
2024-09-06,hidrocortisona_inj,32.0,193.4230769230769,0.0,39.2,68
2024-09-07,hidrocortisona_inj,35.0,158.4230769230769,0.0,58.9,147
2024-09-08,hidrocortisona_inj,32.0,126.4230769230769,0.0,55.8,118
2024-09-09,hidrocortisona_inj,42.0,84.4230769230769,0.0,59.9,124
2024-09-10,hidrocortisona_inj,49.0,35.423076923076906,0.0,43.4,81
2024-09-11,hidrocortisona_inj,34.0,544.2087912087911,542.7857142857142,42.4,75
2024-09-12,hidrocortisona_inj,33.0,511.2087912087911,0.0,39.8,91
2024-09-13,hidrocortisona_inj,22.0,489.2087912087911,0.0,45.7,88
2024-09-14,hidrocortisona_inj,39.0,450.2087912087911,0.0,46.7,98
2024-09-15,hidrocortisona_inj,15.0,435.2087912087911,0.0,45.6,97
2024-09-16,hidrocortisona_inj,42.0,393.2087912087911,0.0,45.4,81
2024-09-17,hidrocortisona_inj,36.0,357.2087912087911,0.0,45.8,75
2024-09-18,hidrocortisona_inj,34.0,323.2087912087911,0.0,42.1,61
2024-09-19,hidrocortisona_inj,20.0,303.2087912087911,0.0,46.8,80
2024-09-20,hidrocortisona_inj,19.0,284.2087912087911,0.0,29.6,47
2024-09-21,hidrocortisona_inj,36.0,248.20879120879113,0.0,47.6,93
2024-09-22,hidrocortisona_inj,40.0,208.20879120879113,0.0,49.2,93
2024-09-23,hidrocortisona_inj,33.0,175.20879120879113,0.0,48.0,97
2024-09-24,hidrocortisona_inj,33.0,142.20879120879113,0.0,38.3,69
2024-09-25,hidrocortisona_inj,26.0,116.20879120879113,0.0,35.1,52
2024-09-26,hidrocortisona_inj,36.0,80.20879120879113,0.0,35.4,63
2024-09-27,hidrocortisona_inj,27.0,619.065934065934,565.8571428571429,32.7,63
2024-09-28,hidrocortisona_inj,32.0,587.065934065934,0.0,43.1,89
2024-09-29,hidrocortisona_inj,35.0,552.065934065934,0.0,45.2,83
2024-09-30,hidrocortisona_inj,28.0,524.065934065934,0.0,47.9,98
2024-10-01,hidrocortisona_inj,31.0,493.065934065934,0.0,38.1,66
2024-10-02,hidrocortisona_inj,27.0,466.065934065934,0.0,40.1,68
2024-10-03,hidrocortisona_inj,20.0,446.065934065934,0.0,35.5,67
2024-10-04,hidrocortisona_inj,30.0,416.065934065934,0.0,34.1,50
2024-10-05,hidrocortisona_inj,22.0,394.065934065934,0.0,47.7,93
2024-10-06,hidrocortisona_inj,25.0,369.065934065934,0.0,49.3,116
2024-10-07,hidrocortisona_inj,22.0,347.065934065934,0.0,46.0,76
2024-10-08,hidrocortisona_inj,21.0,326.065934065934,0.0,32.2,59
2024-10-09,hidrocortisona_inj,25.0,301.065934065934,0.0,34.3,78
2024-10-10,hidrocortisona_inj,23.0,278.065934065934,0.0,38.1,82
2024-10-11,hidrocortisona_inj,42.0,236.06593406593402,0.0,36.8,78
2024-10-12,hidrocortisona_inj,56.0,180.06593406593402,0.0,59.3,130
2024-10-13,hidrocortisona_inj,28.0,152.06593406593402,0.0,43.3,88
2024-10-14,hidrocortisona_inj,29.0,123.06593406593402,0.0,44.1,91
2024-10-15,hidrocortisona_inj,25.0,98.06593406593402,0.0,40.9,71
2024-10-16,hidrocortisona_inj,23.0,75.06593406593402,0.0,41.5,76
2024-10-17,hidrocortisona_inj,19.0,56.065934065934016,0.0,40.4,73
2024-10-18,hidrocortisona_inj,24.0,497.13736263736257,465.07142857142856,35.9,59
2024-10-19,hidrocortisona_inj,22.0,475.13736263736257,0.0,57.0,117
2024-10-20,hidrocortisona_inj,28.0,447.13736263736257,0.0,24.8,56
2024-10-21,hidrocortisona_inj,19.0,428.13736263736257,0.0,37.7,73
2024-10-22,hidrocortisona_inj,25.0,403.13736263736257,0.0,31.5,76
2024-10-23,hidrocortisona_inj,29.0,374.13736263736257,0.0,39.6,74
2024-10-24,hidrocortisona_inj,30.0,344.13736263736257,0.0,36.7,66
2024-10-25,hidrocortisona_inj,22.0,322.13736263736257,0.0,42.6,71
2024-10-26,hidrocortisona_inj,26.0,296.13736263736257,0.0,49.5,89
2024-10-27,hidrocortisona_inj,25.0,271.13736263736257,0.0,56.8,121
2024-10-28,hidrocortisona_inj,25.0,246.13736263736257,0.0,36.4,71
2024-10-29,hidrocortisona_inj,27.0,219.13736263736257,0.0,43.2,79
2024-10-30,hidrocortisona_inj,28.0,191.13736263736257,0.0,29.0,50
2024-10-31,hidrocortisona_inj,32.0,159.13736263736257,0.0,44.7,89
2024-11-01,hidrocortisona_inj,43.0,116.13736263736257,0.0,38.2,59
2024-11-02,hidrocortisona_inj,24.0,92.13736263736257,0.0,57.9,133
2024-11-03,hidrocortisona_inj,41.0,51.13736263736257,0.0,54.6,108
2024-11-04,hidrocortisona_inj,20.0,31.13736263736257,0.0,45.3,83
2024-11-05,hidrocortisona_inj,22.0,9.137362637362571,0.0,37.8,80
2024-11-06,hidrocortisona_inj,19.0,0.0,0.0,37.4,57
2024-11-07,hidrocortisona_inj,30.0,387.7142857142857,417.7142857142857,41.9,73
2024-11-08,hidrocortisona_inj,24.0,363.7142857142857,0.0,41.6,79
2024-11-09,hidrocortisona_inj,33.0,330.7142857142857,0.0,42.4,91
2024-11-10,hidrocortisona_inj,38.0,292.7142857142857,0.0,46.9,105
2024-11-11,hidrocortisona_inj,27.0,265.7142857142857,0.0,42.6,89
2024-11-12,hidrocortisona_inj,24.0,241.71428571428572,0.0,46.2,87
2024-11-13,hidrocortisona_inj,21.0,220.71428571428572,0.0,24.1,41
2024-11-14,hidrocortisona_inj,24.0,196.71428571428572,0.0,40.9,73
2024-11-15,hidrocortisona_inj,23.0,173.71428571428572,0.0,39.8,89
2024-11-16,hidrocortisona_inj,33.0,140.71428571428572,0.0,48.1,101
2024-11-17,hidrocortisona_inj,29.0,111.71428571428572,0.0,53.9,114
2024-11-18,hidrocortisona_inj,21.0,90.71428571428572,0.0,61.2,108
2024-11-19,hidrocortisona_inj,29.0,557.1428571428571,495.42857142857144,28.0,57
2024-11-20,hidrocortisona_inj,16.0,541.1428571428571,0.0,61.8,121
2024-11-21,hidrocortisona_inj,26.0,515.1428571428571,0.0,42.9,82
2024-11-22,hidrocortisona_inj,35.0,480.1428571428571,0.0,29.6,41
2024-11-23,hidrocortisona_inj,21.0,459.1428571428571,0.0,54.0,114
2024-11-24,hidrocortisona_inj,33.0,426.1428571428571,0.0,40.6,72
2024-11-25,hidrocortisona_inj,26.0,400.1428571428571,0.0,34.7,62
2024-11-26,hidrocortisona_inj,30.0,370.1428571428571,0.0,45.0,73
2024-11-27,hidrocortisona_inj,27.0,343.1428571428571,0.0,39.1,78
2024-11-28,hidrocortisona_inj,20.0,323.1428571428571,0.0,38.8,59
2024-11-29,hidrocortisona_inj,29.0,294.1428571428571,0.0,29.9,54
2024-11-30,hidrocortisona_inj,25.0,269.1428571428571,0.0,42.0,82
2024-12-01,hidrocortisona_inj,22.0,247.1428571428571,0.0,38.7,84
2024-12-02,hidrocortisona_inj,25.0,222.1428571428571,0.0,36.1,59
2024-12-03,hidrocortisona_inj,34.0,188.1428571428571,0.0,50.9,90
2024-12-04,hidrocortisona_inj,24.0,164.1428571428571,0.0,43.0,85
2024-12-05,hidrocortisona_inj,22.0,142.1428571428571,0.0,37.3,70
2024-12-06,hidrocortisona_inj,30.0,112.14285714285711,0.0,28.7,56
2024-12-07,hidrocortisona_inj,26.0,86.14285714285711,0.0,45.2,93
2024-12-08,hidrocortisona_inj,20.0,503.2857142857142,437.14285714285717,48.2,117
2024-12-09,hidrocortisona_inj,28.0,475.2857142857142,0.0,42.8,94
2024-12-10,hidrocortisona_inj,19.0,456.2857142857142,0.0,51.6,106
2024-12-11,hidrocortisona_inj,29.0,427.2857142857142,0.0,30.1,32
2024-12-12,hidrocortisona_inj,29.0,398.2857142857142,0.0,40.9,46
2024-12-13,hidrocortisona_inj,16.0,382.2857142857142,0.0,39.6,81
2024-12-14,hidrocortisona_inj,27.0,355.2857142857142,0.0,42.8,67
2024-12-15,hidrocortisona_inj,29.0,326.2857142857142,0.0,52.7,109
2024-12-16,hidrocortisona_inj,36.0,290.2857142857142,0.0,40.6,79
2024-12-17,hidrocortisona_inj,23.0,267.2857142857142,0.0,38.8,67
2024-12-18,hidrocortisona_inj,17.0,250.28571428571422,0.0,36.2,64
2024-12-19,hidrocortisona_inj,32.0,218.28571428571422,0.0,35.7,62
2024-12-20,hidrocortisona_inj,16.0,202.28571428571422,0.0,34.4,64
2024-12-21,hidrocortisona_inj,19.0,183.28571428571422,0.0,43.7,102
2024-12-22,hidrocortisona_inj,26.0,157.28571428571422,0.0,42.4,100
2024-12-23,hidrocortisona_inj,19.0,138.28571428571422,0.0,45.3,83
2024-12-24,hidrocortisona_inj,22.0,116.28571428571422,0.0,35.2,65
2024-12-25,hidrocortisona_inj,32.0,510.5,426.2142857142857,38.5,78
2024-12-26,hidrocortisona_inj,21.0,489.5,0.0,32.9,55
2024-12-27,hidrocortisona_inj,33.0,456.5,0.0,45.1,81
2024-12-28,hidrocortisona_inj,26.0,430.5,0.0,53.9,113
2024-12-29,hidrocortisona_inj,31.0,399.5,0.0,38.3,78
2024-12-30,hidrocortisona_inj,27.0,372.5,0.0,51.0,93
2024-12-31,hidrocortisona_inj,23.0,349.5,0.0,43.7,68
2025-01-01,hidrocortisona_inj,23.0,326.5,0.0,50.9,101
2025-01-02,hidrocortisona_inj,16.0,310.5,0.0,43.7,75
2025-01-03,hidrocortisona_inj,22.0,288.5,0.0,45.2,76
2025-01-04,hidrocortisona_inj,34.0,254.5,0.0,50.7,93
2025-01-05,hidrocortisona_inj,28.0,226.5,0.0,49.6,96
2025-01-06,hidrocortisona_inj,27.0,199.5,0.0,49.6,96
2025-01-07,hidrocortisona_inj,17.0,182.5,0.0,44.7,83
2025-01-08,hidrocortisona_inj,33.0,149.5,0.0,36.2,77
2025-01-09,hidrocortisona_inj,25.0,124.5,0.0,41.2,71
2025-01-10,hidrocortisona_inj,34.0,90.5,0.0,46.3,109
2025-01-11,hidrocortisona_inj,32.0,58.5,0.0,40.9,87
2025-01-12,hidrocortisona_inj,33.0,25.5,0.0,41.6,65
2025-01-13,hidrocortisona_inj,31.0,428.0,433.5,60.7,125
2025-01-14,hidrocortisona_inj,21.0,407.0,0.0,39.8,58
2025-01-15,hidrocortisona_inj,15.0,392.0,0.0,29.7,49
2025-01-16,hidrocortisona_inj,18.0,374.0,0.0,34.9,74
2025-01-17,hidrocortisona_inj,23.0,351.0,0.0,31.9,55
2025-01-18,hidrocortisona_inj,19.0,332.0,0.0,39.9,74
2025-01-19,hidrocortisona_inj,23.0,309.0,0.0,33.2,55
2025-01-20,hidrocortisona_inj,30.0,279.0,0.0,50.0,91
2025-01-21,hidrocortisona_inj,21.0,258.0,0.0,34.5,64
2025-01-22,hidrocortisona_inj,29.0,229.0,0.0,43.3,81
2025-01-23,hidrocortisona_inj,20.0,209.0,0.0,37.3,79
2025-01-24,hidrocortisona_inj,15.0,194.0,0.0,34.6,55
2025-01-25,hidrocortisona_inj,26.0,168.0,0.0,43.4,85
2025-01-26,hidrocortisona_inj,43.0,125.0,0.0,43.8,95
2025-01-27,hidrocortisona_inj,28.0,97.0,0.0,37.5,71
2025-01-28,hidrocortisona_inj,35.0,62.0,0.0,40.2,78
2025-01-29,hidrocortisona_inj,25.0,466.85714285714283,429.85714285714283,41.9,84
2025-01-30,hidrocortisona_inj,33.0,433.85714285714283,0.0,36.4,45
2025-01-31,hidrocortisona_inj,12.0,421.85714285714283,0.0,40.5,78
2025-02-01,hidrocortisona_inj,23.0,398.85714285714283,0.0,43.4,88
2025-02-02,hidrocortisona_inj,21.0,377.85714285714283,0.0,40.5,101
2025-02-03,hidrocortisona_inj,21.0,356.85714285714283,0.0,33.1,66
2025-02-04,hidrocortisona_inj,34.0,322.85714285714283,0.0,37.0,70
2025-02-05,hidrocortisona_inj,29.0,293.85714285714283,0.0,38.5,79
2025-02-06,hidrocortisona_inj,34.0,259.85714285714283,0.0,52.0,94
2025-02-07,hidrocortisona_inj,24.0,235.85714285714283,0.0,30.8,51
2025-02-08,hidrocortisona_inj,37.0,198.85714285714283,0.0,58.3,113
2025-02-09,hidrocortisona_inj,27.0,171.85714285714283,0.0,47.4,96
2025-02-10,hidrocortisona_inj,18.0,153.85714285714283,0.0,46.6,94
2025-02-11,hidrocortisona_inj,33.0,120.85714285714283,0.0,41.6,81
2025-02-12,hidrocortisona_inj,35.0,85.85714285714283,0.0,30.4,48
2025-02-13,hidrocortisona_inj,19.0,66.85714285714283,0.0,36.9,47
2025-02-14,hidrocortisona_inj,23.0,504.07142857142856,460.2142857142857,25.0,59
2025-02-15,hidrocortisona_inj,25.0,479.07142857142856,0.0,26.9,61
2025-02-16,hidrocortisona_inj,27.0,452.07142857142856,0.0,36.3,71
2025-02-17,hidrocortisona_inj,29.0,423.07142857142856,0.0,50.4,105
2025-02-18,hidrocortisona_inj,28.0,395.07142857142856,0.0,32.1,45
2025-02-19,hidrocortisona_inj,23.0,372.07142857142856,0.0,45.6,86
2025-02-20,hidrocortisona_inj,18.0,354.07142857142856,0.0,35.5,67
2025-02-21,hidrocortisona_inj,23.0,331.07142857142856,0.0,43.6,74
2025-02-22,hidrocortisona_inj,20.0,311.07142857142856,0.0,47.1,84
2025-02-23,hidrocortisona_inj,28.0,283.07142857142856,0.0,56.3,120
2025-02-24,hidrocortisona_inj,25.0,258.07142857142856,0.0,46.8,84
2025-02-25,hidrocortisona_inj,25.0,233.07142857142856,0.0,28.0,38
2025-02-26,hidrocortisona_inj,30.0,203.07142857142856,0.0,26.7,44
2025-02-27,hidrocortisona_inj,23.0,180.07142857142856,0.0,39.8,67
2025-02-28,hidrocortisona_inj,32.0,148.07142857142856,0.0,39.9,74
2025-03-01,hidrocortisona_inj,30.0,118.07142857142856,0.0,46.1,93
2025-03-02,hidrocortisona_inj,39.0,79.07142857142856,0.0,58.7,112
2025-03-03,hidrocortisona_inj,35.0,44.071428571428555,0.0,42.3,110
2025-03-04,hidrocortisona_inj,20.0,24.071428571428555,0.0,26.1,52
2025-03-05,hidrocortisona_inj,20.0,426.6428571428571,422.57142857142856,31.9,66
2025-03-06,hidrocortisona_inj,20.0,406.6428571428571,0.0,28.9,48
2025-03-07,hidrocortisona_inj,23.0,383.6428571428571,0.0,33.6,60
2025-03-08,hidrocortisona_inj,32.0,351.6428571428571,0.0,44.7,106
2025-03-09,hidrocortisona_inj,29.0,322.6428571428571,0.0,36.2,76
2025-03-10,hidrocortisona_inj,22.0,300.6428571428571,0.0,50.4,115
2025-03-11,hidrocortisona_inj,27.0,273.6428571428571,0.0,45.8,64
2025-03-12,hidrocortisona_inj,28.0,245.6428571428571,0.0,39.7,54
2025-03-13,hidrocortisona_inj,38.0,207.6428571428571,0.0,41.3,84
2025-03-14,hidrocortisona_inj,33.0,174.6428571428571,0.0,38.7,76
2025-03-15,hidrocortisona_inj,40.0,134.6428571428571,0.0,46.1,106
2025-03-16,hidrocortisona_inj,40.0,94.64285714285711,0.0,53.6,136
2025-03-17,hidrocortisona_inj,28.0,66.64285714285711,0.0,50.6,107
2025-03-18,hidrocortisona_inj,27.0,39.64285714285711,0.0,41.1,90
2025-03-19,hidrocortisona_inj,29.0,10.64285714285711,0.0,46.9,96
2025-03-20,hidrocortisona_inj,27.0,0.0,0.0,28.9,62
2025-03-21,hidrocortisona_inj,11.0,450.42857142857144,461.42857142857144,28.4,51
2025-03-22,hidrocortisona_inj,26.0,424.42857142857144,0.0,51.3,106
2025-03-23,hidrocortisona_inj,18.0,406.42857142857144,0.0,46.9,91
2025-03-24,hidrocortisona_inj,19.0,387.42857142857144,0.0,46.4,89
2025-03-25,hidrocortisona_inj,26.0,361.42857142857144,0.0,36.3,80
2025-03-26,hidrocortisona_inj,20.0,341.42857142857144,0.0,39.4,64
2025-03-27,hidrocortisona_inj,24.0,317.42857142857144,0.0,43.6,95
2025-03-28,hidrocortisona_inj,36.0,281.42857142857144,0.0,50.8,99
2025-03-29,hidrocortisona_inj,21.0,260.42857142857144,0.0,54.8,118
2025-03-30,hidrocortisona_inj,18.0,242.42857142857144,0.0,44.1,103
2025-03-31,hidrocortisona_inj,33.0,209.42857142857144,0.0,43.1,88
2025-04-01,hidrocortisona_inj,27.0,182.42857142857144,0.0,45.2,86
2025-04-02,hidrocortisona_inj,34.0,148.42857142857144,0.0,38.1,63
2025-04-03,hidrocortisona_inj,23.0,125.42857142857144,0.0,43.1,86
2025-04-04,hidrocortisona_inj,20.0,105.42857142857144,0.0,48.4,82
2025-04-05,hidrocortisona_inj,39.0,66.42857142857144,0.0,50.9,95
2025-04-06,hidrocortisona_inj,29.0,37.428571428571445,0.0,47.9,101
2025-04-07,hidrocortisona_inj,21.0,16.428571428571445,0.0,53.7,106
2025-04-08,hidrocortisona_inj,21.0,0.0,0.0,51.4,86
2025-04-09,hidrocortisona_inj,29.0,377.7857142857143,406.7857142857143,45.6,69
2025-04-10,hidrocortisona_inj,19.0,358.7857142857143,0.0,29.3,59
2025-04-11,hidrocortisona_inj,23.0,335.7857142857143,0.0,43.5,96
2025-04-12,hidrocortisona_inj,17.0,318.7857142857143,0.0,66.1,133
2025-04-13,hidrocortisona_inj,26.0,292.7857142857143,0.0,55.6,132
2025-04-14,hidrocortisona_inj,32.0,260.7857142857143,0.0,40.5,92
2025-04-15,hidrocortisona_inj,25.0,235.78571428571428,0.0,41.0,84
2025-04-16,hidrocortisona_inj,21.0,214.78571428571428,0.0,48.2,94
2025-04-17,hidrocortisona_inj,26.0,188.78571428571428,0.0,42.9,85
2025-04-18,hidrocortisona_inj,26.0,162.78571428571428,0.0,54.7,125
2025-04-19,hidrocortisona_inj,32.0,130.78571428571428,0.0,53.6,122
2025-04-20,hidrocortisona_inj,27.0,103.78571428571428,0.0,52.7,120
2025-04-21,hidrocortisona_inj,45.0,58.78571428571428,0.0,73.8,182
2025-04-22,hidrocortisona_inj,30.0,463.5,434.7142857142857,50.4,79
2025-04-23,hidrocortisona_inj,21.0,442.5,0.0,43.5,82
2025-04-24,hidrocortisona_inj,32.0,410.5,0.0,65.4,138
2025-04-25,hidrocortisona_inj,13.0,397.5,0.0,42.8,89
2025-04-26,hidrocortisona_inj,32.0,365.5,0.0,62.2,141
2025-04-27,hidrocortisona_inj,33.0,332.5,0.0,48.2,107
2025-04-28,hidrocortisona_inj,20.0,312.5,0.0,32.7,85
2025-04-29,hidrocortisona_inj,22.0,290.5,0.0,27.3,55
2025-04-30,hidrocortisona_inj,13.0,277.5,0.0,33.3,77
2025-05-01,hidrocortisona_inj,29.0,248.5,0.0,42.4,108
2025-05-02,hidrocortisona_inj,21.0,227.5,0.0,32.6,68
2025-05-03,hidrocortisona_inj,21.0,206.5,0.0,54.2,101
2025-05-04,hidrocortisona_inj,24.0,182.5,0.0,56.1,122
2025-05-05,hidrocortisona_inj,35.0,147.5,0.0,53.1,98
2025-05-06,hidrocortisona_inj,25.0,122.5,0.0,45.3,86
2025-05-07,hidrocortisona_inj,19.0,103.5,0.0,43.0,75
2025-05-08,hidrocortisona_inj,17.0,541.8571428571429,455.35714285714283,32.7,65
2025-05-09,hidrocortisona_inj,25.0,516.8571428571429,0.0,37.7,63
2025-05-10,hidrocortisona_inj,29.0,487.8571428571429,0.0,54.7,109
2025-05-11,hidrocortisona_inj,28.0,459.8571428571429,0.0,47.0,102
2025-05-12,hidrocortisona_inj,23.0,436.8571428571429,0.0,38.9,66
2025-05-13,hidrocortisona_inj,20.0,416.8571428571429,0.0,38.3,64
2025-05-14,hidrocortisona_inj,32.0,384.8571428571429,0.0,40.1,82
2025-05-15,hidrocortisona_inj,55.0,329.8571428571429,0.0,46.5,107
2025-05-16,hidrocortisona_inj,30.0,299.8571428571429,0.0,45.3,104
2025-05-17,hidrocortisona_inj,32.0,267.8571428571429,0.0,53.5,113
2025-05-18,hidrocortisona_inj,33.0,234.8571428571429,0.0,49.5,99
2025-05-19,hidrocortisona_inj,26.0,208.8571428571429,0.0,30.0,56
2025-05-20,hidrocortisona_inj,34.0,174.8571428571429,0.0,48.3,99
2025-05-21,hidrocortisona_inj,25.0,149.8571428571429,0.0,52.3,104
2025-05-22,hidrocortisona_inj,38.0,111.85714285714289,0.0,40.2,69
2025-05-23,hidrocortisona_inj,25.0,86.85714285714289,0.0,52.7,94
2025-05-24,hidrocortisona_inj,32.0,54.85714285714289,0.0,62.1,124
2025-05-25,hidrocortisona_inj,34.0,499.28571428571433,478.42857142857144,44.2,99
2025-05-26,hidrocortisona_inj,39.0,460.28571428571433,0.0,47.3,77
2025-05-27,hidrocortisona_inj,27.0,433.28571428571433,0.0,40.5,83
2025-05-28,hidrocortisona_inj,37.0,396.28571428571433,0.0,44.0,75
2025-05-29,hidrocortisona_inj,28.0,368.28571428571433,0.0,50.3,104
2025-05-30,hidrocortisona_inj,23.0,345.28571428571433,0.0,51.8,114
2025-05-31,hidrocortisona_inj,39.0,306.28571428571433,0.0,45.9,113
2025-06-01,hidrocortisona_inj,39.0,267.28571428571433,0.0,52.5,113
2025-06-02,hidrocortisona_inj,41.0,226.28571428571433,0.0,45.5,109
2025-06-03,hidrocortisona_inj,35.0,191.28571428571433,0.0,57.4,114
2025-06-04,hidrocortisona_inj,45.0,146.28571428571433,0.0,54.0,98
2025-06-05,hidrocortisona_inj,21.0,125.28571428571433,0.0,38.4,80
2025-06-06,hidrocortisona_inj,31.0,94.28571428571433,0.0,51.9,106
2025-06-07,hidrocortisona_inj,45.0,49.285714285714334,0.0,50.6,114
2025-06-08,hidrocortisona_inj,42.0,541.5714285714286,534.2857142857142,59.4,138
2025-06-09,hidrocortisona_inj,29.0,512.5714285714286,0.0,46.1,84
2025-06-10,hidrocortisona_inj,36.0,476.57142857142856,0.0,48.4,100
2025-06-11,hidrocortisona_inj,26.0,450.57142857142856,0.0,42.2,62
2025-06-12,hidrocortisona_inj,26.0,424.57142857142856,0.0,40.4,82
2025-06-13,hidrocortisona_inj,24.0,400.57142857142856,0.0,50.8,95
2025-06-14,hidrocortisona_inj,38.0,362.57142857142856,0.0,53.9,114
2025-06-15,hidrocortisona_inj,36.0,326.57142857142856,0.0,53.5,105
2025-06-16,hidrocortisona_inj,35.0,291.57142857142856,0.0,42.6,88
2025-06-17,hidrocortisona_inj,19.0,272.57142857142856,0.0,37.9,70
2025-06-18,hidrocortisona_inj,21.0,251.57142857142856,0.0,39.7,76
2025-06-19,hidrocortisona_inj,24.0,227.57142857142856,0.0,37.9,79
2025-06-20,hidrocortisona_inj,24.0,203.57142857142856,0.0,43.5,78
2025-06-21,hidrocortisona_inj,39.0,164.57142857142856,0.0,60.6,127
2025-06-22,hidrocortisona_inj,23.0,141.57142857142856,0.0,44.3,81
2025-06-23,hidrocortisona_inj,34.0,684.3571428571429,576.7857142857143,53.0,95
2025-06-24,hidrocortisona_inj,27.0,657.3571428571429,0.0,35.5,46
2025-06-25,hidrocortisona_inj,15.0,642.3571428571429,0.0,35.2,66
2025-06-26,hidrocortisona_inj,25.0,617.3571428571429,0.0,37.5,64
2025-06-27,hidrocortisona_inj,34.0,583.3571428571429,0.0,40.1,83
2025-06-28,hidrocortisona_inj,34.0,549.3571428571429,0.0,50.4,105
2025-06-29,hidrocortisona_inj,43.0,506.3571428571429,0.0,45.5,98
2025-06-30,hidrocortisona_inj,42.0,464.3571428571429,0.0,53.7,96
2025-07-01,hidrocortisona_inj,29.0,435.3571428571429,0.0,43.0,80
2025-07-02,hidrocortisona_inj,42.0,393.3571428571429,0.0,39.3,76
2025-07-03,hidrocortisona_inj,24.0,369.3571428571429,0.0,42.9,70
2025-07-04,hidrocortisona_inj,32.0,337.3571428571429,0.0,35.7,88
2025-07-05,hidrocortisona_inj,26.0,311.3571428571429,0.0,43.0,107
2025-07-06,hidrocortisona_inj,45.0,266.3571428571429,0.0,51.1,98
2025-07-07,hidrocortisona_inj,36.0,230.3571428571429,0.0,54.1,115
2025-07-08,hidrocortisona_inj,41.0,189.3571428571429,0.0,42.6,80
2025-07-09,hidrocortisona_inj,35.0,154.3571428571429,0.0,32.4,69
2025-07-10,hidrocortisona_inj,35.0,119.35714285714289,0.0,36.9,67
2025-07-11,hidrocortisona_inj,29.0,90.35714285714289,0.0,45.4,68
2025-07-12,hidrocortisona_inj,32.0,58.35714285714289,0.0,43.8,77
2025-07-13,hidrocortisona_inj,27.0,31.35714285714289,0.0,54.2,114
2025-07-14,hidrocortisona_inj,39.0,541.2142857142858,548.8571428571429,39.8,80
2025-07-15,hidrocortisona_inj,34.0,507.2142857142858,0.0,38.3,75
2025-07-16,hidrocortisona_inj,29.0,478.2142857142858,0.0,36.2,89
2025-07-17,hidrocortisona_inj,25.0,453.2142857142858,0.0,36.3,62
2025-07-18,hidrocortisona_inj,48.0,405.2142857142858,0.0,48.8,91
2025-07-19,hidrocortisona_inj,30.0,375.2142857142858,0.0,51.7,127
2025-07-20,hidrocortisona_inj,36.0,339.2142857142858,0.0,47.7,105
2025-07-21,hidrocortisona_inj,37.0,302.2142857142858,0.0,38.7,85
2025-07-22,hidrocortisona_inj,24.0,278.2142857142858,0.0,38.8,83
2025-07-23,hidrocortisona_inj,42.0,236.21428571428578,0.0,46.0,92
2025-07-24,hidrocortisona_inj,16.0,220.21428571428578,0.0,20.7,44
2025-07-25,hidrocortisona_inj,43.0,177.21428571428578,0.0,39.1,66
2025-07-26,hidrocortisona_inj,49.0,128.21428571428578,0.0,59.3,122
2025-07-27,hidrocortisona_inj,36.0,670.2142857142858,578.0,48.3,102
2025-07-28,hidrocortisona_inj,32.0,638.2142857142858,0.0,40.8,106
2025-07-29,hidrocortisona_inj,32.0,606.2142857142858,0.0,31.7,63
2025-07-30,hidrocortisona_inj,31.0,575.2142857142858,0.0,50.0,90
2025-07-31,hidrocortisona_inj,34.0,541.2142857142858,0.0,31.5,83
2025-08-01,hidrocortisona_inj,31.0,510.2142857142858,0.0,31.1,54
2025-08-02,hidrocortisona_inj,35.0,475.2142857142858,0.0,49.8,117
2025-08-03,hidrocortisona_inj,45.0,430.2142857142858,0.0,37.8,60
2025-08-04,hidrocortisona_inj,24.0,406.2142857142858,0.0,41.7,88
2025-08-05,hidrocortisona_inj,37.0,369.2142857142858,0.0,57.6,121
2025-08-06,hidrocortisona_inj,30.0,339.2142857142858,0.0,37.6,62
2025-08-07,hidrocortisona_inj,23.0,316.2142857142858,0.0,52.8,91
2025-08-08,hidrocortisona_inj,28.0,288.2142857142858,0.0,39.4,76
2025-08-09,hidrocortisona_inj,37.0,251.21428571428578,0.0,43.8,82
2025-08-10,hidrocortisona_inj,27.0,224.21428571428578,0.0,42.3,99
2025-08-11,hidrocortisona_inj,28.0,196.21428571428578,0.0,52.3,97
2025-08-12,hidrocortisona_inj,32.0,164.21428571428578,0.0,44.1,96
2025-08-13,hidrocortisona_inj,24.0,140.21428571428578,0.0,27.8,47
2025-08-14,hidrocortisona_inj,35.0,105.21428571428578,0.0,49.9,104
2025-08-15,hidrocortisona_inj,28.0,654.0000000000001,576.7857142857143,44.4,106
2025-08-16,hidrocortisona_inj,33.0,621.0000000000001,0.0,52.3,108
2025-08-17,hidrocortisona_inj,37.0,584.0000000000001,0.0,51.8,98
2025-08-18,hidrocortisona_inj,33.0,551.0000000000001,0.0,55.7,117
2025-08-19,hidrocortisona_inj,36.0,515.0000000000001,0.0,30.3,66
2025-08-20,hidrocortisona_inj,35.0,480.0000000000001,0.0,47.7,99
2025-08-21,hidrocortisona_inj,24.0,456.0000000000001,0.0,52.6,103
2025-08-22,hidrocortisona_inj,28.0,428.0000000000001,0.0,28.5,64
2025-08-23,hidrocortisona_inj,42.0,386.0000000000001,0.0,54.8,130
2025-08-24,hidrocortisona_inj,37.0,349.0000000000001,0.0,46.5,84
2025-08-25,hidrocortisona_inj,19.0,330.0000000000001,0.0,52.5,108
2025-08-26,hidrocortisona_inj,52.0,278.0000000000001,0.0,39.4,69
2025-08-27,hidrocortisona_inj,32.0,246.0000000000001,0.0,42.4,61
2025-08-28,hidrocortisona_inj,34.0,212.0000000000001,0.0,40.0,70
2025-08-29,hidrocortisona_inj,24.0,188.0000000000001,0.0,49.5,95
2025-08-30,hidrocortisona_inj,36.0,152.0000000000001,0.0,64.0,113
2025-08-31,hidrocortisona_inj,39.0,113.00000000000011,0.0,43.9,89
2025-09-01,hidrocortisona_inj,42.0,71.00000000000011,0.0,52.4,120
2025-09-02,hidrocortisona_inj,49.0,22.000000000000114,0.0,40.5,72
2025-09-03,hidrocortisona_inj,33.0,551.2142857142858,562.2142857142857,41.2,74
2025-09-04,hidrocortisona_inj,42.0,509.2142857142858,0.0,36.0,70
2025-09-05,hidrocortisona_inj,29.0,480.2142857142858,0.0,42.4,94
2025-09-06,hidrocortisona_inj,23.0,457.2142857142858,0.0,58.5,102
2025-09-07,hidrocortisona_inj,49.0,408.2142857142858,0.0,68.8,154
2025-09-08,hidrocortisona_inj,36.0,372.2142857142858,0.0,47.1,104
2025-09-09,hidrocortisona_inj,24.0,348.2142857142858,0.0,43.9,76
2025-09-10,hidrocortisona_inj,30.0,318.2142857142858,0.0,38.4,72
2025-09-11,hidrocortisona_inj,23.0,295.2142857142858,0.0,44.1,90
2025-09-12,hidrocortisona_inj,34.0,261.2142857142858,0.0,41.0,72
2025-09-13,hidrocortisona_inj,29.0,232.21428571428578,0.0,41.7,95
2025-09-14,hidrocortisona_inj,31.0,201.21428571428578,0.0,53.5,110
2025-09-15,hidrocortisona_inj,23.0,178.21428571428578,0.0,44.3,66
2025-09-16,hidrocortisona_inj,37.0,141.21428571428578,0.0,39.6,69
2025-09-17,hidrocortisona_inj,38.0,700.6428571428572,597.4285714285714,33.8,62
2025-09-18,hidrocortisona_inj,29.0,671.6428571428572,0.0,38.9,78
2025-09-19,hidrocortisona_inj,25.0,646.6428571428572,0.0,38.9,77
2025-09-20,hidrocortisona_inj,22.0,624.6428571428572,0.0,47.2,99
2025-09-21,hidrocortisona_inj,46.0,578.6428571428572,0.0,42.2,86
2025-09-22,hidrocortisona_inj,29.0,549.6428571428572,0.0,53.0,102
2025-09-23,hidrocortisona_inj,20.0,529.6428571428572,0.0,42.4,102
2025-09-24,hidrocortisona_inj,26.0,503.6428571428572,0.0,46.4,84
2025-09-25,hidrocortisona_inj,28.0,475.6428571428572,0.0,32.7,59
2025-09-26,hidrocortisona_inj,35.0,440.6428571428572,0.0,45.5,87
2025-09-27,hidrocortisona_inj,32.0,408.6428571428572,0.0,45.5,104
2025-09-28,hidrocortisona_inj,34.0,374.6428571428572,0.0,56.4,107
2025-09-29,hidrocortisona_inj,23.0,351.6428571428572,0.0,39.6,60
2025-09-30,hidrocortisona_inj,30.0,321.6428571428572,0.0,48.9,90
2025-10-01,hidrocortisona_inj,40.0,281.6428571428572,0.0,41.8,98
2025-10-02,hidrocortisona_inj,20.0,261.6428571428572,0.0,40.0,66
2025-10-03,hidrocortisona_inj,31.0,230.64285714285722,0.0,49.5,98
2025-10-04,hidrocortisona_inj,35.0,195.64285714285722,0.0,60.7,153
2025-10-05,hidrocortisona_inj,44.0,151.64285714285722,0.0,49.2,102
2025-10-06,hidrocortisona_inj,38.0,113.64285714285722,0.0,42.3,78
2025-10-07,hidrocortisona_inj,23.0,90.64285714285722,0.0,40.0,69
2025-10-08,hidrocortisona_inj,22.0,577.4285714285716,508.7857142857143,52.4,109
2025-10-09,hidrocortisona_inj,25.0,552.4285714285716,0.0,38.6,68
2025-10-10,hidrocortisona_inj,20.0,532.4285714285716,0.0,35.6,46
2025-10-11,hidrocortisona_inj,39.0,493.42857142857156,0.0,60.5,120
2025-10-12,hidrocortisona_inj,28.0,465.42857142857156,0.0,68.6,190
2025-10-13,hidrocortisona_inj,39.0,426.42857142857156,0.0,48.0,102
2025-10-14,hidrocortisona_inj,27.0,399.42857142857156,0.0,55.3,121
2025-10-15,hidrocortisona_inj,19.0,380.42857142857156,0.0,26.5,57
2025-10-16,hidrocortisona_inj,32.0,348.42857142857156,0.0,51.4,107
2025-10-17,hidrocortisona_inj,25.0,323.42857142857156,0.0,46.6,80
2025-10-18,hidrocortisona_inj,36.0,287.42857142857156,0.0,42.1,94
2025-10-19,hidrocortisona_inj,23.0,264.42857142857156,0.0,49.9,100
2025-10-20,hidrocortisona_inj,39.0,225.42857142857156,0.0,51.9,120
2025-10-21,hidrocortisona_inj,24.0,201.42857142857156,0.0,36.8,74
2025-10-22,hidrocortisona_inj,18.0,183.42857142857156,0.0,39.8,58
2025-10-23,hidrocortisona_inj,33.0,150.42857142857156,0.0,38.0,76
2025-10-24,hidrocortisona_inj,27.0,123.42857142857156,0.0,42.7,78
2025-10-25,hidrocortisona_inj,31.0,92.42857142857156,0.0,49.5,124
2025-10-26,hidrocortisona_inj,34.0,564.7857142857144,506.35714285714283,60.6,113
2025-10-27,hidrocortisona_inj,21.0,543.7857142857144,0.0,42.3,75
2025-10-28,hidrocortisona_inj,37.0,506.78571428571445,0.0,29.0,46
2025-10-29,hidrocortisona_inj,36.0,470.78571428571445,0.0,45.6,85
2025-10-30,hidrocortisona_inj,25.0,445.78571428571445,0.0,29.3,61
2025-10-31,hidrocortisona_inj,35.0,410.78571428571445,0.0,41.8,67
2025-11-01,hidrocortisona_inj,33.0,377.78571428571445,0.0,50.8,110
2025-11-02,hidrocortisona_inj,38.0,339.78571428571445,0.0,61.1,138
2025-11-03,hidrocortisona_inj,24.0,315.78571428571445,0.0,32.3,59
2025-11-04,hidrocortisona_inj,27.0,288.78571428571445,0.0,33.7,64
2025-11-05,hidrocortisona_inj,20.0,268.78571428571445,0.0,47.2,88
2025-11-06,hidrocortisona_inj,20.0,248.78571428571445,0.0,40.5,74
2025-11-07,hidrocortisona_inj,12.0,236.78571428571445,0.0,56.8,116
2025-11-08,hidrocortisona_inj,33.0,203.78571428571445,0.0,51.4,108
2025-11-09,hidrocortisona_inj,28.0,175.78571428571445,0.0,58.3,122
2025-11-10,hidrocortisona_inj,20.0,155.78571428571445,0.0,36.4,70
2025-11-11,hidrocortisona_inj,21.0,134.78571428571445,0.0,54.0,90
2025-11-12,hidrocortisona_inj,18.0,116.78571428571445,0.0,31.8,70
2025-11-13,hidrocortisona_inj,42.0,583.5714285714287,508.7857142857143,59.2,116
2025-11-14,hidrocortisona_inj,22.0,561.5714285714287,0.0,41.5,64
2025-11-15,hidrocortisona_inj,40.0,521.5714285714287,0.0,58.1,137
2025-11-16,hidrocortisona_inj,32.0,489.57142857142867,0.0,53.3,88
2025-11-17,hidrocortisona_inj,26.0,463.57142857142867,0.0,56.1,110
2025-11-18,hidrocortisona_inj,27.0,436.57142857142867,0.0,40.2,65
2025-11-19,hidrocortisona_inj,20.0,416.57142857142867,0.0,37.2,67
2025-11-20,hidrocortisona_inj,33.0,383.57142857142867,0.0,48.8,103
2025-11-21,hidrocortisona_inj,26.0,357.57142857142867,0.0,42.5,85
2025-11-22,hidrocortisona_inj,19.0,338.57142857142867,0.0,49.8,99
2025-11-23,hidrocortisona_inj,32.0,306.57142857142867,0.0,54.9,102
2025-11-24,hidrocortisona_inj,52.0,254.57142857142867,0.0,37.1,65
2025-11-25,hidrocortisona_inj,29.0,225.57142857142867,0.0,26.7,48
2025-11-26,hidrocortisona_inj,33.0,192.57142857142867,0.0,39.6,65
2025-11-27,hidrocortisona_inj,35.0,157.57142857142867,0.0,35.5,52
2025-11-28,hidrocortisona_inj,20.0,137.57142857142867,0.0,26.7,30
2025-11-29,hidrocortisona_inj,25.0,112.57142857142867,0.0,47.7,89
2025-11-30,hidrocortisona_inj,38.0,74.57142857142867,0.0,53.8,118
2025-12-01,hidrocortisona_inj,27.0,47.57142857142867,0.0,44.5,99
2025-12-02,hidrocortisona_inj,26.0,519.4285714285716,497.85714285714283,33.9,68
2025-12-03,hidrocortisona_inj,31.0,488.42857142857156,0.0,28.7,62
2025-12-04,hidrocortisona_inj,29.0,459.42857142857156,0.0,48.8,98
2025-12-05,hidrocortisona_inj,26.0,433.42857142857156,0.0,47.6,98
2025-12-06,hidrocortisona_inj,27.0,406.42857142857156,0.0,38.4,76
2025-12-07,hidrocortisona_inj,25.0,381.42857142857156,0.0,36.8,100
2025-12-08,hidrocortisona_inj,54.0,327.42857142857156,0.0,46.1,107
2025-12-09,hidrocortisona_inj,21.0,306.42857142857156,0.0,41.2,66
2025-12-10,hidrocortisona_inj,35.0,271.42857142857156,0.0,43.8,94
2025-12-11,hidrocortisona_inj,29.0,242.42857142857156,0.0,43.4,81
2025-12-12,hidrocortisona_inj,40.0,202.42857142857156,0.0,32.5,70
2025-12-13,hidrocortisona_inj,27.0,175.42857142857156,0.0,47.3,80
2025-12-14,hidrocortisona_inj,27.0,148.42857142857156,0.0,44.2,89
2025-12-15,hidrocortisona_inj,24.0,124.42857142857156,0.0,34.0,55
2025-12-16,hidrocortisona_inj,22.0,102.42857142857156,0.0,41.8,54
2025-12-17,hidrocortisona_inj,25.0,77.42857142857156,0.0,38.9,55
2025-12-18,hidrocortisona_inj,27.0,559.2142857142858,508.7857142857143,36.9,70
2025-12-19,hidrocortisona_inj,22.0,537.2142857142858,0.0,37.1,74
2025-12-20,hidrocortisona_inj,39.0,498.2142857142858,0.0,43.4,89
2025-12-21,hidrocortisona_inj,27.0,471.2142857142858,0.0,48.9,95
2025-12-22,hidrocortisona_inj,27.0,444.2142857142858,0.0,49.2,103
2025-12-23,hidrocortisona_inj,27.0,417.2142857142858,0.0,29.2,49
2025-12-24,hidrocortisona_inj,29.0,388.2142857142858,0.0,38.0,53
2025-12-25,hidrocortisona_inj,27.0,361.2142857142858,0.0,53.7,116
2025-12-26,hidrocortisona_inj,34.0,327.2142857142858,0.0,52.2,84
2025-12-27,hidrocortisona_inj,34.0,293.2142857142858,0.0,40.9,77
2025-12-28,hidrocortisona_inj,37.0,256.2142857142858,0.0,62.0,118
2025-12-29,hidrocortisona_inj,22.0,234.21428571428578,0.0,38.5,67
2025-12-30,hidrocortisona_inj,29.0,205.21428571428578,0.0,36.0,53
2025-12-31,hidrocortisona_inj,19.0,186.21428571428578,0.0,36.6,74
2024-01-01,omeprazol_inj,37.0,555.0,0.0,52.7,111
2024-01-02,omeprazol_inj,26.0,529.0,0.0,33.6,51
2024-01-03,omeprazol_inj,38.0,491.0,0.0,34.2,61
2024-01-04,omeprazol_inj,26.0,465.0,0.0,32.6,51
2024-01-05,omeprazol_inj,29.0,436.0,0.0,24.7,30
2024-01-06,omeprazol_inj,18.0,418.0,0.0,41.6,71
2024-01-07,omeprazol_inj,33.0,385.0,0.0,51.5,99
2024-01-08,omeprazol_inj,41.0,344.0,0.0,29.9,65
2024-01-09,omeprazol_inj,36.0,308.0,0.0,20.0,44
2024-01-10,omeprazol_inj,24.0,284.0,0.0,37.5,57
2024-01-11,omeprazol_inj,28.0,256.0,0.0,49.8,90
2024-01-12,omeprazol_inj,28.0,228.0,0.0,37.9,81
2024-01-13,omeprazol_inj,33.0,195.0,0.0,34.2,80
2024-01-14,omeprazol_inj,35.0,160.0,0.0,43.7,85
2024-01-15,omeprazol_inj,23.0,137.0,0.0,38.7,61
2024-01-16,omeprazol_inj,47.0,90.0,0.0,33.7,37
2024-01-17,omeprazol_inj,34.0,56.0,0.0,32.8,49
2024-01-18,omeprazol_inj,31.0,513.7272727272727,488.72727272727275,28.6,47
2024-01-19,omeprazol_inj,27.0,486.72727272727275,0.0,26.8,48
2024-01-20,omeprazol_inj,28.0,458.72727272727275,0.0,39.9,75
2024-01-21,omeprazol_inj,32.0,426.72727272727275,0.0,40.7,81
2024-01-22,omeprazol_inj,27.0,399.72727272727275,0.0,22.5,37
2024-01-23,omeprazol_inj,17.0,382.72727272727275,0.0,38.6,48
2024-01-24,omeprazol_inj,34.0,348.72727272727275,0.0,36.8,46
2024-01-25,omeprazol_inj,38.0,310.72727272727275,0.0,33.2,43
2024-01-26,omeprazol_inj,25.0,285.72727272727275,0.0,26.7,48
2024-01-27,omeprazol_inj,46.0,239.72727272727275,0.0,47.1,86
2024-01-28,omeprazol_inj,30.0,209.72727272727275,0.0,40.6,70
2024-01-29,omeprazol_inj,32.0,177.72727272727275,0.0,51.4,103
2024-01-30,omeprazol_inj,18.0,159.72727272727275,0.0,35.7,49
2024-01-31,omeprazol_inj,40.0,119.72727272727275,0.0,46.2,86
2024-02-01,omeprazol_inj,19.0,100.72727272727275,0.0,34.4,51
2024-02-02,omeprazol_inj,29.0,71.72727272727275,0.0,29.8,39
2024-02-03,omeprazol_inj,44.0,535.1558441558442,507.42857142857144,40.2,72
2024-02-04,omeprazol_inj,42.0,493.1558441558442,0.0,31.0,70
2024-02-05,omeprazol_inj,29.0,464.1558441558442,0.0,39.8,74
2024-02-06,omeprazol_inj,26.0,438.1558441558442,0.0,29.2,51
2024-02-07,omeprazol_inj,43.0,395.1558441558442,0.0,34.0,73
2024-02-08,omeprazol_inj,27.0,368.1558441558442,0.0,42.0,62
2024-02-09,omeprazol_inj,21.0,347.1558441558442,0.0,51.3,88
2024-02-10,omeprazol_inj,41.0,306.1558441558442,0.0,53.0,97
2024-02-11,omeprazol_inj,31.0,275.1558441558442,0.0,59.8,129
2024-02-12,omeprazol_inj,29.0,246.1558441558442,0.0,55.4,104
2024-02-13,omeprazol_inj,43.0,203.1558441558442,0.0,46.5,94
2024-02-14,omeprazol_inj,18.0,185.1558441558442,0.0,40.7,75
2024-02-15,omeprazol_inj,32.0,153.1558441558442,0.0,42.8,96
2024-02-16,omeprazol_inj,24.0,129.1558441558442,0.0,55.8,116
2024-02-17,omeprazol_inj,28.0,101.15584415584419,0.0,58.6,128
2024-02-18,omeprazol_inj,28.0,73.15584415584419,0.0,72.4,183
2024-02-19,omeprazol_inj,33.0,545.2987012987014,505.14285714285717,61.3,137
2024-02-20,omeprazol_inj,34.0,511.2987012987014,0.0,55.3,120
2024-02-21,omeprazol_inj,32.0,479.2987012987014,0.0,73.6,151
2024-02-22,omeprazol_inj,26.0,453.2987012987014,0.0,49.7,93
2024-02-23,omeprazol_inj,29.0,424.2987012987014,0.0,56.0,121
2024-02-24,omeprazol_inj,36.0,388.2987012987014,0.0,60.4,131
2024-02-25,omeprazol_inj,33.0,355.2987012987014,0.0,65.6,148
2024-02-26,omeprazol_inj,29.0,326.2987012987014,0.0,61.8,140
2024-02-27,omeprazol_inj,22.0,304.2987012987014,0.0,56.9,136
2024-02-28,omeprazol_inj,37.0,267.2987012987014,0.0,54.6,119
2024-02-29,omeprazol_inj,32.0,235.29870129870142,0.0,63.8,152
2024-03-01,omeprazol_inj,28.0,207.29870129870142,0.0,50.9,121
2024-03-02,omeprazol_inj,39.0,168.29870129870142,0.0,63.2,136
2024-03-03,omeprazol_inj,26.0,142.29870129870142,0.0,64.2,140
2024-03-04,omeprazol_inj,38.0,104.29870129870142,0.0,60.3,154
2024-03-05,omeprazol_inj,32.0,555.7272727272729,483.42857142857144,58.6,130
2024-03-06,omeprazol_inj,22.0,533.7272727272729,0.0,59.9,121
2024-03-07,omeprazol_inj,33.0,500.72727272727286,0.0,56.7,111
2024-03-08,omeprazol_inj,27.0,473.72727272727286,0.0,60.7,123
2024-03-09,omeprazol_inj,37.0,436.72727272727286,0.0,83.7,200
2024-03-10,omeprazol_inj,36.0,400.72727272727286,0.0,70.4,172
2024-03-11,omeprazol_inj,32.0,368.72727272727286,0.0,58.3,140
2024-03-12,omeprazol_inj,29.0,339.72727272727286,0.0,54.9,114
2024-03-13,omeprazol_inj,36.0,303.72727272727286,0.0,53.3,109
2024-03-14,omeprazol_inj,26.0,277.72727272727286,0.0,70.9,149
2024-03-15,omeprazol_inj,43.0,234.72727272727286,0.0,69.1,146
2024-03-16,omeprazol_inj,33.0,201.72727272727286,0.0,61.7,139
2024-03-17,omeprazol_inj,33.0,168.72727272727286,0.0,58.3,142
2024-03-18,omeprazol_inj,23.0,145.72727272727286,0.0,62.4,143
2024-03-19,omeprazol_inj,32.0,113.72727272727286,0.0,50.9,104
2024-03-20,omeprazol_inj,45.0,572.7272727272729,504.0,57.9,129
2024-03-21,omeprazol_inj,26.0,546.7272727272729,0.0,66.6,158
2024-03-22,omeprazol_inj,43.0,503.72727272727286,0.0,52.1,107
2024-03-23,omeprazol_inj,17.0,486.72727272727286,0.0,62.0,144
2024-03-24,omeprazol_inj,34.0,452.72727272727286,0.0,57.6,133
2024-03-25,omeprazol_inj,33.0,419.72727272727286,0.0,49.5,99
2024-03-26,omeprazol_inj,23.0,396.72727272727286,0.0,50.1,109
2024-03-27,omeprazol_inj,42.0,354.72727272727286,0.0,59.4,128
2024-03-28,omeprazol_inj,38.0,316.72727272727286,0.0,47.6,94
2024-03-29,omeprazol_inj,24.0,292.72727272727286,0.0,62.6,153
2024-03-30,omeprazol_inj,30.0,262.72727272727286,0.0,66.3,156
2024-03-31,omeprazol_inj,29.0,233.72727272727286,0.0,77.8,167
2024-04-01,omeprazol_inj,26.0,207.72727272727286,0.0,53.0,126
2024-04-02,omeprazol_inj,34.0,173.72727272727286,0.0,32.8,79
2024-04-03,omeprazol_inj,33.0,140.72727272727286,0.0,53.0,134
2024-04-04,omeprazol_inj,34.0,106.72727272727286,0.0,51.5,108
2024-04-05,omeprazol_inj,29.0,77.72727272727286,0.0,47.7,97
2024-04-06,omeprazol_inj,28.0,49.72727272727286,0.0,59.3,132
2024-04-07,omeprazol_inj,32.0,524.0129870129872,506.2857142857143,48.9,87
2024-04-08,omeprazol_inj,21.0,503.0129870129872,0.0,51.9,140
2024-04-09,omeprazol_inj,41.0,462.0129870129872,0.0,51.6,104
2024-04-10,omeprazol_inj,30.0,432.0129870129872,0.0,67.4,136
2024-04-11,omeprazol_inj,32.0,400.0129870129872,0.0,56.3,135
2024-04-12,omeprazol_inj,33.0,367.0129870129872,0.0,53.0,117
2024-04-13,omeprazol_inj,25.0,342.0129870129872,0.0,62.0,147
2024-04-14,omeprazol_inj,35.0,307.0129870129872,0.0,47.8,108
2024-04-15,omeprazol_inj,45.0,262.0129870129872,0.0,47.3,100
2024-04-16,omeprazol_inj,35.0,227.0129870129872,0.0,56.7,107
2024-04-17,omeprazol_inj,27.0,200.0129870129872,0.0,45.4,70
2024-04-18,omeprazol_inj,23.0,177.0129870129872,0.0,48.6,104
2024-04-19,omeprazol_inj,27.0,150.0129870129872,0.0,58.0,105
2024-04-20,omeprazol_inj,30.0,120.0129870129872,0.0,56.8,123
2024-04-21,omeprazol_inj,49.0,71.0129870129872,0.0,86.4,188
2024-04-22,omeprazol_inj,36.0,35.012987012987196,0.0,38.8,73
2024-04-23,omeprazol_inj,31.0,520.5844155844158,516.5714285714286,37.6,67
2024-04-24,omeprazol_inj,17.0,503.58441558441575,0.0,42.4,78
2024-04-25,omeprazol_inj,36.0,467.58441558441575,0.0,53.3,77
2024-04-26,omeprazol_inj,41.0,426.58441558441575,0.0,43.6,76
2024-04-27,omeprazol_inj,37.0,389.58441558441575,0.0,52.4,119
2024-04-28,omeprazol_inj,31.0,358.58441558441575,0.0,60.2,122
2024-04-29,omeprazol_inj,29.0,329.58441558441575,0.0,56.9,128
2024-04-30,omeprazol_inj,25.0,304.58441558441575,0.0,35.1,67
2024-05-01,omeprazol_inj,38.0,266.58441558441575,0.0,60.6,124
2024-05-02,omeprazol_inj,22.0,244.58441558441575,0.0,45.2,90
2024-05-03,omeprazol_inj,25.0,219.58441558441575,0.0,50.4,102
2024-05-04,omeprazol_inj,34.0,185.58441558441575,0.0,60.9,135
2024-05-05,omeprazol_inj,29.0,156.58441558441575,0.0,50.3,101
2024-05-06,omeprazol_inj,27.0,129.58441558441575,0.0,60.1,128
2024-05-07,omeprazol_inj,27.0,616.8701298701301,514.2857142857143,27.2,61
2024-05-08,omeprazol_inj,39.0,577.8701298701301,0.0,44.3,80
2024-05-09,omeprazol_inj,32.0,545.8701298701301,0.0,34.2,70
2024-05-10,omeprazol_inj,35.0,510.8701298701301,0.0,39.3,90
2024-05-11,omeprazol_inj,36.0,474.8701298701301,0.0,50.8,107
2024-05-12,omeprazol_inj,35.0,439.8701298701301,0.0,56.3,121
2024-05-13,omeprazol_inj,33.0,406.8701298701301,0.0,49.7,111
2024-05-14,omeprazol_inj,38.0,368.8701298701301,0.0,45.3,81
2024-05-15,omeprazol_inj,22.0,346.8701298701301,0.0,29.2,60
2024-05-16,omeprazol_inj,38.0,308.8701298701301,0.0,50.1,109
2024-05-17,omeprazol_inj,30.0,278.8701298701301,0.0,53.3,120
2024-05-18,omeprazol_inj,33.0,245.87012987013009,0.0,63.1,142
2024-05-19,omeprazol_inj,30.0,215.87012987013009,0.0,65.8,146
2024-05-20,omeprazol_inj,32.0,183.87012987013009,0.0,44.2,99
2024-05-21,omeprazol_inj,20.0,163.87012987013009,0.0,36.8,58
2024-05-22,omeprazol_inj,30.0,133.87012987013009,0.0,39.4,73
2024-05-23,omeprazol_inj,36.0,617.8701298701301,520.0,41.4,101
2024-05-24,omeprazol_inj,43.0,574.8701298701301,0.0,31.3,73
2024-05-25,omeprazol_inj,44.0,530.8701298701301,0.0,47.8,98
2024-05-26,omeprazol_inj,43.0,487.8701298701301,0.0,49.1,104
2024-05-27,omeprazol_inj,28.0,459.8701298701301,0.0,43.6,87
2024-05-28,omeprazol_inj,30.0,429.8701298701301,0.0,50.6,106
2024-05-29,omeprazol_inj,31.0,398.8701298701301,0.0,36.2,62
2024-05-30,omeprazol_inj,33.0,365.8701298701301,0.0,40.1,65
2024-05-31,omeprazol_inj,29.0,336.8701298701301,0.0,31.2,63
2024-06-01,omeprazol_inj,46.0,290.8701298701301,0.0,36.2,78
2024-06-02,omeprazol_inj,48.0,242.87012987013009,0.0,43.2,97
2024-06-03,omeprazol_inj,20.0,222.87012987013009,0.0,44.8,86
2024-06-04,omeprazol_inj,27.0,195.87012987013009,0.0,67.9,141
2024-06-05,omeprazol_inj,34.0,161.87012987013009,0.0,39.9,80
2024-06-06,omeprazol_inj,43.0,118.87012987013009,0.0,34.0,87
2024-06-07,omeprazol_inj,20.0,641.727272727273,542.8571428571429,28.1,61
2024-06-08,omeprazol_inj,42.0,599.727272727273,0.0,51.9,119
2024-06-09,omeprazol_inj,30.0,569.727272727273,0.0,45.0,96
2024-06-10,omeprazol_inj,33.0,536.727272727273,0.0,41.0,83
2024-06-11,omeprazol_inj,31.0,505.727272727273,0.0,47.7,97
2024-06-12,omeprazol_inj,26.0,479.727272727273,0.0,39.6,78
2024-06-13,omeprazol_inj,26.0,453.727272727273,0.0,55.2,107
2024-06-14,omeprazol_inj,28.0,425.727272727273,0.0,41.7,88
2024-06-15,omeprazol_inj,60.0,365.727272727273,0.0,55.3,129
2024-06-16,omeprazol_inj,33.0,332.727272727273,0.0,53.3,108
2024-06-17,omeprazol_inj,35.0,297.727272727273,0.0,36.1,82
2024-06-18,omeprazol_inj,38.0,259.727272727273,0.0,39.3,69
2024-06-19,omeprazol_inj,23.0,236.72727272727298,0.0,40.6,76
2024-06-20,omeprazol_inj,30.0,206.72727272727298,0.0,43.4,87
2024-06-21,omeprazol_inj,22.0,184.72727272727298,0.0,40.6,59
2024-06-22,omeprazol_inj,36.0,148.72727272727298,0.0,50.7,113
2024-06-23,omeprazol_inj,29.0,119.72727272727298,0.0,53.3,90
2024-06-24,omeprazol_inj,33.0,86.72727272727298,0.0,41.0,81
2024-06-25,omeprazol_inj,30.0,591.5844155844159,534.8571428571429,49.4,117
2024-06-26,omeprazol_inj,39.0,552.5844155844159,0.0,38.4,70
2024-06-27,omeprazol_inj,32.0,520.5844155844159,0.0,35.2,74
2024-06-28,omeprazol_inj,29.0,491.58441558441586,0.0,35.8,72
2024-06-29,omeprazol_inj,42.0,449.58441558441586,0.0,63.1,137
2024-06-30,omeprazol_inj,27.0,422.58441558441586,0.0,54.3,110
2024-07-01,omeprazol_inj,36.0,386.58441558441586,0.0,45.8,99
2024-07-02,omeprazol_inj,29.0,357.58441558441586,0.0,57.4,114
2024-07-03,omeprazol_inj,33.0,324.58441558441586,0.0,56.7,110
2024-07-04,omeprazol_inj,35.0,289.58441558441586,0.0,49.8,87
2024-07-05,omeprazol_inj,27.0,262.58441558441586,0.0,50.4,99
2024-07-06,omeprazol_inj,32.0,230.58441558441586,0.0,56.8,108
2024-07-07,omeprazol_inj,40.0,190.58441558441586,0.0,32.7,76
2024-07-08,omeprazol_inj,18.0,172.58441558441586,0.0,49.8,107
2024-07-09,omeprazol_inj,27.0,145.58441558441586,0.0,49.0,111
2024-07-10,omeprazol_inj,22.0,123.58441558441586,0.0,44.9,88
2024-07-11,omeprazol_inj,24.0,99.58441558441586,0.0,43.2,91
2024-07-12,omeprazol_inj,28.0,588.1558441558444,516.5714285714286,47.9,100
2024-07-13,omeprazol_inj,27.0,561.1558441558444,0.0,51.6,87
2024-07-14,omeprazol_inj,28.0,533.1558441558444,0.0,52.8,114
2024-07-15,omeprazol_inj,35.0,498.1558441558444,0.0,48.5,95
2024-07-16,omeprazol_inj,22.0,476.1558441558444,0.0,42.1,84
2024-07-17,omeprazol_inj,30.0,446.1558441558444,0.0,39.8,74
2024-07-18,omeprazol_inj,30.0,416.1558441558444,0.0,39.5,74
2024-07-19,omeprazol_inj,19.0,397.1558441558444,0.0,39.9,70
2024-07-20,omeprazol_inj,35.0,362.1558441558444,0.0,74.3,160
2024-07-21,omeprazol_inj,42.0,320.1558441558444,0.0,51.7,90
2024-07-22,omeprazol_inj,28.0,292.1558441558444,0.0,41.4,76
2024-07-23,omeprazol_inj,26.0,266.1558441558444,0.0,35.9,57
2024-07-24,omeprazol_inj,28.0,238.15584415584442,0.0,34.2,72
2024-07-25,omeprazol_inj,22.0,216.15584415584442,0.0,37.7,70
2024-07-26,omeprazol_inj,33.0,183.15584415584442,0.0,35.6,52
2024-07-27,omeprazol_inj,36.0,147.15584415584442,0.0,51.4,98
2024-07-28,omeprazol_inj,40.0,107.15584415584442,0.0,50.5,103
2024-07-29,omeprazol_inj,37.0,70.15584415584442,0.0,58.4,118
2024-07-30,omeprazol_inj,27.0,502.58441558441586,459.42857142857144,32.0,47
2024-07-31,omeprazol_inj,30.0,472.58441558441586,0.0,44.3,74
2024-08-01,omeprazol_inj,34.0,438.58441558441586,0.0,36.8,63
2024-08-02,omeprazol_inj,40.0,398.58441558441586,0.0,36.0,68
2024-08-03,omeprazol_inj,42.0,356.58441558441586,0.0,58.0,123
2024-08-04,omeprazol_inj,41.0,315.58441558441586,0.0,44.6,122
2024-08-05,omeprazol_inj,36.0,279.58441558441586,0.0,70.8,159
2024-08-06,omeprazol_inj,37.0,242.58441558441586,0.0,27.7,82
2024-08-07,omeprazol_inj,34.0,208.58441558441586,0.0,43.8,106
2024-08-08,omeprazol_inj,23.0,185.58441558441586,0.0,46.5,89
2024-08-09,omeprazol_inj,43.0,142.58441558441586,0.0,57.1,119
2024-08-10,omeprazol_inj,37.0,105.58441558441586,0.0,42.2,95
2024-08-11,omeprazol_inj,34.0,71.58441558441586,0.0,44.0,95
2024-08-12,omeprazol_inj,40.0,31.584415584415865,0.0,53.0,97
2024-08-13,omeprazol_inj,45.0,526.0129870129873,539.4285714285714,45.6,97
2024-08-14,omeprazol_inj,24.0,502.0129870129873,0.0,62.1,113
2024-08-15,omeprazol_inj,44.0,458.0129870129873,0.0,41.6,80
2024-08-16,omeprazol_inj,33.0,425.0129870129873,0.0,41.5,75
2024-08-17,omeprazol_inj,43.0,382.0129870129873,0.0,60.0,114
2024-08-18,omeprazol_inj,27.0,355.0129870129873,0.0,42.1,80
2024-08-19,omeprazol_inj,28.0,327.0129870129873,0.0,44.6,100
2024-08-20,omeprazol_inj,39.0,288.0129870129873,0.0,42.2,83
2024-08-21,omeprazol_inj,44.0,244.0129870129873,0.0,48.1,99
2024-08-22,omeprazol_inj,29.0,215.0129870129873,0.0,27.7,56
2024-08-23,omeprazol_inj,21.0,194.0129870129873,0.0,35.7,66
2024-08-24,omeprazol_inj,24.0,170.0129870129873,0.0,42.1,90
2024-08-25,omeprazol_inj,38.0,132.0129870129873,0.0,43.9,76
2024-08-26,omeprazol_inj,42.0,90.01298701298731,0.0,45.9,92
2024-08-27,omeprazol_inj,32.0,622.5844155844159,564.5714285714286,47.1,99
2024-08-28,omeprazol_inj,30.0,592.5844155844159,0.0,38.4,72
2024-08-29,omeprazol_inj,47.0,545.5844155844159,0.0,43.5,83
2024-08-30,omeprazol_inj,22.0,523.5844155844159,0.0,35.7,56
2024-08-31,omeprazol_inj,37.0,486.58441558441586,0.0,36.5,77
2024-09-01,omeprazol_inj,33.0,453.58441558441586,0.0,58.8,141
2024-09-02,omeprazol_inj,31.0,422.58441558441586,0.0,42.2,69
2024-09-03,omeprazol_inj,41.0,381.58441558441586,0.0,36.1,69
2024-09-04,omeprazol_inj,33.0,348.58441558441586,0.0,41.9,97
2024-09-05,omeprazol_inj,24.0,324.58441558441586,0.0,52.8,107
2024-09-06,omeprazol_inj,48.0,276.58441558441586,0.0,39.2,68
2024-09-07,omeprazol_inj,39.0,237.58441558441586,0.0,58.9,147
2024-09-08,omeprazol_inj,31.0,206.58441558441586,0.0,55.8,118
2024-09-09,omeprazol_inj,32.0,174.58441558441586,0.0,59.9,124
2024-09-10,omeprazol_inj,36.0,138.58441558441586,0.0,43.4,81
2024-09-11,omeprazol_inj,41.0,97.58441558441586,0.0,42.4,75
2024-09-12,omeprazol_inj,32.0,65.58441558441586,0.0,39.8,91
2024-09-13,omeprazol_inj,37.0,579.4415584415588,550.8571428571429,45.7,88
2024-09-14,omeprazol_inj,41.0,538.4415584415588,0.0,46.7,98
2024-09-15,omeprazol_inj,37.0,501.44155844155875,0.0,45.6,97
2024-09-16,omeprazol_inj,30.0,471.44155844155875,0.0,45.4,81
2024-09-17,omeprazol_inj,31.0,440.44155844155875,0.0,45.8,75
2024-09-18,omeprazol_inj,30.0,410.44155844155875,0.0,42.1,61
2024-09-19,omeprazol_inj,35.0,375.44155844155875,0.0,46.8,80
2024-09-20,omeprazol_inj,43.0,332.44155844155875,0.0,29.6,47
2024-09-21,omeprazol_inj,35.0,297.44155844155875,0.0,47.6,93
2024-09-22,omeprazol_inj,25.0,272.44155844155875,0.0,49.2,93
2024-09-23,omeprazol_inj,30.0,242.44155844155875,0.0,48.0,97
2024-09-24,omeprazol_inj,39.0,203.44155844155875,0.0,38.3,69
2024-09-25,omeprazol_inj,22.0,181.44155844155875,0.0,35.1,52
2024-09-26,omeprazol_inj,43.0,138.44155844155875,0.0,35.4,63
2024-09-27,omeprazol_inj,22.0,116.44155844155875,0.0,32.7,63
2024-09-28,omeprazol_inj,28.0,88.44155844155875,0.0,43.1,89
2024-09-29,omeprazol_inj,25.0,624.5844155844159,561.1428571428571,45.2,83
2024-09-30,omeprazol_inj,29.0,595.5844155844159,0.0,47.9,98
2024-10-01,omeprazol_inj,26.0,569.5844155844159,0.0,38.1,66
2024-10-02,omeprazol_inj,21.0,548.5844155844159,0.0,40.1,68
2024-10-03,omeprazol_inj,34.0,514.5844155844159,0.0,35.5,67
2024-10-04,omeprazol_inj,36.0,478.58441558441586,0.0,34.1,50
2024-10-05,omeprazol_inj,26.0,452.58441558441586,0.0,47.7,93
2024-10-06,omeprazol_inj,19.0,433.58441558441586,0.0,49.3,116
2024-10-07,omeprazol_inj,42.0,391.58441558441586,0.0,46.0,76
2024-10-08,omeprazol_inj,24.0,367.58441558441586,0.0,32.2,59
2024-10-09,omeprazol_inj,27.0,340.58441558441586,0.0,34.3,78
2024-10-10,omeprazol_inj,26.0,314.58441558441586,0.0,38.1,82
2024-10-11,omeprazol_inj,24.0,290.58441558441586,0.0,36.8,78
2024-10-12,omeprazol_inj,40.0,250.58441558441586,0.0,59.3,130
2024-10-13,omeprazol_inj,30.0,220.58441558441586,0.0,43.3,88
2024-10-14,omeprazol_inj,46.0,174.58441558441586,0.0,44.1,91
2024-10-15,omeprazol_inj,38.0,136.58441558441586,0.0,40.9,71
2024-10-16,omeprazol_inj,28.0,108.58441558441586,0.0,41.5,76
2024-10-17,omeprazol_inj,30.0,78.58441558441586,0.0,40.4,73
2024-10-18,omeprazol_inj,28.0,506.58441558441586,456.0,35.9,59
2024-10-19,omeprazol_inj,46.0,460.58441558441586,0.0,57.0,117
2024-10-20,omeprazol_inj,28.0,432.58441558441586,0.0,24.8,56
2024-10-21,omeprazol_inj,25.0,407.58441558441586,0.0,37.7,73
2024-10-22,omeprazol_inj,23.0,384.58441558441586,0.0,31.5,76
2024-10-23,omeprazol_inj,33.0,351.58441558441586,0.0,39.6,74
2024-10-24,omeprazol_inj,24.0,327.58441558441586,0.0,36.7,66
2024-10-25,omeprazol_inj,29.0,298.58441558441586,0.0,42.6,71
2024-10-26,omeprazol_inj,31.0,267.58441558441586,0.0,49.5,89
2024-10-27,omeprazol_inj,36.0,231.58441558441586,0.0,56.8,121
2024-10-28,omeprazol_inj,25.0,206.58441558441586,0.0,36.4,71
2024-10-29,omeprazol_inj,33.0,173.58441558441586,0.0,43.2,79
2024-10-30,omeprazol_inj,35.0,138.58441558441586,0.0,29.0,50
2024-10-31,omeprazol_inj,29.0,109.58441558441586,0.0,44.7,89
2024-11-01,omeprazol_inj,29.0,582.2987012987016,501.7142857142857,38.2,59
2024-11-02,omeprazol_inj,43.0,539.2987012987016,0.0,57.9,133
2024-11-03,omeprazol_inj,30.0,509.29870129870164,0.0,54.6,108
2024-11-04,omeprazol_inj,34.0,475.29870129870164,0.0,45.3,83
2024-11-05,omeprazol_inj,29.0,446.29870129870164,0.0,37.8,80
2024-11-06,omeprazol_inj,32.0,414.29870129870164,0.0,37.4,57
2024-11-07,omeprazol_inj,34.0,380.29870129870164,0.0,41.9,73
2024-11-08,omeprazol_inj,31.0,349.29870129870164,0.0,41.6,79
2024-11-09,omeprazol_inj,43.0,306.29870129870164,0.0,42.4,91
2024-11-10,omeprazol_inj,35.0,271.29870129870164,0.0,46.9,105
2024-11-11,omeprazol_inj,23.0,248.29870129870164,0.0,42.6,89
2024-11-12,omeprazol_inj,29.0,219.29870129870164,0.0,46.2,87
2024-11-13,omeprazol_inj,37.0,182.29870129870164,0.0,24.1,41
2024-11-14,omeprazol_inj,18.0,164.29870129870164,0.0,40.9,73
2024-11-15,omeprazol_inj,34.0,130.29870129870164,0.0,39.8,89
2024-11-16,omeprazol_inj,67.0,591.2987012987016,528.0,48.1,101
2024-11-17,omeprazol_inj,47.0,544.2987012987016,0.0,53.9,114
2024-11-18,omeprazol_inj,40.0,504.29870129870164,0.0,61.2,108
2024-11-19,omeprazol_inj,34.0,470.29870129870164,0.0,28.0,57
2024-11-20,omeprazol_inj,30.0,440.29870129870164,0.0,61.8,121
2024-11-21,omeprazol_inj,40.0,400.29870129870164,0.0,42.9,82
2024-11-22,omeprazol_inj,22.0,378.29870129870164,0.0,29.6,41
2024-11-23,omeprazol_inj,35.0,343.29870129870164,0.0,54.0,114
2024-11-24,omeprazol_inj,37.0,306.29870129870164,0.0,40.6,72
2024-11-25,omeprazol_inj,29.0,277.29870129870164,0.0,34.7,62
2024-11-26,omeprazol_inj,34.0,243.29870129870164,0.0,45.0,73
2024-11-27,omeprazol_inj,31.0,212.29870129870164,0.0,39.1,78
2024-11-28,omeprazol_inj,34.0,178.29870129870164,0.0,38.8,59
2024-11-29,omeprazol_inj,25.0,153.29870129870164,0.0,29.9,54
2024-11-30,omeprazol_inj,33.0,683.7272727272731,563.4285714285714,42.0,82
2024-12-01,omeprazol_inj,24.0,659.7272727272731,0.0,38.7,84
2024-12-02,omeprazol_inj,32.0,627.7272727272731,0.0,36.1,59
2024-12-03,omeprazol_inj,36.0,591.7272727272731,0.0,50.9,90
2024-12-04,omeprazol_inj,42.0,549.7272727272731,0.0,43.0,85
2024-12-05,omeprazol_inj,39.0,510.7272727272731,0.0,37.3,70
2024-12-06,omeprazol_inj,30.0,480.7272727272731,0.0,28.7,56
2024-12-07,omeprazol_inj,34.0,446.7272727272731,0.0,45.2,93
2024-12-08,omeprazol_inj,35.0,411.7272727272731,0.0,48.2,117
2024-12-09,omeprazol_inj,28.0,383.7272727272731,0.0,42.8,94
2024-12-10,omeprazol_inj,30.0,353.7272727272731,0.0,51.6,106
2024-12-11,omeprazol_inj,36.0,317.7272727272731,0.0,30.1,32
2024-12-12,omeprazol_inj,28.0,289.7272727272731,0.0,40.9,46
2024-12-13,omeprazol_inj,38.0,251.7272727272731,0.0,39.6,81
2024-12-14,omeprazol_inj,23.0,228.7272727272731,0.0,42.8,67
2024-12-15,omeprazol_inj,34.0,194.7272727272731,0.0,52.7,109
2024-12-16,omeprazol_inj,34.0,160.7272727272731,0.0,40.6,79
2024-12-17,omeprazol_inj,27.0,133.7272727272731,0.0,38.8,67
2024-12-18,omeprazol_inj,30.0,620.2987012987016,516.5714285714286,36.2,64
2024-12-19,omeprazol_inj,37.0,583.2987012987016,0.0,35.7,62
2024-12-20,omeprazol_inj,29.0,554.2987012987016,0.0,34.4,64
2024-12-21,omeprazol_inj,34.0,520.2987012987016,0.0,43.7,102
2024-12-22,omeprazol_inj,39.0,481.29870129870164,0.0,42.4,100
2024-12-23,omeprazol_inj,35.0,446.29870129870164,0.0,45.3,83
2024-12-24,omeprazol_inj,21.0,425.29870129870164,0.0,35.2,65
2024-12-25,omeprazol_inj,28.0,397.29870129870164,0.0,38.5,78
2024-12-26,omeprazol_inj,27.0,370.29870129870164,0.0,32.9,55
2024-12-27,omeprazol_inj,35.0,335.29870129870164,0.0,45.1,81
2024-12-28,omeprazol_inj,33.0,302.29870129870164,0.0,53.9,113
2024-12-29,omeprazol_inj,31.0,271.29870129870164,0.0,38.3,78
2024-12-30,omeprazol_inj,32.0,239.29870129870164,0.0,51.0,93
2024-12-31,omeprazol_inj,27.0,212.29870129870164,0.0,43.7,68
2025-01-01,omeprazol_inj,37.0,175.29870129870164,0.0,50.9,101
2025-01-02,omeprazol_inj,33.0,142.29870129870164,0.0,43.7,75
2025-01-03,omeprazol_inj,37.0,105.29870129870164,0.0,45.2,76
2025-01-04,omeprazol_inj,23.0,585.1558441558445,502.85714285714283,50.7,93
2025-01-05,omeprazol_inj,32.0,553.1558441558445,0.0,49.6,96
2025-01-06,omeprazol_inj,36.0,517.1558441558445,0.0,49.6,96
2025-01-07,omeprazol_inj,36.0,481.15584415584453,0.0,44.7,83
2025-01-08,omeprazol_inj,36.0,445.15584415584453,0.0,36.2,77
2025-01-09,omeprazol_inj,43.0,402.15584415584453,0.0,41.2,71
2025-01-10,omeprazol_inj,43.0,359.15584415584453,0.0,46.3,109
2025-01-11,omeprazol_inj,43.0,316.15584415584453,0.0,40.9,87
2025-01-12,omeprazol_inj,36.0,280.15584415584453,0.0,41.6,65
2025-01-13,omeprazol_inj,31.0,249.15584415584453,0.0,60.7,125
2025-01-14,omeprazol_inj,39.0,210.15584415584453,0.0,39.8,58
2025-01-15,omeprazol_inj,26.0,184.15584415584453,0.0,29.7,49
2025-01-16,omeprazol_inj,34.0,150.15584415584453,0.0,34.9,74
2025-01-17,omeprazol_inj,34.0,116.15584415584453,0.0,31.9,55
2025-01-18,omeprazol_inj,24.0,92.15584415584453,0.0,39.9,74
2025-01-19,omeprazol_inj,47.0,45.155844155844534,0.0,33.2,55
2025-01-20,omeprazol_inj,34.0,575.7272727272731,564.5714285714286,50.0,91
2025-01-21,omeprazol_inj,32.0,543.7272727272731,0.0,34.5,64
2025-01-22,omeprazol_inj,39.0,504.7272727272731,0.0,43.3,81
2025-01-23,omeprazol_inj,38.0,466.7272727272731,0.0,37.3,79
2025-01-24,omeprazol_inj,30.0,436.7272727272731,0.0,34.6,55
2025-01-25,omeprazol_inj,38.0,398.7272727272731,0.0,43.4,85
2025-01-26,omeprazol_inj,36.0,362.7272727272731,0.0,43.8,95
2025-01-27,omeprazol_inj,32.0,330.7272727272731,0.0,37.5,71
2025-01-28,omeprazol_inj,24.0,306.7272727272731,0.0,40.2,78
2025-01-29,omeprazol_inj,35.0,271.7272727272731,0.0,41.9,84
2025-01-30,omeprazol_inj,38.0,233.7272727272731,0.0,36.4,45
2025-01-31,omeprazol_inj,43.0,190.7272727272731,0.0,40.5,78
2025-02-01,omeprazol_inj,44.0,146.7272727272731,0.0,43.4,88
2025-02-02,omeprazol_inj,33.0,113.72727272727309,0.0,40.5,101
2025-02-03,omeprazol_inj,33.0,80.72727272727309,0.0,33.1,66
2025-02-04,omeprazol_inj,37.0,588.8701298701302,545.1428571428571,37.0,70
2025-02-05,omeprazol_inj,19.0,569.8701298701302,0.0,38.5,79
2025-02-06,omeprazol_inj,39.0,530.8701298701302,0.0,52.0,94
2025-02-07,omeprazol_inj,20.0,510.8701298701302,0.0,30.8,51
2025-02-08,omeprazol_inj,29.0,481.8701298701302,0.0,58.3,113
2025-02-09,omeprazol_inj,42.0,439.8701298701302,0.0,47.4,96
2025-02-10,omeprazol_inj,40.0,399.8701298701302,0.0,46.6,94
2025-02-11,omeprazol_inj,40.0,359.8701298701302,0.0,41.6,81
2025-02-12,omeprazol_inj,25.0,334.8701298701302,0.0,30.4,48
2025-02-13,omeprazol_inj,15.0,319.8701298701302,0.0,36.9,47
2025-02-14,omeprazol_inj,24.0,295.8701298701302,0.0,25.0,59
2025-02-15,omeprazol_inj,30.0,265.8701298701302,0.0,26.9,61
2025-02-16,omeprazol_inj,29.0,236.8701298701302,0.0,36.3,71
2025-02-17,omeprazol_inj,35.0,201.8701298701302,0.0,50.4,105
2025-02-18,omeprazol_inj,39.0,162.8701298701302,0.0,32.1,45
2025-02-19,omeprazol_inj,28.0,134.8701298701302,0.0,45.6,86
2025-02-20,omeprazol_inj,25.0,109.8701298701302,0.0,35.5,67
2025-02-21,omeprazol_inj,33.0,563.727272727273,486.85714285714283,43.6,74
2025-02-22,omeprazol_inj,25.0,538.727272727273,0.0,47.1,84
2025-02-23,omeprazol_inj,30.0,508.727272727273,0.0,56.3,120
2025-02-24,omeprazol_inj,28.0,480.727272727273,0.0,46.8,84
2025-02-25,omeprazol_inj,30.0,450.727272727273,0.0,28.0,38
2025-02-26,omeprazol_inj,25.0,425.727272727273,0.0,26.7,44
2025-02-27,omeprazol_inj,21.0,404.727272727273,0.0,39.8,67
2025-02-28,omeprazol_inj,25.0,379.727272727273,0.0,39.9,74
2025-03-01,omeprazol_inj,40.0,339.727272727273,0.0,46.1,93
2025-03-02,omeprazol_inj,38.0,301.727272727273,0.0,58.7,112
2025-03-03,omeprazol_inj,42.0,259.727272727273,0.0,42.3,110
2025-03-04,omeprazol_inj,24.0,235.72727272727298,0.0,26.1,52
2025-03-05,omeprazol_inj,24.0,211.72727272727298,0.0,31.9,66
2025-03-06,omeprazol_inj,29.0,182.72727272727298,0.0,28.9,48
2025-03-07,omeprazol_inj,28.0,154.72727272727298,0.0,33.6,60
2025-03-08,omeprazol_inj,29.0,125.72727272727298,0.0,44.7,106
2025-03-09,omeprazol_inj,34.0,91.72727272727298,0.0,36.2,76
2025-03-10,omeprazol_inj,35.0,547.0129870129872,490.2857142857143,50.4,115
2025-03-11,omeprazol_inj,32.0,515.0129870129872,0.0,45.8,64
2025-03-12,omeprazol_inj,30.0,485.0129870129872,0.0,39.7,54
2025-03-13,omeprazol_inj,26.0,459.0129870129872,0.0,41.3,84
2025-03-14,omeprazol_inj,26.0,433.0129870129872,0.0,38.7,76
2025-03-15,omeprazol_inj,32.0,401.0129870129872,0.0,46.1,106
2025-03-16,omeprazol_inj,38.0,363.0129870129872,0.0,53.6,136
2025-03-17,omeprazol_inj,31.0,332.0129870129872,0.0,50.6,107
2025-03-18,omeprazol_inj,26.0,306.0129870129872,0.0,41.1,90
2025-03-19,omeprazol_inj,38.0,268.0129870129872,0.0,46.9,96
2025-03-20,omeprazol_inj,33.0,235.0129870129872,0.0,28.9,62
2025-03-21,omeprazol_inj,23.0,212.0129870129872,0.0,28.4,51
2025-03-22,omeprazol_inj,34.0,178.0129870129872,0.0,51.3,106
2025-03-23,omeprazol_inj,43.0,135.0129870129872,0.0,46.9,91
2025-03-24,omeprazol_inj,36.0,99.0129870129872,0.0,46.4,89
2025-03-25,omeprazol_inj,31.0,68.0129870129872,0.0,36.3,80
2025-03-26,omeprazol_inj,23.0,45.012987012987196,0.0,39.4,64
2025-03-27,omeprazol_inj,33.0,508.0129870129872,496.0,43.6,95
2025-03-28,omeprazol_inj,38.0,470.0129870129872,0.0,50.8,99
2025-03-29,omeprazol_inj,39.0,431.0129870129872,0.0,54.8,118
2025-03-30,omeprazol_inj,30.0,401.0129870129872,0.0,44.1,103
2025-03-31,omeprazol_inj,43.0,358.0129870129872,0.0,43.1,88
2025-04-01,omeprazol_inj,28.0,330.0129870129872,0.0,45.2,86
2025-04-02,omeprazol_inj,39.0,291.0129870129872,0.0,38.1,63
2025-04-03,omeprazol_inj,32.0,259.0129870129872,0.0,43.1,86
2025-04-04,omeprazol_inj,27.0,232.0129870129872,0.0,48.4,82
2025-04-05,omeprazol_inj,30.0,202.0129870129872,0.0,50.9,95
2025-04-06,omeprazol_inj,34.0,168.0129870129872,0.0,47.9,101
2025-04-07,omeprazol_inj,20.0,148.0129870129872,0.0,53.7,106
2025-04-08,omeprazol_inj,23.0,125.0129870129872,0.0,51.4,86
2025-04-09,omeprazol_inj,29.0,96.0129870129872,0.0,45.6,69
2025-04-10,omeprazol_inj,22.0,614.5844155844158,540.5714285714286,29.3,59
2025-04-11,omeprazol_inj,23.0,591.5844155844158,0.0,43.5,96
2025-04-12,omeprazol_inj,27.0,564.5844155844158,0.0,66.1,133
2025-04-13,omeprazol_inj,35.0,529.5844155844158,0.0,55.6,132
2025-04-14,omeprazol_inj,29.0,500.58441558441575,0.0,40.5,92
2025-04-15,omeprazol_inj,30.0,470.58441558441575,0.0,41.0,84
2025-04-16,omeprazol_inj,31.0,439.58441558441575,0.0,48.2,94
2025-04-17,omeprazol_inj,41.0,398.58441558441575,0.0,42.9,85
2025-04-18,omeprazol_inj,38.0,360.58441558441575,0.0,54.7,125
2025-04-19,omeprazol_inj,39.0,321.58441558441575,0.0,53.6,122
2025-04-20,omeprazol_inj,29.0,292.58441558441575,0.0,52.7,120
2025-04-21,omeprazol_inj,31.0,261.58441558441575,0.0,73.8,182
2025-04-22,omeprazol_inj,31.0,230.58441558441575,0.0,50.4,79
2025-04-23,omeprazol_inj,29.0,201.58441558441575,0.0,43.5,82
2025-04-24,omeprazol_inj,32.0,169.58441558441575,0.0,65.4,138
2025-04-25,omeprazol_inj,34.0,135.58441558441575,0.0,42.8,89
2025-04-26,omeprazol_inj,39.0,96.58441558441575,0.0,62.2,141
2025-04-27,omeprazol_inj,32.0,64.58441558441575,0.0,48.2,107
2025-04-28,omeprazol_inj,26.0,38.58441558441575,0.0,32.7,85
2025-04-29,omeprazol_inj,30.0,496.58441558441575,488.0,27.3,55
2025-04-30,omeprazol_inj,21.0,475.58441558441575,0.0,33.3,77
2025-05-01,omeprazol_inj,31.0,444.58441558441575,0.0,42.4,108
2025-05-02,omeprazol_inj,36.0,408.58441558441575,0.0,32.6,68
2025-05-03,omeprazol_inj,34.0,374.58441558441575,0.0,54.2,101
2025-05-04,omeprazol_inj,44.0,330.58441558441575,0.0,56.1,122
2025-05-05,omeprazol_inj,32.0,298.58441558441575,0.0,53.1,98
2025-05-06,omeprazol_inj,26.0,272.58441558441575,0.0,45.3,86
2025-05-07,omeprazol_inj,26.0,246.58441558441575,0.0,43.0,75
2025-05-08,omeprazol_inj,26.0,220.58441558441575,0.0,32.7,65
2025-05-09,omeprazol_inj,29.0,191.58441558441575,0.0,37.7,63
2025-05-10,omeprazol_inj,38.0,153.58441558441575,0.0,54.7,109
2025-05-11,omeprazol_inj,40.0,113.58441558441575,0.0,47.0,102
2025-05-12,omeprazol_inj,35.0,78.58441558441575,0.0,38.9,66
2025-05-13,omeprazol_inj,41.0,37.58441558441575,0.0,38.3,64
2025-05-14,omeprazol_inj,29.0,518.2987012987014,509.7142857142857,40.1,82
2025-05-15,omeprazol_inj,21.0,497.2987012987014,0.0,46.5,107
2025-05-16,omeprazol_inj,30.0,467.2987012987014,0.0,45.3,104
2025-05-17,omeprazol_inj,25.0,442.2987012987014,0.0,53.5,113
2025-05-18,omeprazol_inj,37.0,405.2987012987014,0.0,49.5,99
2025-05-19,omeprazol_inj,23.0,382.2987012987014,0.0,30.0,56
2025-05-20,omeprazol_inj,29.0,353.2987012987014,0.0,48.3,99
2025-05-21,omeprazol_inj,29.0,324.2987012987014,0.0,52.3,104
2025-05-22,omeprazol_inj,29.0,295.2987012987014,0.0,40.2,69
2025-05-23,omeprazol_inj,36.0,259.2987012987014,0.0,52.7,94
2025-05-24,omeprazol_inj,29.0,230.29870129870142,0.0,62.1,124
2025-05-25,omeprazol_inj,18.0,212.29870129870142,0.0,44.2,99
2025-05-26,omeprazol_inj,35.0,177.29870129870142,0.0,47.3,77
2025-05-27,omeprazol_inj,26.0,151.29870129870142,0.0,40.5,83
2025-05-28,omeprazol_inj,38.0,113.29870129870142,0.0,44.0,75
2025-05-29,omeprazol_inj,29.0,589.4415584415585,505.14285714285717,50.3,104
2025-05-30,omeprazol_inj,35.0,554.4415584415585,0.0,51.8,114
2025-05-31,omeprazol_inj,47.0,507.4415584415585,0.0,45.9,113
2025-06-01,omeprazol_inj,39.0,468.4415584415585,0.0,52.5,113
2025-06-02,omeprazol_inj,34.0,434.4415584415585,0.0,45.5,109
2025-06-03,omeprazol_inj,26.0,408.4415584415585,0.0,57.4,114
2025-06-04,omeprazol_inj,48.0,360.4415584415585,0.0,54.0,98
2025-06-05,omeprazol_inj,63.0,297.4415584415585,0.0,38.4,80
2025-06-06,omeprazol_inj,28.0,269.4415584415585,0.0,51.9,106
2025-06-07,omeprazol_inj,33.0,236.44155844155853,0.0,50.6,114
2025-06-08,omeprazol_inj,44.0,192.44155844155853,0.0,59.4,138
2025-06-09,omeprazol_inj,43.0,149.44155844155853,0.0,46.1,84
2025-06-10,omeprazol_inj,41.0,108.44155844155853,0.0,48.4,100
2025-06-11,omeprazol_inj,30.0,78.44155844155853,0.0,42.2,62
2025-06-12,omeprazol_inj,34.0,619.2987012987014,574.8571428571429,40.4,82
2025-06-13,omeprazol_inj,24.0,595.2987012987014,0.0,50.8,95
2025-06-14,omeprazol_inj,46.0,549.2987012987014,0.0,53.9,114
2025-06-15,omeprazol_inj,38.0,511.2987012987014,0.0,53.5,105
2025-06-16,omeprazol_inj,33.0,478.2987012987014,0.0,42.6,88
2025-06-17,omeprazol_inj,30.0,448.2987012987014,0.0,37.9,70
2025-06-18,omeprazol_inj,33.0,415.2987012987014,0.0,39.7,76
2025-06-19,omeprazol_inj,33.0,382.2987012987014,0.0,37.9,79
2025-06-20,omeprazol_inj,30.0,352.2987012987014,0.0,43.5,78
2025-06-21,omeprazol_inj,39.0,313.2987012987014,0.0,60.6,127
2025-06-22,omeprazol_inj,38.0,275.2987012987014,0.0,44.3,81
2025-06-23,omeprazol_inj,38.0,237.29870129870142,0.0,53.0,95
2025-06-24,omeprazol_inj,20.0,217.29870129870142,0.0,35.5,46
2025-06-25,omeprazol_inj,40.0,177.29870129870142,0.0,35.2,66
2025-06-26,omeprazol_inj,29.0,148.29870129870142,0.0,37.5,64
2025-06-27,omeprazol_inj,43.0,674.4415584415585,569.1428571428571,40.1,83
2025-06-28,omeprazol_inj,45.0,629.4415584415585,0.0,50.4,105
2025-06-29,omeprazol_inj,52.0,577.4415584415585,0.0,45.5,98
2025-06-30,omeprazol_inj,29.0,548.4415584415585,0.0,53.7,96
2025-07-01,omeprazol_inj,37.0,511.4415584415585,0.0,43.0,80
2025-07-02,omeprazol_inj,27.0,484.4415584415585,0.0,39.3,76
2025-07-03,omeprazol_inj,30.0,454.4415584415585,0.0,42.9,70
2025-07-04,omeprazol_inj,34.0,420.4415584415585,0.0,35.7,88
2025-07-05,omeprazol_inj,38.0,382.4415584415585,0.0,43.0,107
2025-07-06,omeprazol_inj,32.0,350.4415584415585,0.0,51.1,98
2025-07-07,omeprazol_inj,31.0,319.4415584415585,0.0,54.1,115
2025-07-08,omeprazol_inj,35.0,284.4415584415585,0.0,42.6,80
2025-07-09,omeprazol_inj,26.0,258.4415584415585,0.0,32.4,69
2025-07-10,omeprazol_inj,23.0,235.44155844155853,0.0,36.9,67
2025-07-11,omeprazol_inj,51.0,184.44155844155853,0.0,45.4,68
2025-07-12,omeprazol_inj,39.0,145.44155844155853,0.0,43.8,77
2025-07-13,omeprazol_inj,34.0,111.44155844155853,0.0,54.2,114
2025-07-14,omeprazol_inj,27.0,84.44155844155853,0.0,39.8,80
2025-07-15,omeprazol_inj,38.0,46.44155844155853,0.0,38.3,75
2025-07-16,omeprazol_inj,34.0,586.1558441558442,573.7142857142857,36.2,89
2025-07-17,omeprazol_inj,24.0,562.1558441558442,0.0,36.3,62
2025-07-18,omeprazol_inj,26.0,536.1558441558442,0.0,48.8,91
2025-07-19,omeprazol_inj,42.0,494.1558441558442,0.0,51.7,127
2025-07-20,omeprazol_inj,44.0,450.1558441558442,0.0,47.7,105
2025-07-21,omeprazol_inj,45.0,405.1558441558442,0.0,38.7,85
2025-07-22,omeprazol_inj,22.0,383.1558441558442,0.0,38.8,83
2025-07-23,omeprazol_inj,25.0,358.1558441558442,0.0,46.0,92
2025-07-24,omeprazol_inj,41.0,317.1558441558442,0.0,20.7,44
2025-07-25,omeprazol_inj,35.0,282.1558441558442,0.0,39.1,66
2025-07-26,omeprazol_inj,37.0,245.1558441558442,0.0,59.3,122
2025-07-27,omeprazol_inj,43.0,202.1558441558442,0.0,48.3,102
2025-07-28,omeprazol_inj,27.0,175.1558441558442,0.0,40.8,106
2025-07-29,omeprazol_inj,24.0,151.1558441558442,0.0,31.7,63
2025-07-30,omeprazol_inj,36.0,115.15584415584419,0.0,50.0,90
2025-07-31,omeprazol_inj,40.0,619.1558441558442,544.0,31.5,83
2025-08-01,omeprazol_inj,34.0,585.1558441558442,0.0,31.1,54
2025-08-02,omeprazol_inj,44.0,541.1558441558442,0.0,49.8,117
2025-08-03,omeprazol_inj,32.0,509.1558441558442,0.0,37.8,60
2025-08-04,omeprazol_inj,38.0,471.1558441558442,0.0,41.7,88
2025-08-05,omeprazol_inj,39.0,432.1558441558442,0.0,57.6,121
2025-08-06,omeprazol_inj,31.0,401.1558441558442,0.0,37.6,62
2025-08-07,omeprazol_inj,26.0,375.1558441558442,0.0,52.8,91
2025-08-08,omeprazol_inj,29.0,346.1558441558442,0.0,39.4,76
2025-08-09,omeprazol_inj,48.0,298.1558441558442,0.0,43.8,82
2025-08-10,omeprazol_inj,34.0,264.1558441558442,0.0,42.3,99
2025-08-11,omeprazol_inj,25.0,239.1558441558442,0.0,52.3,97
2025-08-12,omeprazol_inj,34.0,205.1558441558442,0.0,44.1,96
2025-08-13,omeprazol_inj,38.0,167.1558441558442,0.0,27.8,47
2025-08-14,omeprazol_inj,30.0,137.1558441558442,0.0,49.9,104
2025-08-15,omeprazol_inj,32.0,666.2987012987013,561.1428571428571,44.4,106
2025-08-16,omeprazol_inj,39.0,627.2987012987013,0.0,52.3,108
2025-08-17,omeprazol_inj,40.0,587.2987012987013,0.0,51.8,98
2025-08-18,omeprazol_inj,26.0,561.2987012987013,0.0,55.7,117
2025-08-19,omeprazol_inj,23.0,538.2987012987013,0.0,30.3,66
2025-08-20,omeprazol_inj,28.0,510.2987012987013,0.0,47.7,99
2025-08-21,omeprazol_inj,25.0,485.2987012987013,0.0,52.6,103
2025-08-22,omeprazol_inj,31.0,454.2987012987013,0.0,28.5,64
2025-08-23,omeprazol_inj,45.0,409.2987012987013,0.0,54.8,130
2025-08-24,omeprazol_inj,35.0,374.2987012987013,0.0,46.5,84
2025-08-25,omeprazol_inj,42.0,332.2987012987013,0.0,52.5,108
2025-08-26,omeprazol_inj,26.0,306.2987012987013,0.0,39.4,69
2025-08-27,omeprazol_inj,31.0,275.2987012987013,0.0,42.4,61
2025-08-28,omeprazol_inj,35.0,240.2987012987013,0.0,40.0,70
2025-08-29,omeprazol_inj,29.0,211.2987012987013,0.0,49.5,95
2025-08-30,omeprazol_inj,37.0,174.2987012987013,0.0,64.0,113
2025-08-31,omeprazol_inj,32.0,142.2987012987013,0.0,43.9,89
2025-09-01,omeprazol_inj,30.0,112.2987012987013,0.0,52.4,120
2025-09-02,omeprazol_inj,34.0,596.012987012987,517.7142857142857,40.5,72
2025-09-03,omeprazol_inj,29.0,567.012987012987,0.0,41.2,74
2025-09-04,omeprazol_inj,24.0,543.012987012987,0.0,36.0,70
2025-09-05,omeprazol_inj,32.0,511.01298701298697,0.0,42.4,94
2025-09-06,omeprazol_inj,21.0,490.01298701298697,0.0,58.5,102
2025-09-07,omeprazol_inj,62.0,428.01298701298697,0.0,68.8,154
2025-09-08,omeprazol_inj,30.0,398.01298701298697,0.0,47.1,104
2025-09-09,omeprazol_inj,30.0,368.01298701298697,0.0,43.9,76
2025-09-10,omeprazol_inj,31.0,337.01298701298697,0.0,38.4,72
2025-09-11,omeprazol_inj,36.0,301.01298701298697,0.0,44.1,90
2025-09-12,omeprazol_inj,24.0,277.01298701298697,0.0,41.0,72
2025-09-13,omeprazol_inj,24.0,253.01298701298697,0.0,41.7,95
2025-09-14,omeprazol_inj,33.0,220.01298701298697,0.0,53.5,110
2025-09-15,omeprazol_inj,36.0,184.01298701298697,0.0,44.3,66
2025-09-16,omeprazol_inj,34.0,150.01298701298697,0.0,39.6,69
2025-09-17,omeprazol_inj,26.0,124.01298701298697,0.0,33.8,62
2025-09-18,omeprazol_inj,24.0,100.01298701298697,0.0,38.9,78
2025-09-19,omeprazol_inj,28.0,588.5844155844155,516.5714285714286,38.9,77
2025-09-20,omeprazol_inj,31.0,557.5844155844155,0.0,47.2,99
2025-09-21,omeprazol_inj,26.0,531.5844155844155,0.0,42.2,86
2025-09-22,omeprazol_inj,31.0,500.5844155844155,0.0,53.0,102
2025-09-23,omeprazol_inj,34.0,466.5844155844155,0.0,42.4,102
2025-09-24,omeprazol_inj,34.0,432.5844155844155,0.0,46.4,84
2025-09-25,omeprazol_inj,38.0,394.5844155844155,0.0,32.7,59
2025-09-26,omeprazol_inj,38.0,356.5844155844155,0.0,45.5,87
2025-09-27,omeprazol_inj,31.0,325.5844155844155,0.0,45.5,104
2025-09-28,omeprazol_inj,27.0,298.5844155844155,0.0,56.4,107
2025-09-29,omeprazol_inj,33.0,265.5844155844155,0.0,39.6,60
2025-09-30,omeprazol_inj,45.0,220.58441558441552,0.0,48.9,90
2025-10-01,omeprazol_inj,38.0,182.58441558441552,0.0,41.8,98
2025-10-02,omeprazol_inj,25.0,157.58441558441552,0.0,40.0,66
2025-10-03,omeprazol_inj,25.0,132.58441558441552,0.0,49.5,98
2025-10-04,omeprazol_inj,26.0,106.58441558441552,0.0,60.7,153
2025-10-05,omeprazol_inj,23.0,83.58441558441552,0.0,49.2,102
2025-10-06,omeprazol_inj,35.0,545.7272727272727,497.14285714285717,42.3,78
2025-10-07,omeprazol_inj,25.0,520.7272727272727,0.0,40.0,69
2025-10-08,omeprazol_inj,24.0,496.72727272727275,0.0,52.4,109
2025-10-09,omeprazol_inj,36.0,460.72727272727275,0.0,38.6,68
2025-10-10,omeprazol_inj,37.0,423.72727272727275,0.0,35.6,46
2025-10-11,omeprazol_inj,48.0,375.72727272727275,0.0,60.5,120
2025-10-12,omeprazol_inj,44.0,331.72727272727275,0.0,68.6,190
2025-10-13,omeprazol_inj,32.0,299.72727272727275,0.0,48.0,102
2025-10-14,omeprazol_inj,41.0,258.72727272727275,0.0,55.3,121
2025-10-15,omeprazol_inj,27.0,231.72727272727275,0.0,26.5,57
2025-10-16,omeprazol_inj,33.0,198.72727272727275,0.0,51.4,107
2025-10-17,omeprazol_inj,28.0,170.72727272727275,0.0,46.6,80
2025-10-18,omeprazol_inj,28.0,142.72727272727275,0.0,42.1,94
2025-10-19,omeprazol_inj,48.0,94.72727272727275,0.0,49.9,100
2025-10-20,omeprazol_inj,47.0,47.72727272727275,0.0,51.9,120
2025-10-21,omeprazol_inj,30.0,542.2987012987013,524.5714285714286,36.8,74
2025-10-22,omeprazol_inj,30.0,512.2987012987013,0.0,39.8,58
2025-10-23,omeprazol_inj,27.0,485.2987012987013,0.0,38.0,76
2025-10-24,omeprazol_inj,31.0,454.2987012987013,0.0,42.7,78
2025-10-25,omeprazol_inj,27.0,427.2987012987013,0.0,49.5,124
2025-10-26,omeprazol_inj,25.0,402.2987012987013,0.0,60.6,113
2025-10-27,omeprazol_inj,35.0,367.2987012987013,0.0,42.3,75
2025-10-28,omeprazol_inj,33.0,334.2987012987013,0.0,29.0,46
2025-10-29,omeprazol_inj,27.0,307.2987012987013,0.0,45.6,85
2025-10-30,omeprazol_inj,47.0,260.2987012987013,0.0,29.3,61
2025-10-31,omeprazol_inj,33.0,227.2987012987013,0.0,41.8,67
2025-11-01,omeprazol_inj,35.0,192.2987012987013,0.0,50.8,110
2025-11-02,omeprazol_inj,34.0,158.2987012987013,0.0,61.1,138
2025-11-03,omeprazol_inj,38.0,120.2987012987013,0.0,32.3,59
2025-11-04,omeprazol_inj,31.0,89.2987012987013,0.0,33.7,64
2025-11-05,omeprazol_inj,43.0,575.4415584415584,529.1428571428571,47.2,88
2025-11-06,omeprazol_inj,29.0,546.4415584415584,0.0,40.5,74
2025-11-07,omeprazol_inj,22.0,524.4415584415584,0.0,56.8,116
2025-11-08,omeprazol_inj,45.0,479.4415584415584,0.0,51.4,108
2025-11-09,omeprazol_inj,44.0,435.4415584415584,0.0,58.3,122
2025-11-10,omeprazol_inj,27.0,408.4415584415584,0.0,36.4,70
2025-11-11,omeprazol_inj,33.0,375.4415584415584,0.0,54.0,90
2025-11-12,omeprazol_inj,27.0,348.4415584415584,0.0,31.8,70
2025-11-13,omeprazol_inj,37.0,311.4415584415584,0.0,59.2,116
2025-11-14,omeprazol_inj,36.0,275.4415584415584,0.0,41.5,64
2025-11-15,omeprazol_inj,51.0,224.4415584415584,0.0,58.1,137
2025-11-16,omeprazol_inj,44.0,180.4415584415584,0.0,53.3,88
2025-11-17,omeprazol_inj,15.0,165.4415584415584,0.0,56.1,110
2025-11-18,omeprazol_inj,20.0,145.4415584415584,0.0,40.2,65
2025-11-19,omeprazol_inj,44.0,101.44155844155841,0.0,37.2,67
2025-11-20,omeprazol_inj,25.0,626.1558441558441,549.7142857142857,48.8,103
2025-11-21,omeprazol_inj,40.0,586.1558441558441,0.0,42.5,85
2025-11-22,omeprazol_inj,29.0,557.1558441558441,0.0,49.8,99
2025-11-23,omeprazol_inj,46.0,511.1558441558441,0.0,54.9,102
2025-11-24,omeprazol_inj,40.0,471.1558441558441,0.0,37.1,65
2025-11-25,omeprazol_inj,31.0,440.1558441558441,0.0,26.7,48
2025-11-26,omeprazol_inj,39.0,401.1558441558441,0.0,39.6,65
2025-11-27,omeprazol_inj,29.0,372.1558441558441,0.0,35.5,52
2025-11-28,omeprazol_inj,26.0,346.1558441558441,0.0,26.7,30
2025-11-29,omeprazol_inj,36.0,310.1558441558441,0.0,47.7,89
2025-11-30,omeprazol_inj,43.0,267.1558441558441,0.0,53.8,118
2025-12-01,omeprazol_inj,34.0,233.15584415584408,0.0,44.5,99
2025-12-02,omeprazol_inj,32.0,201.15584415584408,0.0,33.9,68
2025-12-03,omeprazol_inj,38.0,163.15584415584408,0.0,28.7,62
2025-12-04,omeprazol_inj,38.0,125.15584415584408,0.0,48.8,98
2025-12-05,omeprazol_inj,41.0,84.15584415584408,0.0,47.6,98
2025-12-06,omeprazol_inj,32.0,52.15584415584408,0.0,38.4,76
2025-12-07,omeprazol_inj,31.0,21.15584415584408,0.0,36.8,100
2025-12-08,omeprazol_inj,21.0,529.2987012987012,529.1428571428571,46.1,107
2025-12-09,omeprazol_inj,37.0,492.2987012987012,0.0,41.2,66
2025-12-10,omeprazol_inj,31.0,461.2987012987012,0.0,43.8,94
2025-12-11,omeprazol_inj,38.0,423.2987012987012,0.0,43.4,81
2025-12-12,omeprazol_inj,28.0,395.2987012987012,0.0,32.5,70
2025-12-13,omeprazol_inj,42.0,353.2987012987012,0.0,47.3,80
2025-12-14,omeprazol_inj,34.0,319.2987012987012,0.0,44.2,89
2025-12-15,omeprazol_inj,22.0,297.2987012987012,0.0,34.0,55
2025-12-16,omeprazol_inj,34.0,263.2987012987012,0.0,41.8,54
2025-12-17,omeprazol_inj,32.0,231.2987012987012,0.0,38.9,55
2025-12-18,omeprazol_inj,33.0,198.2987012987012,0.0,36.9,70
2025-12-19,omeprazol_inj,39.0,159.2987012987012,0.0,37.1,74
2025-12-20,omeprazol_inj,40.0,119.29870129870119,0.0,43.4,89
2025-12-21,omeprazol_inj,32.0,87.29870129870119,0.0,48.9,95
2025-12-22,omeprazol_inj,31.0,56.29870129870119,0.0,49.2,103
2025-12-23,omeprazol_inj,45.0,542.7272727272726,531.4285714285714,29.2,49
2025-12-24,omeprazol_inj,34.0,508.72727272727263,0.0,38.0,53
2025-12-25,omeprazol_inj,39.0,469.72727272727263,0.0,53.7,116
2025-12-26,omeprazol_inj,30.0,439.72727272727263,0.0,52.2,84
2025-12-27,omeprazol_inj,36.0,403.72727272727263,0.0,40.9,77
2025-12-28,omeprazol_inj,38.0,365.72727272727263,0.0,62.0,118
2025-12-29,omeprazol_inj,37.0,328.72727272727263,0.0,38.5,67
2025-12-30,omeprazol_inj,38.0,290.72727272727263,0.0,36.0,53
2025-12-31,omeprazol_inj,26.0,264.72727272727263,0.0,36.6,74
2024-01-01,ondansetrona,35.0,525.0,0.0,52.7,111
2024-01-02,ondansetrona,25.0,500.0,0.0,33.6,51
2024-01-03,ondansetrona,41.0,459.0,0.0,34.2,61
2024-01-04,ondansetrona,32.0,427.0,0.0,32.6,51
2024-01-05,ondansetrona,39.0,388.0,0.0,24.7,30
2024-01-06,ondansetrona,31.0,357.0,0.0,41.6,71
2024-01-07,ondansetrona,32.0,325.0,0.0,51.5,99
2024-01-08,ondansetrona,37.0,288.0,0.0,29.9,65
2024-01-09,ondansetrona,32.0,256.0,0.0,20.0,44
2024-01-10,ondansetrona,34.0,222.0,0.0,37.5,57
2024-01-11,ondansetrona,37.0,185.0,0.0,49.8,90
2024-01-12,ondansetrona,34.0,151.0,0.0,37.9,81
2024-01-13,ondansetrona,34.0,117.0,0.0,34.2,80
2024-01-14,ondansetrona,49.0,612.0,544.0,43.7,85
2024-01-15,ondansetrona,38.0,574.0,0.0,38.7,61
2024-01-16,ondansetrona,26.0,548.0,0.0,33.7,37
2024-01-17,ondansetrona,40.0,508.0,0.0,32.8,49
2024-01-18,ondansetrona,33.0,475.0,0.0,28.6,47
2024-01-19,ondansetrona,39.0,436.0,0.0,26.8,48
2024-01-20,ondansetrona,31.0,405.0,0.0,39.9,75
2024-01-21,ondansetrona,27.0,378.0,0.0,40.7,81
2024-01-22,ondansetrona,39.0,339.0,0.0,22.5,37
2024-01-23,ondansetrona,27.0,312.0,0.0,38.6,48
2024-01-24,ondansetrona,30.0,282.0,0.0,36.8,46
2024-01-25,ondansetrona,30.0,252.0,0.0,33.2,43
2024-01-26,ondansetrona,54.0,198.0,0.0,26.7,48
2024-01-27,ondansetrona,34.0,164.0,0.0,47.1,86
2024-01-28,ondansetrona,40.0,124.0,0.0,40.6,70
2024-01-29,ondansetrona,53.0,71.0,0.0,51.4,103
2024-01-30,ondansetrona,55.0,16.0,0.0,35.7,49
2024-01-31,ondansetrona,32.0,541.7142857142857,557.7142857142857,46.2,86
2024-02-01,ondansetrona,30.0,511.71428571428567,0.0,34.4,51
2024-02-02,ondansetrona,32.0,479.71428571428567,0.0,29.8,39
2024-02-03,ondansetrona,46.0,433.71428571428567,0.0,40.2,72
2024-02-04,ondansetrona,29.0,404.71428571428567,0.0,31.0,70
2024-02-05,ondansetrona,34.0,370.71428571428567,0.0,39.8,74
2024-02-06,ondansetrona,30.0,340.71428571428567,0.0,29.2,51
2024-02-07,ondansetrona,34.0,306.71428571428567,0.0,34.0,73
2024-02-08,ondansetrona,34.0,272.71428571428567,0.0,42.0,62
2024-02-09,ondansetrona,33.0,239.71428571428567,0.0,51.3,88
2024-02-10,ondansetrona,46.0,193.71428571428567,0.0,53.0,97
2024-02-11,ondansetrona,63.0,130.71428571428567,0.0,59.8,129
2024-02-12,ondansetrona,32.0,98.71428571428567,0.0,55.4,104
2024-02-13,ondansetrona,51.0,656.8571428571428,609.1428571428571,46.5,94
2024-02-14,ondansetrona,37.0,619.8571428571428,0.0,40.7,75
2024-02-15,ondansetrona,49.0,570.8571428571428,0.0,42.8,96
2024-02-16,ondansetrona,50.0,520.8571428571428,0.0,55.8,116
2024-02-17,ondansetrona,54.0,466.8571428571428,0.0,58.6,128
2024-02-18,ondansetrona,49.0,417.8571428571428,0.0,72.4,183
2024-02-19,ondansetrona,36.0,381.8571428571428,0.0,61.3,137
2024-02-20,ondansetrona,50.0,331.8571428571428,0.0,55.3,120
2024-02-21,ondansetrona,44.0,287.8571428571428,0.0,73.6,151
2024-02-22,ondansetrona,60.0,227.85714285714278,0.0,49.7,93
2024-02-23,ondansetrona,46.0,181.85714285714278,0.0,56.0,121
2024-02-24,ondansetrona,51.0,130.85714285714278,0.0,60.4,131
2024-02-25,ondansetrona,64.0,750.2857142857142,683.4285714285714,65.6,148
2024-02-26,ondansetrona,58.0,692.2857142857142,0.0,61.8,140
2024-02-27,ondansetrona,51.0,641.2857142857142,0.0,56.9,136
2024-02-28,ondansetrona,43.0,598.2857142857142,0.0,54.6,119
2024-02-29,ondansetrona,41.0,557.2857142857142,0.0,63.8,152
2024-03-01,ondansetrona,54.0,503.2857142857142,0.0,50.9,121
2024-03-02,ondansetrona,49.0,454.2857142857142,0.0,63.2,136
2024-03-03,ondansetrona,57.0,397.2857142857142,0.0,64.2,140
2024-03-04,ondansetrona,43.0,354.2857142857142,0.0,60.3,154
2024-03-05,ondansetrona,63.0,291.2857142857142,0.0,58.6,130
2024-03-06,ondansetrona,47.0,244.28571428571422,0.0,59.9,121
2024-03-07,ondansetrona,46.0,198.28571428571422,0.0,56.7,111
2024-03-08,ondansetrona,47.0,151.28571428571422,0.0,60.7,123
2024-03-09,ondansetrona,50.0,905.8571428571428,804.5714285714286,83.7,200
2024-03-10,ondansetrona,71.0,834.8571428571428,0.0,70.4,172
2024-03-11,ondansetrona,65.0,769.8571428571428,0.0,58.3,140
2024-03-12,ondansetrona,42.0,727.8571428571428,0.0,54.9,114
2024-03-13,ondansetrona,46.0,681.8571428571428,0.0,53.3,109
2024-03-14,ondansetrona,64.0,617.8571428571428,0.0,70.9,149
2024-03-15,ondansetrona,41.0,576.8571428571428,0.0,69.1,146
2024-03-16,ondansetrona,38.0,538.8571428571428,0.0,61.7,139
2024-03-17,ondansetrona,46.0,492.8571428571428,0.0,58.3,142
2024-03-18,ondansetrona,36.0,456.8571428571428,0.0,62.4,143
2024-03-19,ondansetrona,62.0,394.8571428571428,0.0,50.9,104
2024-03-20,ondansetrona,51.0,343.8571428571428,0.0,57.9,129
2024-03-21,ondansetrona,40.0,303.8571428571428,0.0,66.6,158
2024-03-22,ondansetrona,50.0,253.85714285714278,0.0,52.1,107
2024-03-23,ondansetrona,34.0,219.85714285714278,0.0,62.0,144
2024-03-24,ondansetrona,85.0,134.85714285714278,0.0,57.6,133
2024-03-25,ondansetrona,46.0,889.9999999999999,801.1428571428571,49.5,99
2024-03-26,ondansetrona,49.0,840.9999999999999,0.0,50.1,109
2024-03-27,ondansetrona,55.0,785.9999999999999,0.0,59.4,128
2024-03-28,ondansetrona,34.0,751.9999999999999,0.0,47.6,94
2024-03-29,ondansetrona,39.0,712.9999999999999,0.0,62.6,153
2024-03-30,ondansetrona,40.0,672.9999999999999,0.0,66.3,156
2024-03-31,ondansetrona,60.0,612.9999999999999,0.0,77.8,167
2024-04-01,ondansetrona,34.0,578.9999999999999,0.0,53.0,126
2024-04-02,ondansetrona,40.0,538.9999999999999,0.0,32.8,79
2024-04-03,ondansetrona,49.0,489.9999999999999,0.0,53.0,134
2024-04-04,ondansetrona,47.0,442.9999999999999,0.0,51.5,108
2024-04-05,ondansetrona,33.0,409.9999999999999,0.0,47.7,97
2024-04-06,ondansetrona,64.0,345.9999999999999,0.0,59.3,132
2024-04-07,ondansetrona,49.0,296.9999999999999,0.0,48.9,87
2024-04-08,ondansetrona,56.0,240.9999999999999,0.0,51.9,140
2024-04-09,ondansetrona,43.0,197.9999999999999,0.0,51.6,104
2024-04-10,ondansetrona,72.0,125.99999999999989,0.0,67.4,136
2024-04-11,ondansetrona,53.0,72.99999999999989,0.0,56.3,135
2024-04-12,ondansetrona,54.0,756.142857142857,737.1428571428571,53.0,117
2024-04-13,ondansetrona,45.0,711.142857142857,0.0,62.0,147
2024-04-14,ondansetrona,45.0,666.142857142857,0.0,47.8,108
2024-04-15,ondansetrona,45.0,621.142857142857,0.0,47.3,100
2024-04-16,ondansetrona,48.0,573.142857142857,0.0,56.7,107
2024-04-17,ondansetrona,38.0,535.142857142857,0.0,45.4,70
2024-04-18,ondansetrona,39.0,496.142857142857,0.0,48.6,104
2024-04-19,ondansetrona,63.0,433.142857142857,0.0,58.0,105
2024-04-20,ondansetrona,55.0,378.142857142857,0.0,56.8,123
2024-04-21,ondansetrona,52.0,326.142857142857,0.0,86.4,188
2024-04-22,ondansetrona,43.0,283.142857142857,0.0,38.8,73
2024-04-23,ondansetrona,39.0,244.142857142857,0.0,37.6,67
2024-04-24,ondansetrona,53.0,191.142857142857,0.0,42.4,78
2024-04-25,ondansetrona,30.0,977.142857142857,816.0,53.3,77
2024-04-26,ondansetrona,38.0,939.142857142857,0.0,43.6,76
2024-04-27,ondansetrona,55.0,884.142857142857,0.0,52.4,119
2024-04-28,ondansetrona,46.0,838.142857142857,0.0,60.2,122
2024-04-29,ondansetrona,50.0,788.142857142857,0.0,56.9,128
2024-04-30,ondansetrona,41.0,747.142857142857,0.0,35.1,67
2024-05-01,ondansetrona,51.0,696.142857142857,0.0,60.6,124
2024-05-02,ondansetrona,43.0,653.142857142857,0.0,45.2,90
2024-05-03,ondansetrona,50.0,603.142857142857,0.0,50.4,102
2024-05-04,ondansetrona,60.0,543.142857142857,0.0,60.9,135
2024-05-05,ondansetrona,31.0,512.142857142857,0.0,50.3,101
2024-05-06,ondansetrona,45.0,467.142857142857,0.0,60.1,128
2024-05-07,ondansetrona,38.0,429.142857142857,0.0,27.2,61
2024-05-08,ondansetrona,49.0,380.142857142857,0.0,44.3,80
2024-05-09,ondansetrona,32.0,348.142857142857,0.0,34.2,70
2024-05-10,ondansetrona,46.0,302.142857142857,0.0,39.3,90
2024-05-11,ondansetrona,51.0,251.142857142857,0.0,50.8,107
2024-05-12,ondansetrona,46.0,205.142857142857,0.0,56.3,121
2024-05-13,ondansetrona,46.0,159.142857142857,0.0,49.7,111
2024-05-14,ondansetrona,48.0,111.142857142857,0.0,45.3,81
2024-05-15,ondansetrona,35.0,76.142857142857,0.0,29.2,60
2024-05-16,ondansetrona,39.0,753.7142857142856,716.5714285714286,50.1,109
2024-05-17,ondansetrona,40.0,713.7142857142856,0.0,53.3,120
2024-05-18,ondansetrona,31.0,682.7142857142856,0.0,63.1,142
2024-05-19,ondansetrona,30.0,652.7142857142856,0.0,65.8,146
2024-05-20,ondansetrona,27.0,625.7142857142856,0.0,44.2,99
2024-05-21,ondansetrona,24.0,601.7142857142856,0.0,36.8,58
2024-05-22,ondansetrona,41.0,560.7142857142856,0.0,39.4,73
2024-05-23,ondansetrona,42.0,518.7142857142856,0.0,41.4,101
2024-05-24,ondansetrona,39.0,479.71428571428555,0.0,31.3,73
2024-05-25,ondansetrona,50.0,429.71428571428555,0.0,47.8,98
2024-05-26,ondansetrona,44.0,385.71428571428555,0.0,49.1,104
2024-05-27,ondansetrona,40.0,345.71428571428555,0.0,43.6,87
2024-05-28,ondansetrona,33.0,312.71428571428555,0.0,50.6,106
2024-05-29,ondansetrona,45.0,267.71428571428555,0.0,36.2,62
2024-05-30,ondansetrona,42.0,225.71428571428555,0.0,40.1,65
2024-05-31,ondansetrona,22.0,203.71428571428555,0.0,31.2,63
2024-06-01,ondansetrona,59.0,144.71428571428555,0.0,36.2,78
2024-06-02,ondansetrona,44.0,100.71428571428555,0.0,43.2,97
2024-06-03,ondansetrona,34.0,66.71428571428555,0.0,44.8,86
2024-06-04,ondansetrona,33.0,33.71428571428555,0.0,67.9,141
2024-06-05,ondansetrona,38.0,584.2857142857141,588.5714285714286,39.9,80
2024-06-06,ondansetrona,32.0,552.2857142857141,0.0,34.0,87
2024-06-07,ondansetrona,36.0,516.2857142857141,0.0,28.1,61
2024-06-08,ondansetrona,34.0,482.2857142857141,0.0,51.9,119
2024-06-09,ondansetrona,40.0,442.2857142857141,0.0,45.0,96
2024-06-10,ondansetrona,53.0,389.2857142857141,0.0,41.0,83
2024-06-11,ondansetrona,47.0,342.2857142857141,0.0,47.7,97
2024-06-12,ondansetrona,38.0,304.2857142857141,0.0,39.6,78
2024-06-13,ondansetrona,51.0,253.2857142857141,0.0,55.2,107
2024-06-14,ondansetrona,52.0,201.2857142857141,0.0,41.7,88
2024-06-15,ondansetrona,41.0,160.2857142857141,0.0,55.3,129
2024-06-16,ondansetrona,47.0,113.2857142857141,0.0,53.3,108
2024-06-17,ondansetrona,26.0,87.2857142857141,0.0,36.1,82
2024-06-18,ondansetrona,27.0,60.28571428571411,0.0,39.3,69
2024-06-19,ondansetrona,44.0,655.142857142857,638.8571428571429,40.6,76
2024-06-20,ondansetrona,34.0,621.142857142857,0.0,43.4,87
2024-06-21,ondansetrona,36.0,585.142857142857,0.0,40.6,59
2024-06-22,ondansetrona,37.0,548.142857142857,0.0,50.7,113
2024-06-23,ondansetrona,39.0,509.142857142857,0.0,53.3,90
2024-06-24,ondansetrona,28.0,481.142857142857,0.0,41.0,81
2024-06-25,ondansetrona,39.0,442.142857142857,0.0,49.4,117
2024-06-26,ondansetrona,22.0,420.142857142857,0.0,38.4,70
2024-06-27,ondansetrona,35.0,385.142857142857,0.0,35.2,74
2024-06-28,ondansetrona,27.0,358.142857142857,0.0,35.8,72
2024-06-29,ondansetrona,53.0,305.142857142857,0.0,63.1,137
2024-06-30,ondansetrona,46.0,259.142857142857,0.0,54.3,110
2024-07-01,ondansetrona,27.0,232.142857142857,0.0,45.8,99
2024-07-02,ondansetrona,45.0,187.142857142857,0.0,57.4,114
2024-07-03,ondansetrona,24.0,163.142857142857,0.0,56.7,110
2024-07-04,ondansetrona,36.0,127.142857142857,0.0,49.8,87
2024-07-05,ondansetrona,41.0,86.142857142857,0.0,50.4,99
2024-07-06,ondansetrona,47.0,603.7142857142856,564.5714285714286,56.8,108
2024-07-07,ondansetrona,56.0,547.7142857142856,0.0,32.7,76
2024-07-08,ondansetrona,35.0,512.7142857142856,0.0,49.8,107
2024-07-09,ondansetrona,32.0,480.71428571428555,0.0,49.0,111
2024-07-10,ondansetrona,41.0,439.71428571428555,0.0,44.9,88
2024-07-11,ondansetrona,56.0,383.71428571428555,0.0,43.2,91
2024-07-12,ondansetrona,29.0,354.71428571428555,0.0,47.9,100
2024-07-13,ondansetrona,34.0,320.71428571428555,0.0,51.6,87
2024-07-14,ondansetrona,45.0,275.71428571428555,0.0,52.8,114
2024-07-15,ondansetrona,34.0,241.71428571428555,0.0,48.5,95
2024-07-16,ondansetrona,36.0,205.71428571428555,0.0,42.1,84
2024-07-17,ondansetrona,46.0,159.71428571428555,0.0,39.8,74
2024-07-18,ondansetrona,32.0,776.8571428571427,649.1428571428571,39.5,74
2024-07-19,ondansetrona,32.0,744.8571428571427,0.0,39.9,70
2024-07-20,ondansetrona,41.0,703.8571428571427,0.0,74.3,160
2024-07-21,ondansetrona,42.0,661.8571428571427,0.0,51.7,90
2024-07-22,ondansetrona,34.0,627.8571428571427,0.0,41.4,76
2024-07-23,ondansetrona,35.0,592.8571428571427,0.0,35.9,57
2024-07-24,ondansetrona,31.0,561.8571428571427,0.0,34.2,72
2024-07-25,ondansetrona,37.0,524.8571428571427,0.0,37.7,70
2024-07-26,ondansetrona,27.0,497.85714285714266,0.0,35.6,52
2024-07-27,ondansetrona,32.0,465.85714285714266,0.0,51.4,98
2024-07-28,ondansetrona,42.0,423.85714285714266,0.0,50.5,103
2024-07-29,ondansetrona,36.0,387.85714285714266,0.0,58.4,118
2024-07-30,ondansetrona,34.0,353.85714285714266,0.0,32.0,47
2024-07-31,ondansetrona,39.0,314.85714285714266,0.0,44.3,74
2024-08-01,ondansetrona,42.0,272.85714285714266,0.0,36.8,63
2024-08-02,ondansetrona,30.0,242.85714285714266,0.0,36.0,68
2024-08-03,ondansetrona,45.0,197.85714285714266,0.0,58.0,123
2024-08-04,ondansetrona,52.0,145.85714285714266,0.0,44.6,122
2024-08-05,ondansetrona,46.0,99.85714285714266,0.0,70.8,159
2024-08-06,ondansetrona,46.0,53.85714285714266,0.0,27.7,82
2024-08-07,ondansetrona,58.0,560.4285714285712,564.5714285714286,43.8,106
2024-08-08,ondansetrona,51.0,509.4285714285712,0.0,46.5,89
2024-08-09,ondansetrona,48.0,461.4285714285712,0.0,57.1,119
2024-08-10,ondansetrona,46.0,415.4285714285712,0.0,42.2,95
2024-08-11,ondansetrona,25.0,390.4285714285712,0.0,44.0,95
2024-08-12,ondansetrona,55.0,335.4285714285712,0.0,53.0,97
2024-08-13,ondansetrona,31.0,304.4285714285712,0.0,45.6,97
2024-08-14,ondansetrona,30.0,274.4285714285712,0.0,62.1,113
2024-08-15,ondansetrona,33.0,241.42857142857122,0.0,41.6,80
2024-08-16,ondansetrona,41.0,200.42857142857122,0.0,41.5,75
2024-08-17,ondansetrona,31.0,169.42857142857122,0.0,60.0,114
2024-08-18,ondansetrona,47.0,122.42857142857122,0.0,42.1,80
2024-08-19,ondansetrona,47.0,75.42857142857122,0.0,44.6,100
2024-08-20,ondansetrona,27.0,753.5714285714283,705.1428571428571,42.2,83
2024-08-21,ondansetrona,41.0,712.5714285714283,0.0,48.1,99
2024-08-22,ondansetrona,38.0,674.5714285714283,0.0,27.7,56
2024-08-23,ondansetrona,37.0,637.5714285714283,0.0,35.7,66
2024-08-24,ondansetrona,51.0,586.5714285714283,0.0,42.1,90
2024-08-25,ondansetrona,33.0,553.5714285714283,0.0,43.9,76
2024-08-26,ondansetrona,36.0,517.5714285714283,0.0,45.9,92
2024-08-27,ondansetrona,35.0,482.5714285714283,0.0,47.1,99
2024-08-28,ondansetrona,35.0,447.5714285714283,0.0,38.4,72
2024-08-29,ondansetrona,25.0,422.5714285714283,0.0,43.5,83
2024-08-30,ondansetrona,51.0,371.5714285714283,0.0,35.7,56
2024-08-31,ondansetrona,41.0,330.5714285714283,0.0,36.5,77
2024-09-01,ondansetrona,23.0,307.5714285714283,0.0,58.8,141
2024-09-02,ondansetrona,30.0,277.5714285714283,0.0,42.2,69
2024-09-03,ondansetrona,33.0,244.57142857142833,0.0,36.1,69
2024-09-04,ondansetrona,32.0,212.57142857142833,0.0,41.9,97
2024-09-05,ondansetrona,46.0,166.57142857142833,0.0,52.8,107
2024-09-06,ondansetrona,43.0,123.57142857142833,0.0,39.2,68
2024-09-07,ondansetrona,61.0,62.57142857142833,0.0,58.9,147
2024-09-08,ondansetrona,46.0,638.285714285714,621.7142857142857,55.8,118
2024-09-09,ondansetrona,42.0,596.285714285714,0.0,59.9,124
2024-09-10,ondansetrona,38.0,558.285714285714,0.0,43.4,81
2024-09-11,ondansetrona,45.0,513.285714285714,0.0,42.4,75
2024-09-12,ondansetrona,46.0,467.285714285714,0.0,39.8,91
2024-09-13,ondansetrona,48.0,419.285714285714,0.0,45.7,88
2024-09-14,ondansetrona,29.0,390.285714285714,0.0,46.7,98
2024-09-15,ondansetrona,50.0,340.285714285714,0.0,45.6,97
2024-09-16,ondansetrona,31.0,309.285714285714,0.0,45.4,81
2024-09-17,ondansetrona,16.0,293.285714285714,0.0,45.8,75
2024-09-18,ondansetrona,43.0,250.285714285714,0.0,42.1,61
2024-09-19,ondansetrona,38.0,212.285714285714,0.0,46.8,80
2024-09-20,ondansetrona,39.0,173.285714285714,0.0,29.6,47
2024-09-21,ondansetrona,55.0,118.285714285714,0.0,47.6,93
2024-09-22,ondansetrona,46.0,745.4285714285711,673.1428571428571,49.2,93
2024-09-23,ondansetrona,32.0,713.4285714285711,0.0,48.0,97
2024-09-24,ondansetrona,36.0,677.4285714285711,0.0,38.3,69
2024-09-25,ondansetrona,31.0,646.4285714285711,0.0,35.1,52
2024-09-26,ondansetrona,22.0,624.4285714285711,0.0,35.4,63
2024-09-27,ondansetrona,29.0,595.4285714285711,0.0,32.7,63
2024-09-28,ondansetrona,31.0,564.4285714285711,0.0,43.1,89
2024-09-29,ondansetrona,38.0,526.4285714285711,0.0,45.2,83
2024-09-30,ondansetrona,39.0,487.4285714285711,0.0,47.9,98
2024-10-01,ondansetrona,30.0,457.4285714285711,0.0,38.1,66
2024-10-02,ondansetrona,34.0,423.4285714285711,0.0,40.1,68
2024-10-03,ondansetrona,44.0,379.4285714285711,0.0,35.5,67
2024-10-04,ondansetrona,36.0,343.4285714285711,0.0,34.1,50
2024-10-05,ondansetrona,40.0,303.4285714285711,0.0,47.7,93
2024-10-06,ondansetrona,41.0,262.4285714285711,0.0,49.3,116
2024-10-07,ondansetrona,34.0,228.4285714285711,0.0,46.0,76
2024-10-08,ondansetrona,33.0,195.4285714285711,0.0,32.2,59
2024-10-09,ondansetrona,54.0,141.4285714285711,0.0,34.3,78
2024-10-10,ondansetrona,32.0,109.4285714285711,0.0,38.1,82
2024-10-11,ondansetrona,39.0,70.4285714285711,0.0,36.8,78
2024-10-12,ondansetrona,49.0,21.428571428571104,0.0,59.3,130
2024-10-13,ondansetrona,35.0,544.1428571428568,557.7142857142857,43.3,88
2024-10-14,ondansetrona,34.0,510.14285714285677,0.0,44.1,91
2024-10-15,ondansetrona,36.0,474.14285714285677,0.0,40.9,71
2024-10-16,ondansetrona,28.0,446.14285714285677,0.0,41.5,76
2024-10-17,ondansetrona,34.0,412.14285714285677,0.0,40.4,73
2024-10-18,ondansetrona,54.0,358.14285714285677,0.0,35.9,59
2024-10-19,ondansetrona,44.0,314.14285714285677,0.0,57.0,117
2024-10-20,ondansetrona,51.0,263.14285714285677,0.0,24.8,56
2024-10-21,ondansetrona,37.0,226.14285714285677,0.0,37.7,73
2024-10-22,ondansetrona,46.0,180.14285714285677,0.0,31.5,76
2024-10-23,ondansetrona,34.0,146.14285714285677,0.0,39.6,74
2024-10-24,ondansetrona,35.0,111.14285714285677,0.0,36.7,66
2024-10-25,ondansetrona,33.0,703.2857142857139,625.1428571428571,42.6,71
2024-10-26,ondansetrona,42.0,661.2857142857139,0.0,49.5,89
2024-10-27,ondansetrona,63.0,598.2857142857139,0.0,56.8,121
2024-10-28,ondansetrona,34.0,564.2857142857139,0.0,36.4,71
2024-10-29,ondansetrona,35.0,529.2857142857139,0.0,43.2,79
2024-10-30,ondansetrona,36.0,493.2857142857139,0.0,29.0,50
2024-10-31,ondansetrona,41.0,452.2857142857139,0.0,44.7,89
2024-11-01,ondansetrona,50.0,402.2857142857139,0.0,38.2,59
2024-11-02,ondansetrona,66.0,336.2857142857139,0.0,57.9,133
2024-11-03,ondansetrona,50.0,286.2857142857139,0.0,54.6,108
2024-11-04,ondansetrona,20.0,266.2857142857139,0.0,45.3,83
2024-11-05,ondansetrona,33.0,233.28571428571388,0.0,37.8,80
2024-11-06,ondansetrona,27.0,206.28571428571388,0.0,37.4,57
2024-11-07,ondansetrona,37.0,169.28571428571388,0.0,41.9,73
2024-11-08,ondansetrona,41.0,817.428571428571,689.1428571428571,41.6,79
2024-11-09,ondansetrona,42.0,775.428571428571,0.0,42.4,91
2024-11-10,ondansetrona,44.0,731.428571428571,0.0,46.9,105
2024-11-11,ondansetrona,30.0,701.428571428571,0.0,42.6,89
2024-11-12,ondansetrona,29.0,672.428571428571,0.0,46.2,87
2024-11-13,ondansetrona,14.0,658.428571428571,0.0,24.1,41
2024-11-14,ondansetrona,27.0,631.428571428571,0.0,40.9,73
2024-11-15,ondansetrona,31.0,600.428571428571,0.0,39.8,89
2024-11-16,ondansetrona,33.0,567.428571428571,0.0,48.1,101
2024-11-17,ondansetrona,26.0,541.428571428571,0.0,53.9,114
2024-11-18,ondansetrona,36.0,505.428571428571,0.0,61.2,108
2024-11-19,ondansetrona,30.0,475.428571428571,0.0,28.0,57
2024-11-20,ondansetrona,46.0,429.428571428571,0.0,61.8,121
2024-11-21,ondansetrona,38.0,391.428571428571,0.0,42.9,82
2024-11-22,ondansetrona,36.0,355.428571428571,0.0,29.6,41
2024-11-23,ondansetrona,36.0,319.428571428571,0.0,54.0,114
2024-11-24,ondansetrona,53.0,266.428571428571,0.0,40.6,72
2024-11-25,ondansetrona,37.0,229.428571428571,0.0,34.7,62
2024-11-26,ondansetrona,27.0,202.428571428571,0.0,45.0,73
2024-11-27,ondansetrona,35.0,167.428571428571,0.0,39.1,78
2024-11-28,ondansetrona,35.0,132.428571428571,0.0,38.8,59
2024-11-29,ondansetrona,37.0,95.42857142857099,0.0,29.9,54
2024-11-30,ondansetrona,38.0,57.42857142857099,0.0,42.0,82
2024-12-01,ondansetrona,32.0,25.42857142857099,0.0,38.7,84
2024-12-02,ondansetrona,23.0,533.8571428571424,531.4285714285714,36.1,59
2024-12-03,ondansetrona,34.0,499.85714285714243,0.0,50.9,90
2024-12-04,ondansetrona,32.0,467.85714285714243,0.0,43.0,85
2024-12-05,ondansetrona,30.0,437.85714285714243,0.0,37.3,70
2024-12-06,ondansetrona,45.0,392.85714285714243,0.0,28.7,56
2024-12-07,ondansetrona,46.0,346.85714285714243,0.0,45.2,93
2024-12-08,ondansetrona,47.0,299.85714285714243,0.0,48.2,117
2024-12-09,ondansetrona,36.0,263.85714285714243,0.0,42.8,94
2024-12-10,ondansetrona,49.0,214.85714285714243,0.0,51.6,106
2024-12-11,ondansetrona,26.0,188.85714285714243,0.0,30.1,32
2024-12-12,ondansetrona,30.0,158.85714285714243,0.0,40.9,46
2024-12-13,ondansetrona,34.0,124.85714285714243,0.0,39.6,81
2024-12-14,ondansetrona,35.0,89.85714285714243,0.0,42.8,67
2024-12-15,ondansetrona,31.0,627.9999999999995,569.1428571428571,52.7,109
2024-12-16,ondansetrona,45.0,582.9999999999995,0.0,40.6,79
2024-12-17,ondansetrona,36.0,546.9999999999995,0.0,38.8,67
2024-12-18,ondansetrona,29.0,517.9999999999995,0.0,36.2,64
2024-12-19,ondansetrona,39.0,478.99999999999955,0.0,35.7,62
2024-12-20,ondansetrona,24.0,454.99999999999955,0.0,34.4,64
2024-12-21,ondansetrona,35.0,419.99999999999955,0.0,43.7,102
2024-12-22,ondansetrona,34.0,385.99999999999955,0.0,42.4,100
2024-12-23,ondansetrona,38.0,347.99999999999955,0.0,45.3,83
2024-12-24,ondansetrona,34.0,313.99999999999955,0.0,35.2,65
2024-12-25,ondansetrona,31.0,282.99999999999955,0.0,38.5,78
2024-12-26,ondansetrona,34.0,248.99999999999955,0.0,32.9,55
2024-12-27,ondansetrona,36.0,212.99999999999955,0.0,45.1,81
2024-12-28,ondansetrona,61.0,151.99999999999955,0.0,53.9,113
2024-12-29,ondansetrona,48.0,103.99999999999955,0.0,38.3,78
2024-12-30,ondansetrona,36.0,67.99999999999955,0.0,51.0,93
2024-12-31,ondansetrona,50.0,17.999999999999545,0.0,43.7,68
2025-01-01,ondansetrona,32.0,528.8571428571424,542.8571428571429,50.9,101
2025-01-02,ondansetrona,33.0,495.85714285714243,0.0,43.7,75
2025-01-03,ondansetrona,48.0,447.85714285714243,0.0,45.2,76
2025-01-04,ondansetrona,42.0,405.85714285714243,0.0,50.7,93
2025-01-05,ondansetrona,44.0,361.85714285714243,0.0,49.6,96
2025-01-06,ondansetrona,33.0,328.85714285714243,0.0,49.6,96
2025-01-07,ondansetrona,33.0,295.85714285714243,0.0,44.7,83
2025-01-08,ondansetrona,32.0,263.85714285714243,0.0,36.2,77
2025-01-09,ondansetrona,52.0,211.85714285714243,0.0,41.2,71
2025-01-10,ondansetrona,46.0,165.85714285714243,0.0,46.3,109
2025-01-11,ondansetrona,40.0,773.8571428571424,648.0,40.9,87
2025-01-12,ondansetrona,39.0,734.8571428571424,0.0,41.6,65
2025-01-13,ondansetrona,43.0,691.8571428571424,0.0,60.7,125
2025-01-14,ondansetrona,30.0,661.8571428571424,0.0,39.8,58
2025-01-15,ondansetrona,33.0,628.8571428571424,0.0,29.7,49
2025-01-16,ondansetrona,34.0,594.8571428571424,0.0,34.9,74
2025-01-17,ondansetrona,32.0,562.8571428571424,0.0,31.9,55
2025-01-18,ondansetrona,52.0,510.85714285714243,0.0,39.9,74
2025-01-19,ondansetrona,34.0,476.85714285714243,0.0,33.2,55
2025-01-20,ondansetrona,40.0,436.85714285714243,0.0,50.0,91
2025-01-21,ondansetrona,37.0,399.85714285714243,0.0,34.5,64
2025-01-22,ondansetrona,36.0,363.85714285714243,0.0,43.3,81
2025-01-23,ondansetrona,30.0,333.85714285714243,0.0,37.3,79
2025-01-24,ondansetrona,33.0,300.85714285714243,0.0,34.6,55
2025-01-25,ondansetrona,48.0,252.85714285714243,0.0,43.4,85
2025-01-26,ondansetrona,36.0,216.85714285714243,0.0,43.8,95
2025-01-27,ondansetrona,30.0,186.85714285714243,0.0,37.5,71
2025-01-28,ondansetrona,40.0,146.85714285714243,0.0,40.2,78
2025-01-29,ondansetrona,35.0,712.9999999999995,601.1428571428571,41.9,84
2025-01-30,ondansetrona,29.0,683.9999999999995,0.0,36.4,45
2025-01-31,ondansetrona,31.0,652.9999999999995,0.0,40.5,78
2025-02-01,ondansetrona,28.0,624.9999999999995,0.0,43.4,88
2025-02-02,ondansetrona,43.0,581.9999999999995,0.0,40.5,101
2025-02-03,ondansetrona,43.0,538.9999999999995,0.0,33.1,66
2025-02-04,ondansetrona,48.0,490.99999999999955,0.0,37.0,70
2025-02-05,ondansetrona,40.0,450.99999999999955,0.0,38.5,79
2025-02-06,ondansetrona,40.0,410.99999999999955,0.0,52.0,94
2025-02-07,ondansetrona,43.0,367.99999999999955,0.0,30.8,51
2025-02-08,ondansetrona,38.0,329.99999999999955,0.0,58.3,113
2025-02-09,ondansetrona,37.0,292.99999999999955,0.0,47.4,96
2025-02-10,ondansetrona,40.0,252.99999999999955,0.0,46.6,94
2025-02-11,ondansetrona,35.0,217.99999999999955,0.0,41.6,81
2025-02-12,ondansetrona,28.0,189.99999999999955,0.0,30.4,48
2025-02-13,ondansetrona,36.0,153.99999999999955,0.0,36.9,47
2025-02-14,ondansetrona,30.0,722.8571428571424,598.8571428571429,25.0,59
2025-02-15,ondansetrona,28.0,694.8571428571424,0.0,26.9,61
2025-02-16,ondansetrona,35.0,659.8571428571424,0.0,36.3,71
2025-02-17,ondansetrona,38.0,621.8571428571424,0.0,50.4,105
2025-02-18,ondansetrona,29.0,592.8571428571424,0.0,32.1,45
2025-02-19,ondansetrona,40.0,552.8571428571424,0.0,45.6,86
2025-02-20,ondansetrona,42.0,510.85714285714243,0.0,35.5,67
2025-02-21,ondansetrona,31.0,479.85714285714243,0.0,43.6,74
2025-02-22,ondansetrona,28.0,451.85714285714243,0.0,47.1,84
2025-02-23,ondansetrona,44.0,407.85714285714243,0.0,56.3,120
2025-02-24,ondansetrona,44.0,363.85714285714243,0.0,46.8,84
2025-02-25,ondansetrona,46.0,317.85714285714243,0.0,28.0,38
2025-02-26,ondansetrona,30.0,287.85714285714243,0.0,26.7,44
2025-02-27,ondansetrona,39.0,248.85714285714243,0.0,39.8,67
2025-02-28,ondansetrona,37.0,211.85714285714243,0.0,39.9,74
2025-03-01,ondansetrona,39.0,172.85714285714243,0.0,46.1,93
2025-03-02,ondansetrona,29.0,143.85714285714243,0.0,58.7,112
2025-03-03,ondansetrona,34.0,109.85714285714243,0.0,42.3,110
2025-03-04,ondansetrona,34.0,646.1428571428568,570.2857142857143,26.1,52
2025-03-05,ondansetrona,43.0,603.1428571428568,0.0,31.9,66
2025-03-06,ondansetrona,41.0,562.1428571428568,0.0,28.9,48
2025-03-07,ondansetrona,27.0,535.1428571428568,0.0,33.6,60
2025-03-08,ondansetrona,46.0,489.14285714285677,0.0,44.7,106
2025-03-09,ondansetrona,34.0,455.14285714285677,0.0,36.2,76
2025-03-10,ondansetrona,29.0,426.14285714285677,0.0,50.4,115
2025-03-11,ondansetrona,25.0,401.14285714285677,0.0,45.8,64
2025-03-12,ondansetrona,30.0,371.14285714285677,0.0,39.7,54
2025-03-13,ondansetrona,42.0,329.14285714285677,0.0,41.3,84
2025-03-14,ondansetrona,34.0,295.14285714285677,0.0,38.7,76
2025-03-15,ondansetrona,50.0,245.14285714285677,0.0,46.1,106
2025-03-16,ondansetrona,50.0,195.14285714285677,0.0,53.6,136
2025-03-17,ondansetrona,54.0,141.14285714285677,0.0,50.6,107
2025-03-18,ondansetrona,45.0,96.14285714285677,0.0,41.1,90
2025-03-19,ondansetrona,50.0,46.14285714285677,0.0,46.9,96
2025-03-20,ondansetrona,42.0,4.142857142856769,0.0,28.9,62
2025-03-21,ondansetrona,30.0,0.0,0.0,28.4,51
2025-03-22,ondansetrona,34.0,522.5714285714286,556.5714285714286,51.3,106
2025-03-23,ondansetrona,47.0,475.57142857142856,0.0,46.9,91
2025-03-24,ondansetrona,56.0,419.57142857142856,0.0,46.4,89
2025-03-25,ondansetrona,39.0,380.57142857142856,0.0,36.3,80
2025-03-26,ondansetrona,36.0,344.57142857142856,0.0,39.4,64
2025-03-27,ondansetrona,37.0,307.57142857142856,0.0,43.6,95
2025-03-28,ondansetrona,38.0,269.57142857142856,0.0,50.8,99
2025-03-29,ondansetrona,37.0,232.57142857142856,0.0,54.8,118
2025-03-30,ondansetrona,50.0,182.57142857142856,0.0,44.1,103
2025-03-31,ondansetrona,35.0,147.57142857142856,0.0,43.1,88
2025-04-01,ondansetrona,57.0,779.7142857142857,689.1428571428571,45.2,86
2025-04-02,ondansetrona,42.0,737.7142857142857,0.0,38.1,63
2025-04-03,ondansetrona,30.0,707.7142857142857,0.0,43.1,86
2025-04-04,ondansetrona,28.0,679.7142857142857,0.0,48.4,82
2025-04-05,ondansetrona,36.0,643.7142857142857,0.0,50.9,95
2025-04-06,ondansetrona,40.0,603.7142857142857,0.0,47.9,101
2025-04-07,ondansetrona,40.0,563.7142857142857,0.0,53.7,106
2025-04-08,ondansetrona,39.0,524.7142857142857,0.0,51.4,86
2025-04-09,ondansetrona,35.0,489.71428571428567,0.0,45.6,69
2025-04-10,ondansetrona,35.0,454.71428571428567,0.0,29.3,59
2025-04-11,ondansetrona,41.0,413.71428571428567,0.0,43.5,96
2025-04-12,ondansetrona,42.0,371.71428571428567,0.0,66.1,133
2025-04-13,ondansetrona,53.0,318.71428571428567,0.0,55.6,132
2025-04-14,ondansetrona,55.0,263.71428571428567,0.0,40.5,92
2025-04-15,ondansetrona,42.0,221.71428571428567,0.0,41.0,84
2025-04-16,ondansetrona,46.0,175.71428571428567,0.0,48.2,94
2025-04-17,ondansetrona,40.0,135.71428571428567,0.0,42.9,85
2025-04-18,ondansetrona,61.0,74.71428571428567,0.0,54.7,125
2025-04-19,ondansetrona,43.0,663.7142857142857,632.0,53.6,122
2025-04-20,ondansetrona,50.0,613.7142857142857,0.0,52.7,120
2025-04-21,ondansetrona,66.0,547.7142857142857,0.0,73.8,182
2025-04-22,ondansetrona,44.0,503.71428571428567,0.0,50.4,79
2025-04-23,ondansetrona,31.0,472.71428571428567,0.0,43.5,82
2025-04-24,ondansetrona,31.0,441.71428571428567,0.0,65.4,138
2025-04-25,ondansetrona,40.0,401.71428571428567,0.0,42.8,89
2025-04-26,ondansetrona,57.0,344.71428571428567,0.0,62.2,141
2025-04-27,ondansetrona,48.0,296.71428571428567,0.0,48.2,107
2025-04-28,ondansetrona,33.0,263.71428571428567,0.0,32.7,85
2025-04-29,ondansetrona,42.0,221.71428571428567,0.0,27.3,55
2025-04-30,ondansetrona,42.0,179.71428571428567,0.0,33.3,77
2025-05-01,ondansetrona,42.0,873.7142857142857,736.0,42.4,108
2025-05-02,ondansetrona,41.0,832.7142857142857,0.0,32.6,68
2025-05-03,ondansetrona,54.0,778.7142857142857,0.0,54.2,101
2025-05-04,ondansetrona,51.0,727.7142857142857,0.0,56.1,122
2025-05-05,ondansetrona,35.0,692.7142857142857,0.0,53.1,98
2025-05-06,ondansetrona,38.0,654.7142857142857,0.0,45.3,86
2025-05-07,ondansetrona,47.0,607.7142857142857,0.0,43.0,75
2025-05-08,ondansetrona,39.0,568.7142857142857,0.0,32.7,65
2025-05-09,ondansetrona,32.0,536.7142857142857,0.0,37.7,63
2025-05-10,ondansetrona,43.0,493.71428571428567,0.0,54.7,109
2025-05-11,ondansetrona,59.0,434.71428571428567,0.0,47.0,102
2025-05-12,ondansetrona,33.0,401.71428571428567,0.0,38.9,66
2025-05-13,ondansetrona,35.0,366.71428571428567,0.0,38.3,64
2025-05-14,ondansetrona,42.0,324.71428571428567,0.0,40.1,82
2025-05-15,ondansetrona,37.0,287.71428571428567,0.0,46.5,107
2025-05-16,ondansetrona,41.0,246.71428571428567,0.0,45.3,104
2025-05-17,ondansetrona,35.0,211.71428571428567,0.0,53.5,113
2025-05-18,ondansetrona,37.0,174.71428571428567,0.0,49.5,99
2025-05-19,ondansetrona,36.0,138.71428571428567,0.0,30.0,56
2025-05-20,ondansetrona,36.0,778.1428571428571,675.4285714285714,48.3,99
2025-05-21,ondansetrona,30.0,748.1428571428571,0.0,52.3,104
2025-05-22,ondansetrona,32.0,716.1428571428571,0.0,40.2,69
2025-05-23,ondansetrona,39.0,677.1428571428571,0.0,52.7,94
2025-05-24,ondansetrona,44.0,633.1428571428571,0.0,62.1,124
2025-05-25,ondansetrona,29.0,604.1428571428571,0.0,44.2,99
2025-05-26,ondansetrona,46.0,558.1428571428571,0.0,47.3,77
2025-05-27,ondansetrona,35.0,523.1428571428571,0.0,40.5,83
2025-05-28,ondansetrona,34.0,489.1428571428571,0.0,44.0,75
2025-05-29,ondansetrona,48.0,441.1428571428571,0.0,50.3,104
2025-05-30,ondansetrona,35.0,406.1428571428571,0.0,51.8,114
2025-05-31,ondansetrona,41.0,365.1428571428571,0.0,45.9,113
2025-06-01,ondansetrona,29.0,336.1428571428571,0.0,52.5,113
2025-06-02,ondansetrona,66.0,270.1428571428571,0.0,45.5,109
2025-06-03,ondansetrona,30.0,240.1428571428571,0.0,57.4,114
2025-06-04,ondansetrona,37.0,203.1428571428571,0.0,54.0,98
2025-06-05,ondansetrona,33.0,170.1428571428571,0.0,38.4,80
2025-06-06,ondansetrona,36.0,134.1428571428571,0.0,51.9,106
2025-06-07,ondansetrona,38.0,96.14285714285711,0.0,50.6,114
2025-06-08,ondansetrona,43.0,53.14285714285711,0.0,59.4,138
2025-06-09,ondansetrona,40.0,634.8571428571428,621.7142857142857,46.1,84
2025-06-10,ondansetrona,38.0,596.8571428571428,0.0,48.4,100
2025-06-11,ondansetrona,37.0,559.8571428571428,0.0,42.2,62
2025-06-12,ondansetrona,36.0,523.8571428571428,0.0,40.4,82
2025-06-13,ondansetrona,33.0,490.8571428571428,0.0,50.8,95
2025-06-14,ondansetrona,45.0,445.8571428571428,0.0,53.9,114
2025-06-15,ondansetrona,27.0,418.8571428571428,0.0,53.5,105
2025-06-16,ondansetrona,41.0,377.8571428571428,0.0,42.6,88
2025-06-17,ondansetrona,44.0,333.8571428571428,0.0,37.9,70
2025-06-18,ondansetrona,34.0,299.8571428571428,0.0,39.7,76
2025-06-19,ondansetrona,36.0,263.8571428571428,0.0,37.9,79
2025-06-20,ondansetrona,61.0,202.85714285714278,0.0,43.5,78
2025-06-21,ondansetrona,52.0,150.85714285714278,0.0,60.6,127
2025-06-22,ondansetrona,36.0,114.85714285714278,0.0,44.3,81
2025-06-23,ondansetrona,40.0,74.85714285714278,0.0,53.0,95
2025-06-24,ondansetrona,52.0,22.857142857142776,0.0,35.5,46
2025-06-25,ondansetrona,41.0,585.2857142857142,603.4285714285714,35.2,66
2025-06-26,ondansetrona,33.0,552.2857142857142,0.0,37.5,64
2025-06-27,ondansetrona,29.0,523.2857142857142,0.0,40.1,83
2025-06-28,ondansetrona,28.0,495.2857142857142,0.0,50.4,105
2025-06-29,ondansetrona,27.0,468.2857142857142,0.0,45.5,98
2025-06-30,ondansetrona,63.0,405.2857142857142,0.0,53.7,96
2025-07-01,ondansetrona,44.0,361.2857142857142,0.0,43.0,80
2025-07-02,ondansetrona,61.0,300.2857142857142,0.0,39.3,76
2025-07-03,ondansetrona,34.0,266.2857142857142,0.0,42.9,70
2025-07-04,ondansetrona,22.0,244.28571428571422,0.0,35.7,88
2025-07-05,ondansetrona,29.0,215.28571428571422,0.0,43.0,107
2025-07-06,ondansetrona,41.0,174.28571428571422,0.0,51.1,98
2025-07-07,ondansetrona,37.0,137.28571428571422,0.0,54.1,115
2025-07-08,ondansetrona,39.0,756.5714285714286,658.2857142857143,42.6,80
2025-07-09,ondansetrona,49.0,707.5714285714286,0.0,32.4,69
2025-07-10,ondansetrona,34.0,673.5714285714286,0.0,36.9,67
2025-07-11,ondansetrona,29.0,644.5714285714286,0.0,45.4,68
2025-07-12,ondansetrona,30.0,614.5714285714286,0.0,43.8,77
2025-07-13,ondansetrona,37.0,577.5714285714286,0.0,54.2,114
2025-07-14,ondansetrona,21.0,556.5714285714286,0.0,39.8,80
2025-07-15,ondansetrona,35.0,521.5714285714286,0.0,38.3,75
2025-07-16,ondansetrona,36.0,485.57142857142856,0.0,36.2,89
2025-07-17,ondansetrona,40.0,445.57142857142856,0.0,36.3,62
2025-07-18,ondansetrona,46.0,399.57142857142856,0.0,48.8,91
2025-07-19,ondansetrona,43.0,356.57142857142856,0.0,51.7,127
2025-07-20,ondansetrona,39.0,317.57142857142856,0.0,47.7,105
2025-07-21,ondansetrona,26.0,291.57142857142856,0.0,38.7,85
2025-07-22,ondansetrona,37.0,254.57142857142856,0.0,38.8,83
2025-07-23,ondansetrona,37.0,217.57142857142856,0.0,46.0,92
2025-07-24,ondansetrona,43.0,174.57142857142856,0.0,20.7,44
2025-07-25,ondansetrona,32.0,142.57142857142856,0.0,39.1,66
2025-07-26,ondansetrona,55.0,87.57142857142856,0.0,59.3,122
2025-07-27,ondansetrona,32.0,55.571428571428555,0.0,48.3,102
2025-07-28,ondansetrona,36.0,608.1428571428571,588.5714285714286,40.8,106
2025-07-29,ondansetrona,31.0,577.1428571428571,0.0,31.7,63
2025-07-30,ondansetrona,29.0,548.1428571428571,0.0,50.0,90
2025-07-31,ondansetrona,37.0,511.1428571428571,0.0,31.5,83
2025-08-01,ondansetrona,40.0,471.1428571428571,0.0,31.1,54
2025-08-02,ondansetrona,35.0,436.1428571428571,0.0,49.8,117
2025-08-03,ondansetrona,50.0,386.1428571428571,0.0,37.8,60
2025-08-04,ondansetrona,46.0,340.1428571428571,0.0,41.7,88
2025-08-05,ondansetrona,51.0,289.1428571428571,0.0,57.6,121
2025-08-06,ondansetrona,33.0,256.1428571428571,0.0,37.6,62
2025-08-07,ondansetrona,40.0,216.1428571428571,0.0,52.8,91
2025-08-08,ondansetrona,39.0,177.1428571428571,0.0,39.4,76
2025-08-09,ondansetrona,29.0,148.1428571428571,0.0,43.8,82
2025-08-10,ondansetrona,41.0,107.14285714285711,0.0,42.3,99
2025-08-11,ondansetrona,46.0,61.14285714285711,0.0,52.3,97
2025-08-12,ondansetrona,52.0,626.2857142857142,617.1428571428571,44.1,96
2025-08-13,ondansetrona,17.0,609.2857142857142,0.0,27.8,47
2025-08-14,ondansetrona,28.0,581.2857142857142,0.0,49.9,104
2025-08-15,ondansetrona,35.0,546.2857142857142,0.0,44.4,106
2025-08-16,ondansetrona,48.0,498.2857142857142,0.0,52.3,108
2025-08-17,ondansetrona,41.0,457.2857142857142,0.0,51.8,98
2025-08-18,ondansetrona,43.0,414.2857142857142,0.0,55.7,117
2025-08-19,ondansetrona,24.0,390.2857142857142,0.0,30.3,66
2025-08-20,ondansetrona,40.0,350.2857142857142,0.0,47.7,99
2025-08-21,ondansetrona,38.0,312.2857142857142,0.0,52.6,103
2025-08-22,ondansetrona,27.0,285.2857142857142,0.0,28.5,64
2025-08-23,ondansetrona,47.0,238.28571428571422,0.0,54.8,130
2025-08-24,ondansetrona,42.0,196.28571428571422,0.0,46.5,84
2025-08-25,ondansetrona,42.0,154.28571428571422,0.0,52.5,108
2025-08-26,ondansetrona,23.0,131.28571428571422,0.0,39.4,69
2025-08-27,ondansetrona,31.0,695.7142857142857,595.4285714285714,42.4,61
2025-08-28,ondansetrona,32.0,663.7142857142857,0.0,40.0,70
2025-08-29,ondansetrona,50.0,613.7142857142857,0.0,49.5,95
2025-08-30,ondansetrona,60.0,553.7142857142857,0.0,64.0,113
2025-08-31,ondansetrona,29.0,524.7142857142857,0.0,43.9,89
2025-09-01,ondansetrona,46.0,478.71428571428567,0.0,52.4,120
2025-09-02,ondansetrona,33.0,445.71428571428567,0.0,40.5,72
2025-09-03,ondansetrona,34.0,411.71428571428567,0.0,41.2,74
2025-09-04,ondansetrona,30.0,381.71428571428567,0.0,36.0,70
2025-09-05,ondansetrona,27.0,354.71428571428567,0.0,42.4,94
2025-09-06,ondansetrona,40.0,314.71428571428567,0.0,58.5,102
2025-09-07,ondansetrona,33.0,281.71428571428567,0.0,68.8,154
2025-09-08,ondansetrona,46.0,235.71428571428567,0.0,47.1,104
2025-09-09,ondansetrona,48.0,187.71428571428567,0.0,43.9,76
2025-09-10,ondansetrona,42.0,145.71428571428567,0.0,38.4,72
2025-09-11,ondansetrona,42.0,103.71428571428567,0.0,44.1,90
2025-09-12,ondansetrona,43.0,60.714285714285666,0.0,41.0,72
2025-09-13,ondansetrona,56.0,4.714285714285666,0.0,41.7,95
2025-09-14,ondansetrona,33.0,564.8571428571428,593.1428571428571,53.5,110
2025-09-15,ondansetrona,32.0,532.8571428571428,0.0,44.3,66
2025-09-16,ondansetrona,30.0,502.8571428571428,0.0,39.6,69
2025-09-17,ondansetrona,46.0,456.8571428571428,0.0,33.8,62
2025-09-18,ondansetrona,29.0,427.8571428571428,0.0,38.9,78
2025-09-19,ondansetrona,40.0,387.8571428571428,0.0,38.9,77
2025-09-20,ondansetrona,41.0,346.8571428571428,0.0,47.2,99
2025-09-21,ondansetrona,60.0,286.8571428571428,0.0,42.2,86
2025-09-22,ondansetrona,43.0,243.85714285714278,0.0,53.0,102
2025-09-23,ondansetrona,39.0,204.85714285714278,0.0,42.4,102
2025-09-24,ondansetrona,45.0,159.85714285714278,0.0,46.4,84
2025-09-25,ondansetrona,30.0,129.85714285714278,0.0,32.7,59
2025-09-26,ondansetrona,37.0,733.9999999999999,641.1428571428571,45.5,87
2025-09-27,ondansetrona,35.0,698.9999999999999,0.0,45.5,104
2025-09-28,ondansetrona,35.0,663.9999999999999,0.0,56.4,107
2025-09-29,ondansetrona,33.0,630.9999999999999,0.0,39.6,60
2025-09-30,ondansetrona,35.0,595.9999999999999,0.0,48.9,90
2025-10-01,ondansetrona,26.0,569.9999999999999,0.0,41.8,98
2025-10-02,ondansetrona,36.0,533.9999999999999,0.0,40.0,66
2025-10-03,ondansetrona,31.0,502.9999999999999,0.0,49.5,98
2025-10-04,ondansetrona,38.0,464.9999999999999,0.0,60.7,153
2025-10-05,ondansetrona,46.0,418.9999999999999,0.0,49.2,102
2025-10-06,ondansetrona,32.0,386.9999999999999,0.0,42.3,78
2025-10-07,ondansetrona,43.0,343.9999999999999,0.0,40.0,69
2025-10-08,ondansetrona,38.0,305.9999999999999,0.0,52.4,109
2025-10-09,ondansetrona,29.0,276.9999999999999,0.0,38.6,68
2025-10-10,ondansetrona,41.0,235.9999999999999,0.0,35.6,46
2025-10-11,ondansetrona,55.0,180.9999999999999,0.0,60.5,120
2025-10-12,ondansetrona,51.0,129.9999999999999,0.0,68.6,190
2025-10-13,ondansetrona,45.0,84.99999999999989,0.0,48.0,102
2025-10-14,ondansetrona,48.0,36.999999999999886,0.0,55.3,121
2025-10-15,ondansetrona,34.0,568.7142857142856,565.7142857142857,26.5,57
2025-10-16,ondansetrona,37.0,531.7142857142856,0.0,51.4,107
2025-10-17,ondansetrona,38.0,493.71428571428555,0.0,46.6,80
2025-10-18,ondansetrona,37.0,456.71428571428555,0.0,42.1,94
2025-10-19,ondansetrona,49.0,407.71428571428555,0.0,49.9,100
2025-10-20,ondansetrona,49.0,358.71428571428555,0.0,51.9,120
2025-10-21,ondansetrona,45.0,313.71428571428555,0.0,36.8,74
2025-10-22,ondansetrona,29.0,284.71428571428555,0.0,39.8,58
2025-10-23,ondansetrona,35.0,249.71428571428555,0.0,38.0,76
2025-10-24,ondansetrona,29.0,220.71428571428555,0.0,42.7,78
2025-10-25,ondansetrona,40.0,180.71428571428555,0.0,49.5,124
2025-10-26,ondansetrona,43.0,816.5714285714284,678.8571428571429,60.6,113
2025-10-27,ondansetrona,45.0,771.5714285714284,0.0,42.3,75
2025-10-28,ondansetrona,43.0,728.5714285714284,0.0,29.0,46
2025-10-29,ondansetrona,37.0,691.5714285714284,0.0,45.6,85
2025-10-30,ondansetrona,40.0,651.5714285714284,0.0,29.3,61
2025-10-31,ondansetrona,44.0,607.5714285714284,0.0,41.8,67
2025-11-01,ondansetrona,45.0,562.5714285714284,0.0,50.8,110
2025-11-02,ondansetrona,52.0,510.57142857142844,0.0,61.1,138
2025-11-03,ondansetrona,44.0,466.57142857142844,0.0,32.3,59
2025-11-04,ondansetrona,46.0,420.57142857142844,0.0,33.7,64
2025-11-05,ondansetrona,24.0,396.57142857142844,0.0,47.2,88
2025-11-06,ondansetrona,31.0,365.57142857142844,0.0,40.5,74
2025-11-07,ondansetrona,55.0,310.57142857142844,0.0,56.8,116
2025-11-08,ondansetrona,48.0,262.57142857142844,0.0,51.4,108
2025-11-09,ondansetrona,52.0,210.57142857142844,0.0,58.3,122
2025-11-10,ondansetrona,42.0,168.57142857142844,0.0,36.4,70
2025-11-11,ondansetrona,39.0,129.57142857142844,0.0,54.0,90
2025-11-12,ondansetrona,29.0,100.57142857142844,0.0,31.8,70
2025-11-13,ondansetrona,24.0,749.7142857142856,673.1428571428571,59.2,116
2025-11-14,ondansetrona,41.0,708.7142857142856,0.0,41.5,64
2025-11-15,ondansetrona,53.0,655.7142857142856,0.0,58.1,137
2025-11-16,ondansetrona,37.0,618.7142857142856,0.0,53.3,88
2025-11-17,ondansetrona,41.0,577.7142857142856,0.0,56.1,110
2025-11-18,ondansetrona,37.0,540.7142857142856,0.0,40.2,65
2025-11-19,ondansetrona,28.0,512.7142857142856,0.0,37.2,67
2025-11-20,ondansetrona,27.0,485.71428571428555,0.0,48.8,103
2025-11-21,ondansetrona,22.0,463.71428571428555,0.0,42.5,85
2025-11-22,ondansetrona,41.0,422.71428571428555,0.0,49.8,99
2025-11-23,ondansetrona,45.0,377.71428571428555,0.0,54.9,102
2025-11-24,ondansetrona,37.0,340.71428571428555,0.0,37.1,65
2025-11-25,ondansetrona,29.0,311.71428571428555,0.0,26.7,48
2025-11-26,ondansetrona,33.0,278.71428571428555,0.0,39.6,65
2025-11-27,ondansetrona,37.0,241.71428571428555,0.0,35.5,52
2025-11-28,ondansetrona,31.0,210.71428571428555,0.0,26.7,30
2025-11-29,ondansetrona,35.0,175.71428571428555,0.0,47.7,89
2025-11-30,ondansetrona,50.0,125.71428571428555,0.0,53.8,118
2025-12-01,ondansetrona,24.0,101.71428571428555,0.0,44.5,99
2025-12-02,ondansetrona,35.0,627.8571428571427,561.1428571428571,33.9,68
2025-12-03,ondansetrona,35.0,592.8571428571427,0.0,28.7,62
2025-12-04,ondansetrona,32.0,560.8571428571427,0.0,48.8,98
2025-12-05,ondansetrona,30.0,530.8571428571427,0.0,47.6,98
2025-12-06,ondansetrona,38.0,492.85714285714266,0.0,38.4,76
2025-12-07,ondansetrona,30.0,462.85714285714266,0.0,36.8,100
2025-12-08,ondansetrona,38.0,424.85714285714266,0.0,46.1,107
2025-12-09,ondansetrona,30.0,394.85714285714266,0.0,41.2,66
2025-12-10,ondansetrona,36.0,358.85714285714266,0.0,43.8,94
2025-12-11,ondansetrona,37.0,321.85714285714266,0.0,43.4,81
2025-12-12,ondansetrona,37.0,284.85714285714266,0.0,32.5,70
2025-12-13,ondansetrona,39.0,245.85714285714266,0.0,47.3,80
2025-12-14,ondansetrona,31.0,214.85714285714266,0.0,44.2,89
2025-12-15,ondansetrona,31.0,183.85714285714266,0.0,34.0,55
2025-12-16,ondansetrona,42.0,141.85714285714266,0.0,41.8,54
2025-12-17,ondansetrona,30.0,111.85714285714266,0.0,38.9,55
2025-12-18,ondansetrona,32.0,636.4285714285712,556.5714285714286,36.9,70
2025-12-19,ondansetrona,28.0,608.4285714285712,0.0,37.1,74
2025-12-20,ondansetrona,43.0,565.4285714285712,0.0,43.4,89
2025-12-21,ondansetrona,43.0,522.4285714285712,0.0,48.9,95
2025-12-22,ondansetrona,37.0,485.4285714285712,0.0,49.2,103
2025-12-23,ondansetrona,34.0,451.4285714285712,0.0,29.2,49
2025-12-24,ondansetrona,32.0,419.4285714285712,0.0,38.0,53
2025-12-25,ondansetrona,45.0,374.4285714285712,0.0,53.7,116
2025-12-26,ondansetrona,33.0,341.4285714285712,0.0,52.2,84
2025-12-27,ondansetrona,45.0,296.4285714285712,0.0,40.9,77
2025-12-28,ondansetrona,48.0,248.42857142857122,0.0,62.0,118
2025-12-29,ondansetrona,34.0,214.42857142857122,0.0,38.5,67
2025-12-30,ondansetrona,40.0,174.42857142857122,0.0,36.0,53
2025-12-31,ondansetrona,43.0,131.42857142857122,0.0,36.6,74
2024-01-01,metoclopramida,47.0,705.0,0.0,52.7,111
2024-01-02,metoclopramida,50.0,655.0,0.0,33.6,51
2024-01-03,metoclopramida,52.0,603.0,0.0,34.2,61
2024-01-04,metoclopramida,31.0,572.0,0.0,32.6,51
2024-01-05,metoclopramida,43.0,529.0,0.0,24.7,30
2024-01-06,metoclopramida,46.0,483.0,0.0,41.6,71
2024-01-07,metoclopramida,56.0,427.0,0.0,51.5,99
2024-01-08,metoclopramida,39.0,388.0,0.0,29.9,65
2024-01-09,metoclopramida,23.0,365.0,0.0,20.0,44
2024-01-10,metoclopramida,47.0,318.0,0.0,37.5,57
2024-01-11,metoclopramida,45.0,273.0,0.0,49.8,90
2024-01-12,metoclopramida,51.0,222.0,0.0,37.9,81
2024-01-13,metoclopramida,49.0,173.0,0.0,34.2,80
2024-01-14,metoclopramida,51.0,122.0,0.0,43.7,85
2024-01-15,metoclopramida,52.0,798.0,728.0,38.7,61
2024-01-16,metoclopramida,38.0,760.0,0.0,33.7,37
2024-01-17,metoclopramida,41.0,719.0,0.0,32.8,49
2024-01-18,metoclopramida,44.0,675.0,0.0,28.6,47
2024-01-19,metoclopramida,45.0,630.0,0.0,26.8,48
2024-01-20,metoclopramida,49.0,581.0,0.0,39.9,75
2024-01-21,metoclopramida,62.0,519.0,0.0,40.7,81
2024-01-22,metoclopramida,38.0,481.0,0.0,22.5,37
2024-01-23,metoclopramida,35.0,446.0,0.0,38.6,48
2024-01-24,metoclopramida,45.0,401.0,0.0,36.8,46
2024-01-25,metoclopramida,38.0,363.0,0.0,33.2,43
2024-01-26,metoclopramida,44.0,319.0,0.0,26.7,48
2024-01-27,metoclopramida,33.0,286.0,0.0,47.1,86
2024-01-28,metoclopramida,46.0,240.0,0.0,40.6,70
2024-01-29,metoclopramida,67.0,173.0,0.0,51.4,103
2024-01-30,metoclopramida,42.0,868.1428571428571,737.1428571428571,35.7,49
2024-01-31,metoclopramida,61.0,807.1428571428571,0.0,46.2,86
2024-02-01,metoclopramida,39.0,768.1428571428571,0.0,34.4,51
2024-02-02,metoclopramida,55.0,713.1428571428571,0.0,29.8,39
2024-02-03,metoclopramida,41.0,672.1428571428571,0.0,40.2,72
2024-02-04,metoclopramida,38.0,634.1428571428571,0.0,31.0,70
2024-02-05,metoclopramida,56.0,578.1428571428571,0.0,39.8,74
2024-02-06,metoclopramida,47.0,531.1428571428571,0.0,29.2,51
2024-02-07,metoclopramida,52.0,479.1428571428571,0.0,34.0,73
2024-02-08,metoclopramida,40.0,439.1428571428571,0.0,42.0,62
2024-02-09,metoclopramida,42.0,397.1428571428571,0.0,51.3,88
2024-02-10,metoclopramida,58.0,339.1428571428571,0.0,53.0,97
2024-02-11,metoclopramida,67.0,272.1428571428571,0.0,59.8,129
2024-02-12,metoclopramida,50.0,222.1428571428571,0.0,55.4,104
2024-02-13,metoclopramida,53.0,169.1428571428571,0.0,46.5,94
2024-02-14,metoclopramida,52.0,117.14285714285711,0.0,40.7,75
2024-02-15,metoclopramida,63.0,807.2857142857142,753.1428571428571,42.8,96
2024-02-16,metoclopramida,62.0,745.2857142857142,0.0,55.8,116
2024-02-17,metoclopramida,58.0,687.2857142857142,0.0,58.6,128
2024-02-18,metoclopramida,98.0,589.2857142857142,0.0,72.4,183
2024-02-19,metoclopramida,57.0,532.2857142857142,0.0,61.3,137
2024-02-20,metoclopramida,78.0,454.2857142857142,0.0,55.3,120
2024-02-21,metoclopramida,59.0,395.2857142857142,0.0,73.6,151
2024-02-22,metoclopramida,63.0,332.2857142857142,0.0,49.7,93
2024-02-23,metoclopramida,71.0,261.2857142857142,0.0,56.0,121
2024-02-24,metoclopramida,64.0,197.28571428571422,0.0,60.4,131
2024-02-25,metoclopramida,62.0,135.28571428571422,0.0,65.6,148
2024-02-26,metoclopramida,53.0,82.28571428571422,0.0,61.8,140
2024-02-27,metoclopramida,69.0,961.8571428571427,948.5714285714286,56.9,136
2024-02-28,metoclopramida,57.0,904.8571428571427,0.0,54.6,119
2024-02-29,metoclopramida,70.0,834.8571428571427,0.0,63.8,152
2024-03-01,metoclopramida,73.0,761.8571428571427,0.0,50.9,121
2024-03-02,metoclopramida,79.0,682.8571428571427,0.0,63.2,136
2024-03-03,metoclopramida,81.0,601.8571428571427,0.0,64.2,140
2024-03-04,metoclopramida,74.0,527.8571428571427,0.0,60.3,154
2024-03-05,metoclopramida,59.0,468.85714285714266,0.0,58.6,130
2024-03-06,metoclopramida,80.0,388.85714285714266,0.0,59.9,121
2024-03-07,metoclopramida,74.0,314.85714285714266,0.0,56.7,111
2024-03-08,metoclopramida,63.0,251.85714285714266,0.0,60.7,123
2024-03-09,metoclopramida,91.0,160.85714285714266,0.0,83.7,200
2024-03-10,metoclopramida,80.0,80.85714285714266,0.0,70.4,172
2024-03-11,metoclopramida,74.0,6.857142857142662,0.0,58.3,140
2024-03-12,metoclopramida,64.0,1031.9999999999998,1089.142857142857,54.9,114
2024-03-13,metoclopramida,47.0,984.9999999999998,0.0,53.3,109
2024-03-14,metoclopramida,68.0,916.9999999999998,0.0,70.9,149
2024-03-15,metoclopramida,70.0,846.9999999999998,0.0,69.1,146
2024-03-16,metoclopramida,82.0,764.9999999999998,0.0,61.7,139
2024-03-17,metoclopramida,57.0,707.9999999999998,0.0,58.3,142
2024-03-18,metoclopramida,55.0,652.9999999999998,0.0,62.4,143
2024-03-19,metoclopramida,59.0,593.9999999999998,0.0,50.9,104
2024-03-20,metoclopramida,69.0,524.9999999999998,0.0,57.9,129
2024-03-21,metoclopramida,62.0,462.9999999999998,0.0,66.6,158
2024-03-22,metoclopramida,61.0,401.9999999999998,0.0,52.1,107
2024-03-23,metoclopramida,73.0,328.9999999999998,0.0,62.0,144
2024-03-24,metoclopramida,74.0,254.99999999999977,0.0,57.6,133
2024-03-25,metoclopramida,70.0,184.99999999999977,0.0,49.5,99
2024-03-26,metoclopramida,67.0,1219.7142857142856,1101.7142857142858,50.1,109
2024-03-27,metoclopramida,49.0,1170.7142857142856,0.0,59.4,128
2024-03-28,metoclopramida,62.0,1108.7142857142856,0.0,47.6,94
2024-03-29,metoclopramida,59.0,1049.7142857142856,0.0,62.6,153
2024-03-30,metoclopramida,66.0,983.7142857142856,0.0,66.3,156
2024-03-31,metoclopramida,71.0,912.7142857142856,0.0,77.8,167
2024-04-01,metoclopramida,83.0,829.7142857142856,0.0,53.0,126
2024-04-02,metoclopramida,76.0,753.7142857142856,0.0,32.8,79
2024-04-03,metoclopramida,72.0,681.7142857142856,0.0,53.0,134
2024-04-04,metoclopramida,45.0,636.7142857142856,0.0,51.5,108
2024-04-05,metoclopramida,73.0,563.7142857142856,0.0,47.7,97
2024-04-06,metoclopramida,50.0,513.7142857142856,0.0,59.3,132
2024-04-07,metoclopramida,65.0,448.71428571428555,0.0,48.9,87
2024-04-08,metoclopramida,73.0,375.71428571428555,0.0,51.9,140
2024-04-09,metoclopramida,56.0,319.71428571428555,0.0,51.6,104
2024-04-10,metoclopramida,61.0,258.71428571428555,0.0,67.4,136
2024-04-11,metoclopramida,49.0,209.71428571428555,0.0,56.3,135
2024-04-12,metoclopramida,48.0,161.71428571428555,0.0,53.0,117
2024-04-13,metoclopramida,51.0,1184.9999999999998,1074.2857142857142,62.0,147
2024-04-14,metoclopramida,65.0,1119.9999999999998,0.0,47.8,108
2024-04-15,metoclopramida,51.0,1068.9999999999998,0.0,47.3,100
2024-04-16,metoclopramida,49.0,1019.9999999999998,0.0,56.7,107
2024-04-17,metoclopramida,53.0,966.9999999999998,0.0,45.4,70
2024-04-18,metoclopramida,57.0,909.9999999999998,0.0,48.6,104
2024-04-19,metoclopramida,49.0,860.9999999999998,0.0,58.0,105
2024-04-20,metoclopramida,59.0,801.9999999999998,0.0,56.8,123
2024-04-21,metoclopramida,81.0,720.9999999999998,0.0,86.4,188
2024-04-22,metoclopramida,47.0,673.9999999999998,0.0,38.8,73
2024-04-23,metoclopramida,59.0,614.9999999999998,0.0,37.6,67
2024-04-24,metoclopramida,46.0,568.9999999999998,0.0,42.4,78
2024-04-25,metoclopramida,47.0,521.9999999999998,0.0,53.3,77
2024-04-26,metoclopramida,42.0,479.9999999999998,0.0,43.6,76
2024-04-27,metoclopramida,77.0,402.9999999999998,0.0,52.4,119
2024-04-28,metoclopramida,45.0,357.9999999999998,0.0,60.2,122
2024-04-29,metoclopramida,62.0,295.9999999999998,0.0,56.9,128
2024-04-30,metoclopramida,51.0,244.99999999999977,0.0,35.1,67
2024-05-01,metoclopramida,99.0,145.99999999999977,0.0,60.6,124
2024-05-02,metoclopramida,60.0,85.99999999999977,0.0,45.2,90
2024-05-03,metoclopramida,59.0,26.999999999999773,0.0,50.4,102
2024-05-04,metoclopramida,71.0,819.9999999999998,864.0,60.9,135
2024-05-05,metoclopramida,55.0,764.9999999999998,0.0,50.3,101
2024-05-06,metoclopramida,44.0,720.9999999999998,0.0,60.1,128
2024-05-07,metoclopramida,67.0,653.9999999999998,0.0,27.2,61
2024-05-08,metoclopramida,46.0,607.9999999999998,0.0,44.3,80
2024-05-09,metoclopramida,68.0,539.9999999999998,0.0,34.2,70
2024-05-10,metoclopramida,53.0,486.9999999999998,0.0,39.3,90
2024-05-11,metoclopramida,55.0,431.9999999999998,0.0,50.8,107
2024-05-12,metoclopramida,73.0,358.9999999999998,0.0,56.3,121
2024-05-13,metoclopramida,43.0,315.9999999999998,0.0,49.7,111
2024-05-14,metoclopramida,54.0,261.9999999999998,0.0,45.3,81
2024-05-15,metoclopramida,55.0,206.99999999999977,0.0,29.2,60
2024-05-16,metoclopramida,61.0,145.99999999999977,0.0,50.1,109
2024-05-17,metoclopramida,68.0,1044.8571428571427,966.8571428571429,53.3,120
2024-05-18,metoclopramida,50.0,994.8571428571427,0.0,63.1,142
2024-05-19,metoclopramida,55.0,939.8571428571427,0.0,65.8,146
2024-05-20,metoclopramida,38.0,901.8571428571427,0.0,44.2,99
2024-05-21,metoclopramida,51.0,850.8571428571427,0.0,36.8,58
2024-05-22,metoclopramida,45.0,805.8571428571427,0.0,39.4,73
2024-05-23,metoclopramida,77.0,728.8571428571427,0.0,41.4,101
2024-05-24,metoclopramida,61.0,667.8571428571427,0.0,31.3,73
2024-05-25,metoclopramida,55.0,612.8571428571427,0.0,47.8,98
2024-05-26,metoclopramida,65.0,547.8571428571427,0.0,49.1,104
2024-05-27,metoclopramida,66.0,481.85714285714266,0.0,43.6,87
2024-05-28,metoclopramida,50.0,431.85714285714266,0.0,50.6,106
2024-05-29,metoclopramida,51.0,380.85714285714266,0.0,36.2,62
2024-05-30,metoclopramida,42.0,338.85714285714266,0.0,40.1,65
2024-05-31,metoclopramida,43.0,295.85714285714266,0.0,31.2,63
2024-06-01,metoclopramida,50.0,245.85714285714266,0.0,36.2,78
2024-06-02,metoclopramida,61.0,184.85714285714266,0.0,43.2,97
2024-06-03,metoclopramida,34.0,150.85714285714266,0.0,44.8,86
2024-06-04,metoclopramida,55.0,1011.2857142857142,915.4285714285714,67.9,141
2024-06-05,metoclopramida,36.0,975.2857142857142,0.0,39.9,80
2024-06-06,metoclopramida,34.0,941.2857142857142,0.0,34.0,87
2024-06-07,metoclopramida,35.0,906.2857142857142,0.0,28.1,61
2024-06-08,metoclopramida,51.0,855.2857142857142,0.0,51.9,119
2024-06-09,metoclopramida,47.0,808.2857142857142,0.0,45.0,96
2024-06-10,metoclopramida,53.0,755.2857142857142,0.0,41.0,83
2024-06-11,metoclopramida,57.0,698.2857142857142,0.0,47.7,97
2024-06-12,metoclopramida,40.0,658.2857142857142,0.0,39.6,78
2024-06-13,metoclopramida,39.0,619.2857142857142,0.0,55.2,107
2024-06-14,metoclopramida,48.0,571.2857142857142,0.0,41.7,88
2024-06-15,metoclopramida,62.0,509.2857142857142,0.0,55.3,129
2024-06-16,metoclopramida,42.0,467.2857142857142,0.0,53.3,108
2024-06-17,metoclopramida,66.0,401.2857142857142,0.0,36.1,82
2024-06-18,metoclopramida,40.0,361.2857142857142,0.0,39.3,69
2024-06-19,metoclopramida,53.0,308.2857142857142,0.0,40.6,76
2024-06-20,metoclopramida,45.0,263.2857142857142,0.0,43.4,87
2024-06-21,metoclopramida,38.0,225.28571428571422,0.0,40.6,59
2024-06-22,metoclopramida,58.0,167.28571428571422,0.0,50.7,113
2024-06-23,metoclopramida,53.0,874.2857142857142,760.0,53.3,90
2024-06-24,metoclopramida,72.0,802.2857142857142,0.0,41.0,81
2024-06-25,metoclopramida,38.0,764.2857142857142,0.0,49.4,117
2024-06-26,metoclopramida,45.0,719.2857142857142,0.0,38.4,70
2024-06-27,metoclopramida,41.0,678.2857142857142,0.0,35.2,74
2024-06-28,metoclopramida,26.0,652.2857142857142,0.0,35.8,72
2024-06-29,metoclopramida,65.0,587.2857142857142,0.0,63.1,137
2024-06-30,metoclopramida,57.0,530.2857142857142,0.0,54.3,110
2024-07-01,metoclopramida,37.0,493.2857142857142,0.0,45.8,99
2024-07-02,metoclopramida,58.0,435.2857142857142,0.0,57.4,114
2024-07-03,metoclopramida,68.0,367.2857142857142,0.0,56.7,110
2024-07-04,metoclopramida,41.0,326.2857142857142,0.0,49.8,87
2024-07-05,metoclopramida,41.0,285.2857142857142,0.0,50.4,99
2024-07-06,metoclopramida,57.0,228.28571428571422,0.0,56.8,108
2024-07-07,metoclopramida,58.0,170.28571428571422,0.0,32.7,76
2024-07-08,metoclopramida,57.0,897.2857142857142,784.0,49.8,107
2024-07-09,metoclopramida,35.0,862.2857142857142,0.0,49.0,111
2024-07-10,metoclopramida,59.0,803.2857142857142,0.0,44.9,88
2024-07-11,metoclopramida,35.0,768.2857142857142,0.0,43.2,91
2024-07-12,metoclopramida,37.0,731.2857142857142,0.0,47.9,100
2024-07-13,metoclopramida,55.0,676.2857142857142,0.0,51.6,87
2024-07-14,metoclopramida,58.0,618.2857142857142,0.0,52.8,114
2024-07-15,metoclopramida,62.0,556.2857142857142,0.0,48.5,95
2024-07-16,metoclopramida,33.0,523.2857142857142,0.0,42.1,84
2024-07-17,metoclopramida,57.0,466.2857142857142,0.0,39.8,74
2024-07-18,metoclopramida,55.0,411.2857142857142,0.0,39.5,74
2024-07-19,metoclopramida,50.0,361.2857142857142,0.0,39.9,70
2024-07-20,metoclopramida,45.0,316.2857142857142,0.0,74.3,160
2024-07-21,metoclopramida,54.0,262.2857142857142,0.0,51.7,90
2024-07-22,metoclopramida,45.0,217.28571428571422,0.0,41.4,76
2024-07-23,metoclopramida,54.0,163.28571428571422,0.0,35.9,57
2024-07-24,metoclopramida,51.0,112.28571428571422,0.0,34.2,72
2024-07-25,metoclopramida,50.0,62.28571428571422,0.0,37.7,70
2024-07-26,metoclopramida,52.0,809.1428571428571,798.8571428571429,35.6,52
2024-07-27,metoclopramida,45.0,764.1428571428571,0.0,51.4,98
2024-07-28,metoclopramida,58.0,706.1428571428571,0.0,50.5,103
2024-07-29,metoclopramida,36.0,670.1428571428571,0.0,58.4,118
2024-07-30,metoclopramida,51.0,619.1428571428571,0.0,32.0,47
2024-07-31,metoclopramida,49.0,570.1428571428571,0.0,44.3,74
2024-08-01,metoclopramida,40.0,530.1428571428571,0.0,36.8,63
2024-08-02,metoclopramida,62.0,468.1428571428571,0.0,36.0,68
2024-08-03,metoclopramida,61.0,407.1428571428571,0.0,58.0,123
2024-08-04,metoclopramida,63.0,344.1428571428571,0.0,44.6,122
2024-08-05,metoclopramida,48.0,296.1428571428571,0.0,70.8,159
2024-08-06,metoclopramida,26.0,270.1428571428571,0.0,27.7,82
2024-08-07,metoclopramida,58.0,212.1428571428571,0.0,43.8,106
2024-08-08,metoclopramida,33.0,179.1428571428571,0.0,46.5,89
2024-08-09,metoclopramida,52.0,127.14285714285711,0.0,57.1,119
2024-08-10,metoclopramida,61.0,875.2857142857142,809.1428571428571,42.2,95
2024-08-11,metoclopramida,75.0,800.2857142857142,0.0,44.0,95
2024-08-12,metoclopramida,54.0,746.2857142857142,0.0,53.0,97
2024-08-13,metoclopramida,53.0,693.2857142857142,0.0,45.6,97
2024-08-14,metoclopramida,47.0,646.2857142857142,0.0,62.1,113
2024-08-15,metoclopramida,49.0,597.2857142857142,0.0,41.6,80
2024-08-16,metoclopramida,38.0,559.2857142857142,0.0,41.5,75
2024-08-17,metoclopramida,65.0,494.2857142857142,0.0,60.0,114
2024-08-18,metoclopramida,51.0,443.2857142857142,0.0,42.1,80
2024-08-19,metoclopramida,40.0,403.2857142857142,0.0,44.6,100
2024-08-20,metoclopramida,59.0,344.2857142857142,0.0,42.2,83
2024-08-21,metoclopramida,54.0,290.2857142857142,0.0,48.1,99
2024-08-22,metoclopramida,46.0,244.28571428571422,0.0,27.7,56
2024-08-23,metoclopramida,42.0,202.28571428571422,0.0,35.7,66
2024-08-24,metoclopramida,68.0,945.7142857142857,811.4285714285714,42.1,90
2024-08-25,metoclopramida,43.0,902.7142857142857,0.0,43.9,76
2024-08-26,metoclopramida,54.0,848.7142857142857,0.0,45.9,92
2024-08-27,metoclopramida,35.0,813.7142857142857,0.0,47.1,99
2024-08-28,metoclopramida,58.0,755.7142857142857,0.0,38.4,72
2024-08-29,metoclopramida,50.0,705.7142857142857,0.0,43.5,83
2024-08-30,metoclopramida,54.0,651.7142857142857,0.0,35.7,56
2024-08-31,metoclopramida,51.0,600.7142857142857,0.0,36.5,77
2024-09-01,metoclopramida,53.0,547.7142857142857,0.0,58.8,141
2024-09-02,metoclopramida,45.0,502.71428571428567,0.0,42.2,69
2024-09-03,metoclopramida,54.0,448.71428571428567,0.0,36.1,69
2024-09-04,metoclopramida,53.0,395.71428571428567,0.0,41.9,97
2024-09-05,metoclopramida,49.0,346.71428571428567,0.0,52.8,107
2024-09-06,metoclopramida,39.0,307.71428571428567,0.0,39.2,68
2024-09-07,metoclopramida,47.0,260.71428571428567,0.0,58.9,147
2024-09-08,metoclopramida,57.0,203.71428571428567,0.0,55.8,118
2024-09-09,metoclopramida,46.0,965.7142857142857,808.0,59.9,124
2024-09-10,metoclopramida,45.0,920.7142857142857,0.0,43.4,81
2024-09-11,metoclopramida,49.0,871.7142857142857,0.0,42.4,75
2024-09-12,metoclopramida,46.0,825.7142857142857,0.0,39.8,91
2024-09-13,metoclopramida,36.0,789.7142857142857,0.0,45.7,88
2024-09-14,metoclopramida,46.0,743.7142857142857,0.0,46.7,98
2024-09-15,metoclopramida,47.0,696.7142857142857,0.0,45.6,97
2024-09-16,metoclopramida,31.0,665.7142857142857,0.0,45.4,81
2024-09-17,metoclopramida,59.0,606.7142857142857,0.0,45.8,75
2024-09-18,metoclopramida,28.0,578.7142857142857,0.0,42.1,61
2024-09-19,metoclopramida,56.0,522.7142857142857,0.0,46.8,80
2024-09-20,metoclopramida,36.0,486.71428571428567,0.0,29.6,47
2024-09-21,metoclopramida,56.0,430.71428571428567,0.0,47.6,93
2024-09-22,metoclopramida,53.0,377.71428571428567,0.0,49.2,93
2024-09-23,metoclopramida,37.0,340.71428571428567,0.0,48.0,97
2024-09-24,metoclopramida,49.0,291.71428571428567,0.0,38.3,69
2024-09-25,metoclopramida,33.0,258.71428571428567,0.0,35.1,52
2024-09-26,metoclopramida,52.0,206.71428571428567,0.0,35.4,63
2024-09-27,metoclopramida,53.0,153.71428571428567,0.0,32.7,63
2024-09-28,metoclopramida,52.0,826.2857142857142,724.5714285714286,43.1,89
2024-09-29,metoclopramida,35.0,791.2857142857142,0.0,45.2,83
2024-09-30,metoclopramida,41.0,750.2857142857142,0.0,47.9,98
2024-10-01,metoclopramida,65.0,685.2857142857142,0.0,38.1,66
2024-10-02,metoclopramida,42.0,643.2857142857142,0.0,40.1,68
2024-10-03,metoclopramida,41.0,602.2857142857142,0.0,35.5,67
2024-10-04,metoclopramida,49.0,553.2857142857142,0.0,34.1,50
2024-10-05,metoclopramida,46.0,507.2857142857142,0.0,47.7,93
2024-10-06,metoclopramida,64.0,443.2857142857142,0.0,49.3,116
2024-10-07,metoclopramida,47.0,396.2857142857142,0.0,46.0,76
2024-10-08,metoclopramida,53.0,343.2857142857142,0.0,32.2,59
2024-10-09,metoclopramida,51.0,292.2857142857142,0.0,34.3,78
2024-10-10,metoclopramida,37.0,255.28571428571422,0.0,38.1,82
2024-10-11,metoclopramida,40.0,215.28571428571422,0.0,36.8,78
2024-10-12,metoclopramida,56.0,159.28571428571422,0.0,59.3,130
2024-10-13,metoclopramida,40.0,883.8571428571428,764.5714285714286,43.3,88
2024-10-14,metoclopramida,46.0,837.8571428571428,0.0,44.1,91
2024-10-15,metoclopramida,43.0,794.8571428571428,0.0,40.9,71
2024-10-16,metoclopramida,31.0,763.8571428571428,0.0,41.5,76
2024-10-17,metoclopramida,49.0,714.8571428571428,0.0,40.4,73
2024-10-18,metoclopramida,37.0,677.8571428571428,0.0,35.9,59
2024-10-19,metoclopramida,61.0,616.8571428571428,0.0,57.0,117
2024-10-20,metoclopramida,31.0,585.8571428571428,0.0,24.8,56
2024-10-21,metoclopramida,38.0,547.8571428571428,0.0,37.7,73
2024-10-22,metoclopramida,44.0,503.8571428571428,0.0,31.5,76
2024-10-23,metoclopramida,46.0,457.8571428571428,0.0,39.6,74
2024-10-24,metoclopramida,38.0,419.8571428571428,0.0,36.7,66
2024-10-25,metoclopramida,38.0,381.8571428571428,0.0,42.6,71
2024-10-26,metoclopramida,46.0,335.8571428571428,0.0,49.5,89
2024-10-27,metoclopramida,48.0,287.8571428571428,0.0,56.8,121
2024-10-28,metoclopramida,56.0,231.85714285714278,0.0,36.4,71
2024-10-29,metoclopramida,45.0,186.85714285714278,0.0,43.2,79
2024-10-30,metoclopramida,30.0,156.85714285714278,0.0,29.0,50
2024-10-31,metoclopramida,52.0,104.85714285714278,0.0,44.7,89
2024-11-01,metoclopramida,44.0,744.2857142857142,683.4285714285714,38.2,59
2024-11-02,metoclopramida,65.0,679.2857142857142,0.0,57.9,133
2024-11-03,metoclopramida,65.0,614.2857142857142,0.0,54.6,108
2024-11-04,metoclopramida,50.0,564.2857142857142,0.0,45.3,83
2024-11-05,metoclopramida,39.0,525.2857142857142,0.0,37.8,80
2024-11-06,metoclopramida,48.0,477.2857142857142,0.0,37.4,57
2024-11-07,metoclopramida,43.0,434.2857142857142,0.0,41.9,73
2024-11-08,metoclopramida,28.0,406.2857142857142,0.0,41.6,79
2024-11-09,metoclopramida,43.0,363.2857142857142,0.0,42.4,91
2024-11-10,metoclopramida,48.0,315.2857142857142,0.0,46.9,105
2024-11-11,metoclopramida,52.0,263.2857142857142,0.0,42.6,89
2024-11-12,metoclopramida,46.0,217.28571428571422,0.0,46.2,87
2024-11-13,metoclopramida,35.0,182.28571428571422,0.0,24.1,41
2024-11-14,metoclopramida,59.0,876.4285714285713,753.1428571428571,40.9,73
2024-11-15,metoclopramida,67.0,809.4285714285713,0.0,39.8,89
2024-11-16,metoclopramida,52.0,757.4285714285713,0.0,48.1,101
2024-11-17,metoclopramida,66.0,691.4285714285713,0.0,53.9,114
2024-11-18,metoclopramida,58.0,633.4285714285713,0.0,61.2,108
2024-11-19,metoclopramida,45.0,588.4285714285713,0.0,28.0,57
2024-11-20,metoclopramida,59.0,529.4285714285713,0.0,61.8,121
2024-11-21,metoclopramida,65.0,464.42857142857133,0.0,42.9,82
2024-11-22,metoclopramida,40.0,424.42857142857133,0.0,29.6,41
2024-11-23,metoclopramida,53.0,371.42857142857133,0.0,54.0,114
2024-11-24,metoclopramida,57.0,314.42857142857133,0.0,40.6,72
2024-11-25,metoclopramida,38.0,276.42857142857133,0.0,34.7,62
2024-11-26,metoclopramida,59.0,217.42857142857133,0.0,45.0,73
2024-11-27,metoclopramida,32.0,185.42857142857133,0.0,39.1,78
2024-11-28,metoclopramida,49.0,136.42857142857133,0.0,38.8,59
2024-11-29,metoclopramida,47.0,915.7142857142857,826.2857142857143,29.9,54
2024-11-30,metoclopramida,43.0,872.7142857142857,0.0,42.0,82
2024-12-01,metoclopramida,59.0,813.7142857142857,0.0,38.7,84
2024-12-02,metoclopramida,40.0,773.7142857142857,0.0,36.1,59
2024-12-03,metoclopramida,47.0,726.7142857142857,0.0,50.9,90
2024-12-04,metoclopramida,43.0,683.7142857142857,0.0,43.0,85
2024-12-05,metoclopramida,52.0,631.7142857142857,0.0,37.3,70
2024-12-06,metoclopramida,59.0,572.7142857142857,0.0,28.7,56
2024-12-07,metoclopramida,59.0,513.7142857142857,0.0,45.2,93
2024-12-08,metoclopramida,44.0,469.71428571428567,0.0,48.2,117
2024-12-09,metoclopramida,54.0,415.71428571428567,0.0,42.8,94
2024-12-10,metoclopramida,48.0,367.71428571428567,0.0,51.6,106
2024-12-11,metoclopramida,47.0,320.71428571428567,0.0,30.1,32
2024-12-12,metoclopramida,59.0,261.71428571428567,0.0,40.9,46
2024-12-13,metoclopramida,47.0,214.71428571428567,0.0,39.6,81
2024-12-14,metoclopramida,48.0,166.71428571428567,0.0,42.8,67
2024-12-15,metoclopramida,56.0,110.71428571428567,0.0,52.7,109
2024-12-16,metoclopramida,61.0,834.8571428571428,785.1428571428571,40.6,79
2024-12-17,metoclopramida,37.0,797.8571428571428,0.0,38.8,67
2024-12-18,metoclopramida,51.0,746.8571428571428,0.0,36.2,64
2024-12-19,metoclopramida,34.0,712.8571428571428,0.0,35.7,62
2024-12-20,metoclopramida,41.0,671.8571428571428,0.0,34.4,64
2024-12-21,metoclopramida,36.0,635.8571428571428,0.0,43.7,102
2024-12-22,metoclopramida,55.0,580.8571428571428,0.0,42.4,100
2024-12-23,metoclopramida,57.0,523.8571428571428,0.0,45.3,83
2024-12-24,metoclopramida,54.0,469.8571428571428,0.0,35.2,65
2024-12-25,metoclopramida,51.0,418.8571428571428,0.0,38.5,78
2024-12-26,metoclopramida,50.0,368.8571428571428,0.0,32.9,55
2024-12-27,metoclopramida,42.0,326.8571428571428,0.0,45.1,81
2024-12-28,metoclopramida,58.0,268.8571428571428,0.0,53.9,113
2024-12-29,metoclopramida,48.0,220.85714285714278,0.0,38.3,78
2024-12-30,metoclopramida,52.0,168.85714285714278,0.0,51.0,93
2024-12-31,metoclopramida,49.0,119.85714285714278,0.0,43.7,68
2025-01-01,metoclopramida,40.0,79.85714285714278,0.0,50.9,101
2025-01-02,metoclopramida,49.0,815.9999999999999,785.1428571428571,43.7,75
2025-01-03,metoclopramida,41.0,774.9999999999999,0.0,45.2,76
2025-01-04,metoclopramida,61.0,713.9999999999999,0.0,50.7,93
2025-01-05,metoclopramida,48.0,665.9999999999999,0.0,49.6,96
2025-01-06,metoclopramida,60.0,605.9999999999999,0.0,49.6,96
2025-01-07,metoclopramida,50.0,555.9999999999999,0.0,44.7,83
2025-01-08,metoclopramida,45.0,510.9999999999999,0.0,36.2,77
2025-01-09,metoclopramida,41.0,469.9999999999999,0.0,41.2,71
2025-01-10,metoclopramida,42.0,427.9999999999999,0.0,46.3,109
2025-01-11,metoclopramida,62.0,365.9999999999999,0.0,40.9,87
2025-01-12,metoclopramida,58.0,307.9999999999999,0.0,41.6,65
2025-01-13,metoclopramida,60.0,247.9999999999999,0.0,60.7,125
2025-01-14,metoclopramida,41.0,206.9999999999999,0.0,39.8,58
2025-01-15,metoclopramida,41.0,165.9999999999999,0.0,29.7,49
2025-01-16,metoclopramida,37.0,128.9999999999999,0.0,34.9,74
2025-01-17,metoclopramida,43.0,867.7142857142856,781.7142857142857,31.9,55
2025-01-18,metoclopramida,64.0,803.7142857142856,0.0,39.9,74
2025-01-19,metoclopramida,49.0,754.7142857142856,0.0,33.2,55
2025-01-20,metoclopramida,56.0,698.7142857142856,0.0,50.0,91
2025-01-21,metoclopramida,38.0,660.7142857142856,0.0,34.5,64
2025-01-22,metoclopramida,35.0,625.7142857142856,0.0,43.3,81
2025-01-23,metoclopramida,41.0,584.7142857142856,0.0,37.3,79
2025-01-24,metoclopramida,63.0,521.7142857142856,0.0,34.6,55
2025-01-25,metoclopramida,79.0,442.71428571428555,0.0,43.4,85
2025-01-26,metoclopramida,65.0,377.71428571428555,0.0,43.8,95
2025-01-27,metoclopramida,60.0,317.71428571428555,0.0,37.5,71
2025-01-28,metoclopramida,34.0,283.71428571428555,0.0,40.2,78
2025-01-29,metoclopramida,42.0,241.71428571428555,0.0,41.9,84
2025-01-30,metoclopramida,32.0,209.71428571428555,0.0,36.4,45
2025-01-31,metoclopramida,40.0,975.4285714285712,805.7142857142857,40.5,78
2025-02-01,metoclopramida,42.0,933.4285714285712,0.0,43.4,88
2025-02-02,metoclopramida,69.0,864.4285714285712,0.0,40.5,101
2025-02-03,metoclopramida,59.0,805.4285714285712,0.0,33.1,66
2025-02-04,metoclopramida,51.0,754.4285714285712,0.0,37.0,70
2025-02-05,metoclopramida,38.0,716.4285714285712,0.0,38.5,79
2025-02-06,metoclopramida,63.0,653.4285714285712,0.0,52.0,94
2025-02-07,metoclopramida,47.0,606.4285714285712,0.0,30.8,51
2025-02-08,metoclopramida,43.0,563.4285714285712,0.0,58.3,113
2025-02-09,metoclopramida,54.0,509.4285714285712,0.0,47.4,96
2025-02-10,metoclopramida,52.0,457.4285714285712,0.0,46.6,94
2025-02-11,metoclopramida,43.0,414.4285714285712,0.0,41.6,81
2025-02-12,metoclopramida,51.0,363.4285714285712,0.0,30.4,48
2025-02-13,metoclopramida,50.0,313.4285714285712,0.0,36.9,47
2025-02-14,metoclopramida,46.0,267.4285714285712,0.0,25.0,59
2025-02-15,metoclopramida,51.0,216.42857142857122,0.0,26.9,61
2025-02-16,metoclopramida,52.0,164.42857142857122,0.0,36.3,71
2025-02-17,metoclopramida,51.0,884.8571428571427,771.4285714285714,50.4,105
2025-02-18,metoclopramida,41.0,843.8571428571427,0.0,32.1,45
2025-02-19,metoclopramida,40.0,803.8571428571427,0.0,45.6,86
2025-02-20,metoclopramida,40.0,763.8571428571427,0.0,35.5,67
2025-02-21,metoclopramida,59.0,704.8571428571427,0.0,43.6,74
2025-02-22,metoclopramida,55.0,649.8571428571427,0.0,47.1,84
2025-02-23,metoclopramida,47.0,602.8571428571427,0.0,56.3,120
2025-02-24,metoclopramida,53.0,549.8571428571427,0.0,46.8,84
2025-02-25,metoclopramida,63.0,486.85714285714266,0.0,28.0,38
2025-02-26,metoclopramida,37.0,449.85714285714266,0.0,26.7,44
2025-02-27,metoclopramida,32.0,417.85714285714266,0.0,39.8,67
2025-02-28,metoclopramida,52.0,365.85714285714266,0.0,39.9,74
2025-03-01,metoclopramida,48.0,317.85714285714266,0.0,46.1,93
2025-03-02,metoclopramida,65.0,252.85714285714266,0.0,58.7,112
2025-03-03,metoclopramida,43.0,209.85714285714266,0.0,42.3,110
2025-03-04,metoclopramida,37.0,172.85714285714266,0.0,26.1,52
2025-03-05,metoclopramida,56.0,879.142857142857,762.2857142857143,31.9,66
2025-03-06,metoclopramida,56.0,823.142857142857,0.0,28.9,48
2025-03-07,metoclopramida,54.0,769.142857142857,0.0,33.6,60
2025-03-08,metoclopramida,45.0,724.142857142857,0.0,44.7,106
2025-03-09,metoclopramida,40.0,684.142857142857,0.0,36.2,76
2025-03-10,metoclopramida,57.0,627.142857142857,0.0,50.4,115
2025-03-11,metoclopramida,63.0,564.142857142857,0.0,45.8,64
2025-03-12,metoclopramida,40.0,524.142857142857,0.0,39.7,54
2025-03-13,metoclopramida,37.0,487.142857142857,0.0,41.3,84
2025-03-14,metoclopramida,60.0,427.142857142857,0.0,38.7,76
2025-03-15,metoclopramida,55.0,372.142857142857,0.0,46.1,106
2025-03-16,metoclopramida,56.0,316.142857142857,0.0,53.6,136
2025-03-17,metoclopramida,48.0,268.142857142857,0.0,50.6,107
2025-03-18,metoclopramida,43.0,225.142857142857,0.0,41.1,90
2025-03-19,metoclopramida,59.0,166.142857142857,0.0,46.9,96
2025-03-20,metoclopramida,63.0,103.142857142857,0.0,28.9,62
2025-03-21,metoclopramida,49.0,54.142857142857,0.0,28.4,51
2025-03-22,metoclopramida,49.0,806.2857142857141,801.1428571428571,51.3,106
2025-03-23,metoclopramida,39.0,767.2857142857141,0.0,46.9,91
2025-03-24,metoclopramida,46.0,721.2857142857141,0.0,46.4,89
2025-03-25,metoclopramida,42.0,679.2857142857141,0.0,36.3,80
2025-03-26,metoclopramida,43.0,636.2857142857141,0.0,39.4,64
2025-03-27,metoclopramida,70.0,566.2857142857141,0.0,43.6,95
2025-03-28,metoclopramida,51.0,515.2857142857141,0.0,50.8,99
2025-03-29,metoclopramida,50.0,465.2857142857141,0.0,54.8,118
2025-03-30,metoclopramida,48.0,417.2857142857141,0.0,44.1,103
2025-03-31,metoclopramida,48.0,369.2857142857141,0.0,43.1,88
2025-04-01,metoclopramida,37.0,332.2857142857141,0.0,45.2,86
2025-04-02,metoclopramida,49.0,283.2857142857141,0.0,38.1,63
2025-04-03,metoclopramida,49.0,234.2857142857141,0.0,43.1,86
2025-04-04,metoclopramida,48.0,186.2857142857141,0.0,48.4,82
2025-04-05,metoclopramida,52.0,134.2857142857141,0.0,50.9,95
2025-04-06,metoclopramida,63.0,871.2857142857141,800.0,47.9,101
2025-04-07,metoclopramida,41.0,830.2857142857141,0.0,53.7,106
2025-04-08,metoclopramida,71.0,759.2857142857141,0.0,51.4,86
2025-04-09,metoclopramida,39.0,720.2857142857141,0.0,45.6,69
2025-04-10,metoclopramida,48.0,672.2857142857141,0.0,29.3,59
2025-04-11,metoclopramida,53.0,619.2857142857141,0.0,43.5,96
2025-04-12,metoclopramida,48.0,571.2857142857141,0.0,66.1,133
2025-04-13,metoclopramida,55.0,516.2857142857141,0.0,55.6,132
2025-04-14,metoclopramida,53.0,463.2857142857141,0.0,40.5,92
2025-04-15,metoclopramida,55.0,408.2857142857141,0.0,41.0,84
2025-04-16,metoclopramida,61.0,347.2857142857141,0.0,48.2,94
2025-04-17,metoclopramida,51.0,296.2857142857141,0.0,42.9,85
2025-04-18,metoclopramida,51.0,245.2857142857141,0.0,54.7,125
2025-04-19,metoclopramida,62.0,183.2857142857141,0.0,53.6,122
2025-04-20,metoclopramida,47.0,136.2857142857141,0.0,52.7,120
2025-04-21,metoclopramida,60.0,903.7142857142856,827.4285714285714,73.8,182
2025-04-22,metoclopramida,52.0,851.7142857142856,0.0,50.4,79
2025-04-23,metoclopramida,55.0,796.7142857142856,0.0,43.5,82
2025-04-24,metoclopramida,67.0,729.7142857142856,0.0,65.4,138
2025-04-25,metoclopramida,46.0,683.7142857142856,0.0,42.8,89
2025-04-26,metoclopramida,73.0,610.7142857142856,0.0,62.2,141
2025-04-27,metoclopramida,68.0,542.7142857142856,0.0,48.2,107
2025-04-28,metoclopramida,56.0,486.71428571428555,0.0,32.7,85
2025-04-29,metoclopramida,48.0,438.71428571428555,0.0,27.3,55
2025-04-30,metoclopramida,55.0,383.71428571428555,0.0,33.3,77
2025-05-01,metoclopramida,75.0,308.71428571428555,0.0,42.4,108
2025-05-02,metoclopramida,47.0,261.71428571428555,0.0,32.6,68
2025-05-03,metoclopramida,50.0,211.71428571428555,0.0,54.2,101
2025-05-04,metoclopramida,68.0,143.71428571428555,0.0,56.1,122
2025-05-05,metoclopramida,49.0,94.71428571428555,0.0,53.1,98
2025-05-06,metoclopramida,52.0,961.5714285714284,918.8571428571429,45.3,86
2025-05-07,metoclopramida,42.0,919.5714285714284,0.0,43.0,75
2025-05-08,metoclopramida,37.0,882.5714285714284,0.0,32.7,65
2025-05-09,metoclopramida,64.0,818.5714285714284,0.0,37.7,63
2025-05-10,metoclopramida,47.0,771.5714285714284,0.0,54.7,109
2025-05-11,metoclopramida,36.0,735.5714285714284,0.0,47.0,102
2025-05-12,metoclopramida,59.0,676.5714285714284,0.0,38.9,66
2025-05-13,metoclopramida,59.0,617.5714285714284,0.0,38.3,64
2025-05-14,metoclopramida,59.0,558.5714285714284,0.0,40.1,82
2025-05-15,metoclopramida,50.0,508.57142857142844,0.0,46.5,107
2025-05-16,metoclopramida,41.0,467.57142857142844,0.0,45.3,104
2025-05-17,metoclopramida,50.0,417.57142857142844,0.0,53.5,113
2025-05-18,metoclopramida,64.0,353.57142857142844,0.0,49.5,99
2025-05-19,metoclopramida,44.0,309.57142857142844,0.0,30.0,56
2025-05-20,metoclopramida,49.0,260.57142857142844,0.0,48.3,99
2025-05-21,metoclopramida,59.0,201.57142857142844,0.0,52.3,104
2025-05-22,metoclopramida,53.0,148.57142857142844,0.0,40.2,69
2025-05-23,metoclopramida,36.0,927.4285714285713,814.8571428571429,52.7,94
2025-05-24,metoclopramida,37.0,890.4285714285713,0.0,62.1,124
2025-05-25,metoclopramida,50.0,840.4285714285713,0.0,44.2,99
2025-05-26,metoclopramida,59.0,781.4285714285713,0.0,47.3,77
2025-05-27,metoclopramida,45.0,736.4285714285713,0.0,40.5,83
2025-05-28,metoclopramida,60.0,676.4285714285713,0.0,44.0,75
2025-05-29,metoclopramida,51.0,625.4285714285713,0.0,50.3,104
2025-05-30,metoclopramida,47.0,578.4285714285713,0.0,51.8,114
2025-05-31,metoclopramida,45.0,533.4285714285713,0.0,45.9,113
2025-06-01,metoclopramida,52.0,481.42857142857133,0.0,52.5,113
2025-06-02,metoclopramida,56.0,425.42857142857133,0.0,45.5,109
2025-06-03,metoclopramida,73.0,352.42857142857133,0.0,57.4,114
2025-06-04,metoclopramida,62.0,290.42857142857133,0.0,54.0,98
2025-06-05,metoclopramida,47.0,243.42857142857133,0.0,38.4,80
2025-06-06,metoclopramida,52.0,191.42857142857133,0.0,51.9,106
2025-06-07,metoclopramida,46.0,145.42857142857133,0.0,50.6,114
2025-06-08,metoclopramida,68.0,876.2857142857142,798.8571428571429,59.4,138
2025-06-09,metoclopramida,54.0,822.2857142857142,0.0,46.1,84
2025-06-10,metoclopramida,52.0,770.2857142857142,0.0,48.4,100
2025-06-11,metoclopramida,54.0,716.2857142857142,0.0,42.2,62
2025-06-12,metoclopramida,59.0,657.2857142857142,0.0,40.4,82
2025-06-13,metoclopramida,59.0,598.2857142857142,0.0,50.8,95
2025-06-14,metoclopramida,43.0,555.2857142857142,0.0,53.9,114
2025-06-15,metoclopramida,49.0,506.2857142857142,0.0,53.5,105
2025-06-16,metoclopramida,39.0,467.2857142857142,0.0,42.6,88
2025-06-17,metoclopramida,45.0,422.2857142857142,0.0,37.9,70
2025-06-18,metoclopramida,61.0,361.2857142857142,0.0,39.7,76
2025-06-19,metoclopramida,37.0,324.2857142857142,0.0,37.9,79
2025-06-20,metoclopramida,35.0,289.2857142857142,0.0,43.5,78
2025-06-21,metoclopramida,48.0,241.28571428571422,0.0,60.6,127
2025-06-22,metoclopramida,51.0,190.28571428571422,0.0,44.3,81
2025-06-23,metoclopramida,50.0,140.28571428571422,0.0,53.0,95
2025-06-24,metoclopramida,47.0,958.4285714285713,865.1428571428571,35.5,46
2025-06-25,metoclopramida,61.0,897.4285714285713,0.0,35.2,66
2025-06-26,metoclopramida,40.0,857.4285714285713,0.0,37.5,64
2025-06-27,metoclopramida,57.0,800.4285714285713,0.0,40.1,83
2025-06-28,metoclopramida,62.0,738.4285714285713,0.0,50.4,105
2025-06-29,metoclopramida,32.0,706.4285714285713,0.0,45.5,98
2025-06-30,metoclopramida,53.0,653.4285714285713,0.0,53.7,96
2025-07-01,metoclopramida,55.0,598.4285714285713,0.0,43.0,80
2025-07-02,metoclopramida,38.0,560.4285714285713,0.0,39.3,76
2025-07-03,metoclopramida,47.0,513.4285714285713,0.0,42.9,70
2025-07-04,metoclopramida,33.0,480.42857142857133,0.0,35.7,88
2025-07-05,metoclopramida,40.0,440.42857142857133,0.0,43.0,107
2025-07-06,metoclopramida,40.0,400.42857142857133,0.0,51.1,98
2025-07-07,metoclopramida,44.0,356.42857142857133,0.0,54.1,115
2025-07-08,metoclopramida,52.0,304.42857142857133,0.0,42.6,80
2025-07-09,metoclopramida,54.0,250.42857142857133,0.0,32.4,69
2025-07-10,metoclopramida,37.0,213.42857142857133,0.0,36.9,67
2025-07-11,metoclopramida,28.0,185.42857142857133,0.0,45.4,68
2025-07-12,metoclopramida,55.0,130.42857142857133,0.0,43.8,77
2025-07-13,metoclopramida,45.0,85.42857142857133,0.0,54.2,114
2025-07-14,metoclopramida,37.0,796.9999999999999,748.5714285714286,39.8,80
2025-07-15,metoclopramida,51.0,745.9999999999999,0.0,38.3,75
2025-07-16,metoclopramida,54.0,691.9999999999999,0.0,36.2,89
2025-07-17,metoclopramida,35.0,656.9999999999999,0.0,36.3,62
2025-07-18,metoclopramida,47.0,609.9999999999999,0.0,48.8,91
2025-07-19,metoclopramida,48.0,561.9999999999999,0.0,51.7,127
2025-07-20,metoclopramida,55.0,506.9999999999999,0.0,47.7,105
2025-07-21,metoclopramida,57.0,449.9999999999999,0.0,38.7,85
2025-07-22,metoclopramida,45.0,404.9999999999999,0.0,38.8,83
2025-07-23,metoclopramida,41.0,363.9999999999999,0.0,46.0,92
2025-07-24,metoclopramida,41.0,322.9999999999999,0.0,20.7,44
2025-07-25,metoclopramida,45.0,277.9999999999999,0.0,39.1,66
2025-07-26,metoclopramida,56.0,221.9999999999999,0.0,59.3,122
2025-07-27,metoclopramida,43.0,178.9999999999999,0.0,48.3,102
2025-07-28,metoclopramida,45.0,133.9999999999999,0.0,40.8,106
2025-07-29,metoclopramida,51.0,823.5714285714284,740.5714285714286,31.7,63
2025-07-30,metoclopramida,36.0,787.5714285714284,0.0,50.0,90
2025-07-31,metoclopramida,52.0,735.5714285714284,0.0,31.5,83
2025-08-01,metoclopramida,35.0,700.5714285714284,0.0,31.1,54
2025-08-02,metoclopramida,53.0,647.5714285714284,0.0,49.8,117
2025-08-03,metoclopramida,51.0,596.5714285714284,0.0,37.8,60
2025-08-04,metoclopramida,45.0,551.5714285714284,0.0,41.7,88
2025-08-05,metoclopramida,44.0,507.57142857142844,0.0,57.6,121
2025-08-06,metoclopramida,48.0,459.57142857142844,0.0,37.6,62
2025-08-07,metoclopramida,44.0,415.57142857142844,0.0,52.8,91
2025-08-08,metoclopramida,45.0,370.57142857142844,0.0,39.4,76
2025-08-09,metoclopramida,48.0,322.57142857142844,0.0,43.8,82
2025-08-10,metoclopramida,59.0,263.57142857142844,0.0,42.3,99
2025-08-11,metoclopramida,44.0,219.57142857142844,0.0,52.3,97
2025-08-12,metoclopramida,41.0,178.57142857142844,0.0,44.1,96
2025-08-13,metoclopramida,47.0,131.57142857142844,0.0,27.8,47
2025-08-14,metoclopramida,60.0,71.57142857142844,0.0,49.9,104
2025-08-15,metoclopramida,41.0,771.142857142857,740.5714285714286,44.4,106
2025-08-16,metoclopramida,50.0,721.142857142857,0.0,52.3,108
2025-08-17,metoclopramida,55.0,666.142857142857,0.0,51.8,98
2025-08-18,metoclopramida,60.0,606.142857142857,0.0,55.7,117
2025-08-19,metoclopramida,56.0,550.142857142857,0.0,30.3,66
2025-08-20,metoclopramida,53.0,497.142857142857,0.0,47.7,99
2025-08-21,metoclopramida,65.0,432.142857142857,0.0,52.6,103
2025-08-22,metoclopramida,63.0,369.142857142857,0.0,28.5,64
2025-08-23,metoclopramida,45.0,324.142857142857,0.0,54.8,130
2025-08-24,metoclopramida,54.0,270.142857142857,0.0,46.5,84
2025-08-25,metoclopramida,59.0,211.142857142857,0.0,52.5,108
2025-08-26,metoclopramida,37.0,174.142857142857,0.0,39.4,69
2025-08-27,metoclopramida,50.0,124.142857142857,0.0,42.4,61
2025-08-28,metoclopramida,36.0,915.5714285714284,827.4285714285714,40.0,70
2025-08-29,metoclopramida,52.0,863.5714285714284,0.0,49.5,95
2025-08-30,metoclopramida,43.0,820.5714285714284,0.0,64.0,113
2025-08-31,metoclopramida,73.0,747.5714285714284,0.0,43.9,89
2025-09-01,metoclopramida,52.0,695.5714285714284,0.0,52.4,120
2025-09-02,metoclopramida,38.0,657.5714285714284,0.0,40.5,72
2025-09-03,metoclopramida,58.0,599.5714285714284,0.0,41.2,74
2025-09-04,metoclopramida,42.0,557.5714285714284,0.0,36.0,70
2025-09-05,metoclopramida,57.0,500.57142857142844,0.0,42.4,94
2025-09-06,metoclopramida,50.0,450.57142857142844,0.0,58.5,102
2025-09-07,metoclopramida,61.0,389.57142857142844,0.0,68.8,154
2025-09-08,metoclopramida,45.0,344.57142857142844,0.0,47.1,104
2025-09-09,metoclopramida,31.0,313.57142857142844,0.0,43.9,76
2025-09-10,metoclopramida,39.0,274.57142857142844,0.0,38.4,72
2025-09-11,metoclopramida,42.0,232.57142857142844,0.0,44.1,90
2025-09-12,metoclopramida,60.0,172.57142857142844,0.0,41.0,72
2025-09-13,metoclopramida,40.0,132.57142857142844,0.0,41.7,95
2025-09-14,metoclopramida,37.0,896.7142857142856,801.1428571428571,53.5,110
2025-09-15,metoclopramida,21.0,875.7142857142856,0.0,44.3,66
2025-09-16,metoclopramida,57.0,818.7142857142856,0.0,39.6,69
2025-09-17,metoclopramida,44.0,774.7142857142856,0.0,33.8,62
2025-09-18,metoclopramida,56.0,718.7142857142856,0.0,38.9,78
2025-09-19,metoclopramida,46.0,672.7142857142856,0.0,38.9,77
2025-09-20,metoclopramida,51.0,621.7142857142856,0.0,47.2,99
2025-09-21,metoclopramida,53.0,568.7142857142856,0.0,42.2,86
2025-09-22,metoclopramida,41.0,527.7142857142856,0.0,53.0,102
2025-09-23,metoclopramida,64.0,463.71428571428555,0.0,42.4,102
2025-09-24,metoclopramida,38.0,425.71428571428555,0.0,46.4,84
2025-09-25,metoclopramida,45.0,380.71428571428555,0.0,32.7,59
2025-09-26,metoclopramida,40.0,340.71428571428555,0.0,45.5,87
2025-09-27,metoclopramida,57.0,283.71428571428555,0.0,45.5,104
2025-09-28,metoclopramida,44.0,239.71428571428555,0.0,56.4,107
2025-09-29,metoclopramida,59.0,180.71428571428555,0.0,39.6,60
2025-09-30,metoclopramida,42.0,138.71428571428555,0.0,48.9,90
2025-10-01,metoclopramida,49.0,89.71428571428555,0.0,41.8,98
2025-10-02,metoclopramida,51.0,784.9999999999999,746.2857142857143,40.0,66
2025-10-03,metoclopramida,50.0,734.9999999999999,0.0,49.5,98
2025-10-04,metoclopramida,48.0,686.9999999999999,0.0,60.7,153
2025-10-05,metoclopramida,58.0,628.9999999999999,0.0,49.2,102
2025-10-06,metoclopramida,38.0,590.9999999999999,0.0,42.3,78
2025-10-07,metoclopramida,46.0,544.9999999999999,0.0,40.0,69
2025-10-08,metoclopramida,55.0,489.9999999999999,0.0,52.4,109
2025-10-09,metoclopramida,52.0,437.9999999999999,0.0,38.6,68
2025-10-10,metoclopramida,48.0,389.9999999999999,0.0,35.6,46
2025-10-11,metoclopramida,56.0,333.9999999999999,0.0,60.5,120
2025-10-12,metoclopramida,83.0,250.9999999999999,0.0,68.6,190
2025-10-13,metoclopramida,53.0,197.9999999999999,0.0,48.0,102
2025-10-14,metoclopramida,56.0,141.9999999999999,0.0,55.3,121
2025-10-15,metoclopramida,46.0,95.99999999999989,0.0,26.5,57
2025-10-16,metoclopramida,38.0,845.4285714285713,787.4285714285714,51.4,107
2025-10-17,metoclopramida,49.0,796.4285714285713,0.0,46.6,80
2025-10-18,metoclopramida,50.0,746.4285714285713,0.0,42.1,94
2025-10-19,metoclopramida,40.0,706.4285714285713,0.0,49.9,100
2025-10-20,metoclopramida,51.0,655.4285714285713,0.0,51.9,120
2025-10-21,metoclopramida,46.0,609.4285714285713,0.0,36.8,74
2025-10-22,metoclopramida,45.0,564.4285714285713,0.0,39.8,58
2025-10-23,metoclopramida,32.0,532.4285714285713,0.0,38.0,76
2025-10-24,metoclopramida,62.0,470.42857142857133,0.0,42.7,78
2025-10-25,metoclopramida,48.0,422.42857142857133,0.0,49.5,124
2025-10-26,metoclopramida,57.0,365.42857142857133,0.0,60.6,113
2025-10-27,metoclopramida,49.0,316.42857142857133,0.0,42.3,75
2025-10-28,metoclopramida,26.0,290.42857142857133,0.0,29.0,46
2025-10-29,metoclopramida,34.0,256.42857142857133,0.0,45.6,85
2025-10-30,metoclopramida,44.0,212.42857142857133,0.0,29.3,61
2025-10-31,metoclopramida,56.0,156.42857142857133,0.0,41.8,67
2025-11-01,metoclopramida,60.0,895.2857142857142,798.8571428571429,50.8,110
2025-11-02,metoclopramida,60.0,835.2857142857142,0.0,61.1,138
2025-11-03,metoclopramida,33.0,802.2857142857142,0.0,32.3,59
2025-11-04,metoclopramida,41.0,761.2857142857142,0.0,33.7,64
2025-11-05,metoclopramida,53.0,708.2857142857142,0.0,47.2,88
2025-11-06,metoclopramida,55.0,653.2857142857142,0.0,40.5,74
2025-11-07,metoclopramida,49.0,604.2857142857142,0.0,56.8,116
2025-11-08,metoclopramida,46.0,558.2857142857142,0.0,51.4,108
2025-11-09,metoclopramida,59.0,499.2857142857142,0.0,58.3,122
2025-11-10,metoclopramida,42.0,457.2857142857142,0.0,36.4,70
2025-11-11,metoclopramida,43.0,414.2857142857142,0.0,54.0,90
2025-11-12,metoclopramida,48.0,366.2857142857142,0.0,31.8,70
2025-11-13,metoclopramida,51.0,315.2857142857142,0.0,59.2,116
2025-11-14,metoclopramida,48.0,267.2857142857142,0.0,41.5,64
2025-11-15,metoclopramida,54.0,213.28571428571422,0.0,58.1,137
2025-11-16,metoclopramida,43.0,170.28571428571422,0.0,53.3,88
2025-11-17,metoclopramida,52.0,118.28571428571422,0.0,56.1,110
2025-11-18,metoclopramida,50.0,839.7142857142857,771.4285714285714,40.2,65
2025-11-19,metoclopramida,45.0,794.7142857142857,0.0,37.2,67
2025-11-20,metoclopramida,53.0,741.7142857142857,0.0,48.8,103
2025-11-21,metoclopramida,54.0,687.7142857142857,0.0,42.5,85
2025-11-22,metoclopramida,40.0,647.7142857142857,0.0,49.8,99
2025-11-23,metoclopramida,47.0,600.7142857142857,0.0,54.9,102
2025-11-24,metoclopramida,38.0,562.7142857142857,0.0,37.1,65
2025-11-25,metoclopramida,37.0,525.7142857142857,0.0,26.7,48
2025-11-26,metoclopramida,41.0,484.71428571428567,0.0,39.6,65
2025-11-27,metoclopramida,61.0,423.71428571428567,0.0,35.5,52
2025-11-28,metoclopramida,38.0,385.71428571428567,0.0,26.7,30
2025-11-29,metoclopramida,45.0,340.71428571428567,0.0,47.7,89
2025-11-30,metoclopramida,42.0,298.71428571428567,0.0,53.8,118
2025-12-01,metoclopramida,54.0,244.71428571428567,0.0,44.5,99
2025-12-02,metoclopramida,30.0,214.71428571428567,0.0,33.9,68
2025-12-03,metoclopramida,43.0,171.71428571428567,0.0,28.7,62
2025-12-04,metoclopramida,37.0,134.71428571428567,0.0,48.8,98
2025-12-05,metoclopramida,58.0,834.4285714285713,757.7142857142857,47.6,98
2025-12-06,metoclopramida,56.0,778.4285714285713,0.0,38.4,76
2025-12-07,metoclopramida,71.0,707.4285714285713,0.0,36.8,100
2025-12-08,metoclopramida,57.0,650.4285714285713,0.0,46.1,107
2025-12-09,metoclopramida,53.0,597.4285714285713,0.0,41.2,66
2025-12-10,metoclopramida,52.0,545.4285714285713,0.0,43.8,94
2025-12-11,metoclopramida,55.0,490.42857142857133,0.0,43.4,81
2025-12-12,metoclopramida,47.0,443.42857142857133,0.0,32.5,70
2025-12-13,metoclopramida,46.0,397.42857142857133,0.0,47.3,80
2025-12-14,metoclopramida,36.0,361.42857142857133,0.0,44.2,89
2025-12-15,metoclopramida,47.0,314.42857142857133,0.0,34.0,55
2025-12-16,metoclopramida,62.0,252.42857142857133,0.0,41.8,54
2025-12-17,metoclopramida,48.0,204.42857142857133,0.0,38.9,55
2025-12-18,metoclopramida,36.0,168.42857142857133,0.0,36.9,70
2025-12-19,metoclopramida,37.0,931.4285714285713,800.0,37.1,74
2025-12-20,metoclopramida,51.0,880.4285714285713,0.0,43.4,89
2025-12-21,metoclopramida,49.0,831.4285714285713,0.0,48.9,95
2025-12-22,metoclopramida,47.0,784.4285714285713,0.0,49.2,103
2025-12-23,metoclopramida,59.0,725.4285714285713,0.0,29.2,49
2025-12-24,metoclopramida,49.0,676.4285714285713,0.0,38.0,53
2025-12-25,metoclopramida,63.0,613.4285714285713,0.0,53.7,116
2025-12-26,metoclopramida,39.0,574.4285714285713,0.0,52.2,84
2025-12-27,metoclopramida,47.0,527.4285714285713,0.0,40.9,77
2025-12-28,metoclopramida,41.0,486.42857142857133,0.0,62.0,118
2025-12-29,metoclopramida,50.0,436.42857142857133,0.0,38.5,67
2025-12-30,metoclopramida,26.0,410.42857142857133,0.0,36.0,53
2025-12-31,metoclopramida,65.0,345.42857142857133,0.0,36.6,74
2024-01-01,amoxicilina,55.0,880.0,0.0,52.7,111
2024-01-02,amoxicilina,38.0,842.0,0.0,33.6,51
2024-01-03,amoxicilina,53.0,789.0,0.0,34.2,61
2024-01-04,amoxicilina,56.0,733.0,0.0,32.6,51
2024-01-05,amoxicilina,30.0,703.0,0.0,24.7,30
2024-01-06,amoxicilina,67.0,636.0,0.0,41.6,71
2024-01-07,amoxicilina,71.0,565.0,0.0,51.5,99
2024-01-08,amoxicilina,60.0,505.0,0.0,29.9,65
2024-01-09,amoxicilina,54.0,451.0,0.0,20.0,44
2024-01-10,amoxicilina,48.0,403.0,0.0,37.5,57
2024-01-11,amoxicilina,44.0,359.0,0.0,49.8,90
2024-01-12,amoxicilina,60.0,299.0,0.0,37.9,81
2024-01-13,amoxicilina,64.0,235.0,0.0,34.2,80
2024-01-14,amoxicilina,68.0,167.0,0.0,43.7,85
2024-01-15,amoxicilina,36.0,1044.75,913.75,38.7,61
2024-01-16,amoxicilina,46.0,998.75,0.0,33.7,37
2024-01-17,amoxicilina,56.0,942.75,0.0,32.8,49
2024-01-18,amoxicilina,51.0,891.75,0.0,28.6,47
2024-01-19,amoxicilina,56.0,835.75,0.0,26.8,48
2024-01-20,amoxicilina,54.0,781.75,0.0,39.9,75
2024-01-21,amoxicilina,66.0,715.75,0.0,40.7,81
2024-01-22,amoxicilina,69.0,646.75,0.0,22.5,37
2024-01-23,amoxicilina,42.0,604.75,0.0,38.6,48
2024-01-24,amoxicilina,54.0,550.75,0.0,36.8,46
2024-01-25,amoxicilina,50.0,500.75,0.0,33.2,43
2024-01-26,amoxicilina,47.0,453.75,0.0,26.7,48
2024-01-27,amoxicilina,51.0,402.75,0.0,47.1,86
2024-01-28,amoxicilina,61.0,341.75,0.0,40.6,70
2024-01-29,amoxicilina,68.0,273.75,0.0,51.4,103
2024-01-30,amoxicilina,49.0,224.75,0.0,35.7,49
2024-01-31,amoxicilina,31.0,193.75,0.0,46.2,86
2024-02-01,amoxicilina,67.0,126.75,0.0,34.4,51
2024-02-02,amoxicilina,42.0,84.75,0.0,29.8,39
2024-02-03,amoxicilina,50.0,972.1785714285714,937.4285714285714,40.2,72
2024-02-04,amoxicilina,59.0,913.1785714285714,0.0,31.0,70
2024-02-05,amoxicilina,41.0,872.1785714285714,0.0,39.8,74
2024-02-06,amoxicilina,47.0,825.1785714285714,0.0,29.2,51
2024-02-07,amoxicilina,58.0,767.1785714285714,0.0,34.0,73
2024-02-08,amoxicilina,38.0,729.1785714285714,0.0,42.0,62
2024-02-09,amoxicilina,84.0,645.1785714285714,0.0,51.3,88
2024-02-10,amoxicilina,55.0,590.1785714285714,0.0,53.0,97
2024-02-11,amoxicilina,53.0,537.1785714285714,0.0,59.8,129
2024-02-12,amoxicilina,68.0,469.17857142857144,0.0,55.4,104
2024-02-13,amoxicilina,64.0,405.17857142857144,0.0,46.5,94
2024-02-14,amoxicilina,26.0,379.17857142857144,0.0,40.7,75
2024-02-15,amoxicilina,51.0,328.17857142857144,0.0,42.8,96
2024-02-16,amoxicilina,41.0,287.17857142857144,0.0,55.8,116
2024-02-17,amoxicilina,62.0,225.17857142857144,0.0,58.6,128
2024-02-18,amoxicilina,44.0,181.17857142857144,0.0,72.4,183
2024-02-19,amoxicilina,46.0,135.17857142857144,0.0,61.3,137
2024-02-20,amoxicilina,59.0,977.1785714285716,901.0,55.3,120
2024-02-21,amoxicilina,67.0,910.1785714285716,0.0,73.6,151
2024-02-22,amoxicilina,51.0,859.1785714285716,0.0,49.7,93
2024-02-23,amoxicilina,35.0,824.1785714285716,0.0,56.0,121
2024-02-24,amoxicilina,60.0,764.1785714285716,0.0,60.4,131
2024-02-25,amoxicilina,56.0,708.1785714285716,0.0,65.6,148
2024-02-26,amoxicilina,58.0,650.1785714285716,0.0,61.8,140
2024-02-27,amoxicilina,51.0,599.1785714285716,0.0,56.9,136
2024-02-28,amoxicilina,50.0,549.1785714285716,0.0,54.6,119
2024-02-29,amoxicilina,60.0,489.17857142857156,0.0,63.8,152
2024-03-01,amoxicilina,51.0,438.17857142857156,0.0,50.9,121
2024-03-02,amoxicilina,44.0,394.17857142857156,0.0,63.2,136
2024-03-03,amoxicilina,57.0,337.17857142857156,0.0,64.2,140
2024-03-04,amoxicilina,63.0,274.17857142857156,0.0,60.3,154
2024-03-05,amoxicilina,38.0,236.17857142857156,0.0,58.6,130
2024-03-06,amoxicilina,52.0,184.17857142857156,0.0,59.9,121
2024-03-07,amoxicilina,58.0,1024.75,898.5714285714286,56.7,111
2024-03-08,amoxicilina,54.0,970.75,0.0,60.7,123
2024-03-09,amoxicilina,61.0,909.75,0.0,83.7,200
2024-03-10,amoxicilina,54.0,855.75,0.0,70.4,172
2024-03-11,amoxicilina,68.0,787.75,0.0,58.3,140
2024-03-12,amoxicilina,43.0,744.75,0.0,54.9,114
2024-03-13,amoxicilina,40.0,704.75,0.0,53.3,109
2024-03-14,amoxicilina,73.0,631.75,0.0,70.9,149
2024-03-15,amoxicilina,77.0,554.75,0.0,69.1,146
2024-03-16,amoxicilina,70.0,484.75,0.0,61.7,139
2024-03-17,amoxicilina,62.0,422.75,0.0,58.3,142
2024-03-18,amoxicilina,42.0,380.75,0.0,62.4,143
2024-03-19,amoxicilina,53.0,327.75,0.0,50.9,104
2024-03-20,amoxicilina,63.0,264.75,0.0,57.9,129
2024-03-21,amoxicilina,56.0,208.75,0.0,66.6,158
2024-03-22,amoxicilina,42.0,166.75,0.0,52.1,107
2024-03-23,amoxicilina,58.0,1058.3214285714284,949.5714285714286,62.0,144
2024-03-24,amoxicilina,69.0,989.3214285714284,0.0,57.6,133
2024-03-25,amoxicilina,58.0,931.3214285714284,0.0,49.5,99
2024-03-26,amoxicilina,51.0,880.3214285714284,0.0,50.1,109
2024-03-27,amoxicilina,46.0,834.3214285714284,0.0,59.4,128
2024-03-28,amoxicilina,48.0,786.3214285714284,0.0,47.6,94
2024-03-29,amoxicilina,62.0,724.3214285714284,0.0,62.6,153
2024-03-30,amoxicilina,46.0,678.3214285714284,0.0,66.3,156
2024-03-31,amoxicilina,52.0,626.3214285714284,0.0,77.8,167
2024-04-01,amoxicilina,63.0,563.3214285714284,0.0,53.0,126
2024-04-02,amoxicilina,56.0,507.32142857142844,0.0,32.8,79
2024-04-03,amoxicilina,37.0,470.32142857142844,0.0,53.0,134
2024-04-04,amoxicilina,55.0,415.32142857142844,0.0,51.5,108
2024-04-05,amoxicilina,39.0,376.32142857142844,0.0,47.7,97
2024-04-06,amoxicilina,57.0,319.32142857142844,0.0,59.3,132
2024-04-07,amoxicilina,53.0,266.32142857142844,0.0,48.9,87
2024-04-08,amoxicilina,49.0,217.32142857142844,0.0,51.9,140
2024-04-09,amoxicilina,43.0,174.32142857142844,0.0,51.6,104
2024-04-10,amoxicilina,64.0,110.32142857142844,0.0,67.4,136
2024-04-11,amoxicilina,38.0,1007.3214285714284,935.0,56.3,135
2024-04-12,amoxicilina,55.0,952.3214285714284,0.0,53.0,117
2024-04-13,amoxicilina,59.0,893.3214285714284,0.0,62.0,147
2024-04-14,amoxicilina,41.0,852.3214285714284,0.0,47.8,108
2024-04-15,amoxicilina,49.0,803.3214285714284,0.0,47.3,100
2024-04-16,amoxicilina,50.0,753.3214285714284,0.0,56.7,107
2024-04-17,amoxicilina,62.0,691.3214285714284,0.0,45.4,70
2024-04-18,amoxicilina,44.0,647.3214285714284,0.0,48.6,104
2024-04-19,amoxicilina,62.0,585.3214285714284,0.0,58.0,105
2024-04-20,amoxicilina,52.0,533.3214285714284,0.0,56.8,123
2024-04-21,amoxicilina,77.0,456.32142857142844,0.0,86.4,188
2024-04-22,amoxicilina,52.0,404.32142857142844,0.0,38.8,73
2024-04-23,amoxicilina,65.0,339.32142857142844,0.0,37.6,67
2024-04-24,amoxicilina,50.0,289.32142857142844,0.0,42.4,78
2024-04-25,amoxicilina,66.0,223.32142857142844,0.0,53.3,77
2024-04-26,amoxicilina,40.0,183.32142857142844,0.0,43.6,76
2024-04-27,amoxicilina,46.0,137.32142857142844,0.0,52.4,119
2024-04-28,amoxicilina,67.0,974.9642857142856,904.6428571428571,60.2,122
2024-04-29,amoxicilina,44.0,930.9642857142856,0.0,56.9,128
2024-04-30,amoxicilina,54.0,876.9642857142856,0.0,35.1,67
2024-05-01,amoxicilina,63.0,813.9642857142856,0.0,60.6,124
2024-05-02,amoxicilina,43.0,770.9642857142856,0.0,45.2,90
2024-05-03,amoxicilina,59.0,711.9642857142856,0.0,50.4,102
2024-05-04,amoxicilina,91.0,620.9642857142856,0.0,60.9,135
2024-05-05,amoxicilina,56.0,564.9642857142856,0.0,50.3,101
2024-05-06,amoxicilina,63.0,501.96428571428555,0.0,60.1,128
2024-05-07,amoxicilina,53.0,448.96428571428555,0.0,27.2,61
2024-05-08,amoxicilina,46.0,402.96428571428555,0.0,44.3,80
2024-05-09,amoxicilina,41.0,361.96428571428555,0.0,34.2,70
2024-05-10,amoxicilina,41.0,320.96428571428555,0.0,39.3,90
2024-05-11,amoxicilina,36.0,284.96428571428555,0.0,50.8,107
2024-05-12,amoxicilina,53.0,1198.5357142857142,966.5714285714286,56.3,121
2024-05-13,amoxicilina,60.0,1138.5357142857142,0.0,49.7,111
2024-05-14,amoxicilina,34.0,1104.5357142857142,0.0,45.3,81
2024-05-15,amoxicilina,57.0,1047.5357142857142,0.0,29.2,60
2024-05-16,amoxicilina,46.0,1001.5357142857142,0.0,50.1,109
2024-05-17,amoxicilina,44.0,957.5357142857142,0.0,53.3,120
2024-05-18,amoxicilina,60.0,897.5357142857142,0.0,63.1,142
2024-05-19,amoxicilina,38.0,859.5357142857142,0.0,65.8,146
2024-05-20,amoxicilina,59.0,800.5357142857142,0.0,44.2,99
2024-05-21,amoxicilina,60.0,740.5357142857142,0.0,36.8,58
2024-05-22,amoxicilina,63.0,677.5357142857142,0.0,39.4,73
2024-05-23,amoxicilina,45.0,632.5357142857142,0.0,41.4,101
2024-05-24,amoxicilina,29.0,603.5357142857142,0.0,31.3,73
2024-05-25,amoxicilina,70.0,533.5357142857142,0.0,47.8,98
2024-05-26,amoxicilina,57.0,476.5357142857142,0.0,49.1,104
2024-05-27,amoxicilina,46.0,430.5357142857142,0.0,43.6,87
2024-05-28,amoxicilina,55.0,375.5357142857142,0.0,50.6,106
2024-05-29,amoxicilina,48.0,327.5357142857142,0.0,36.2,62
2024-05-30,amoxicilina,41.0,286.5357142857142,0.0,40.1,65
2024-05-31,amoxicilina,50.0,236.53571428571422,0.0,31.2,63
2024-06-01,amoxicilina,49.0,187.53571428571422,0.0,36.2,78
2024-06-02,amoxicilina,52.0,1012.25,876.7142857142857,43.2,97
2024-06-03,amoxicilina,74.0,938.25,0.0,44.8,86
2024-06-04,amoxicilina,55.0,883.25,0.0,67.9,141
2024-06-05,amoxicilina,42.0,841.25,0.0,39.9,80
2024-06-06,amoxicilina,57.0,784.25,0.0,34.0,87
2024-06-07,amoxicilina,52.0,732.25,0.0,28.1,61
2024-06-08,amoxicilina,39.0,693.25,0.0,51.9,119
2024-06-09,amoxicilina,57.0,636.25,0.0,45.0,96
2024-06-10,amoxicilina,56.0,580.25,0.0,41.0,83
2024-06-11,amoxicilina,62.0,518.25,0.0,47.7,97
2024-06-12,amoxicilina,53.0,465.25,0.0,39.6,78
2024-06-13,amoxicilina,54.0,411.25,0.0,55.2,107
2024-06-14,amoxicilina,45.0,366.25,0.0,41.7,88
2024-06-15,amoxicilina,56.0,310.25,0.0,55.3,129
2024-06-16,amoxicilina,75.0,235.25,0.0,53.3,108
2024-06-17,amoxicilina,61.0,174.25,0.0,36.1,82
2024-06-18,amoxicilina,48.0,126.25,0.0,39.3,69
2024-06-19,amoxicilina,56.0,70.25,0.0,40.6,76
2024-06-20,amoxicilina,68.0,893.5357142857143,891.2857142857143,43.4,87
2024-06-21,amoxicilina,62.0,831.5357142857143,0.0,40.6,59
2024-06-22,amoxicilina,50.0,781.5357142857143,0.0,50.7,113
2024-06-23,amoxicilina,46.0,735.5357142857143,0.0,53.3,90
2024-06-24,amoxicilina,50.0,685.5357142857143,0.0,41.0,81
2024-06-25,amoxicilina,51.0,634.5357142857143,0.0,49.4,117
2024-06-26,amoxicilina,46.0,588.5357142857143,0.0,38.4,70
2024-06-27,amoxicilina,52.0,536.5357142857143,0.0,35.2,74
2024-06-28,amoxicilina,46.0,490.53571428571433,0.0,35.8,72
2024-06-29,amoxicilina,48.0,442.53571428571433,0.0,63.1,137
2024-06-30,amoxicilina,32.0,410.53571428571433,0.0,54.3,110
2024-07-01,amoxicilina,55.0,355.53571428571433,0.0,45.8,99
2024-07-02,amoxicilina,54.0,301.53571428571433,0.0,57.4,114
2024-07-03,amoxicilina,77.0,224.53571428571433,0.0,56.7,110
2024-07-04,amoxicilina,44.0,180.53571428571433,0.0,49.8,87
2024-07-05,amoxicilina,56.0,124.53571428571433,0.0,50.4,99
2024-07-06,amoxicilina,68.0,986.6785714285716,930.1428571428571,56.8,108
2024-07-07,amoxicilina,67.0,919.6785714285716,0.0,32.7,76
2024-07-08,amoxicilina,70.0,849.6785714285716,0.0,49.8,107
2024-07-09,amoxicilina,58.0,791.6785714285716,0.0,49.0,111
2024-07-10,amoxicilina,47.0,744.6785714285716,0.0,44.9,88
2024-07-11,amoxicilina,47.0,697.6785714285716,0.0,43.2,91
2024-07-12,amoxicilina,38.0,659.6785714285716,0.0,47.9,100
2024-07-13,amoxicilina,61.0,598.6785714285716,0.0,51.6,87
2024-07-14,amoxicilina,71.0,527.6785714285716,0.0,52.8,114
2024-07-15,amoxicilina,52.0,475.67857142857156,0.0,48.5,95
2024-07-16,amoxicilina,57.0,418.67857142857156,0.0,42.1,84
2024-07-17,amoxicilina,41.0,377.67857142857156,0.0,39.8,74
2024-07-18,amoxicilina,60.0,317.67857142857156,0.0,39.5,74
2024-07-19,amoxicilina,54.0,263.67857142857156,0.0,39.9,70
2024-07-20,amoxicilina,69.0,194.67857142857156,0.0,74.3,160
2024-07-21,amoxicilina,60.0,134.67857142857156,0.0,51.7,90
2024-07-22,amoxicilina,56.0,1065.8928571428573,987.2142857142857,41.4,76
2024-07-23,amoxicilina,43.0,1022.8928571428573,0.0,35.9,57
2024-07-24,amoxicilina,60.0,962.8928571428573,0.0,34.2,72
2024-07-25,amoxicilina,44.0,918.8928571428573,0.0,37.7,70
2024-07-26,amoxicilina,59.0,859.8928571428573,0.0,35.6,52
2024-07-27,amoxicilina,68.0,791.8928571428573,0.0,51.4,98
2024-07-28,amoxicilina,59.0,732.8928571428573,0.0,50.5,103
2024-07-29,amoxicilina,60.0,672.8928571428573,0.0,58.4,118
2024-07-30,amoxicilina,49.0,623.8928571428573,0.0,32.0,47
2024-07-31,amoxicilina,59.0,564.8928571428573,0.0,44.3,74
2024-08-01,amoxicilina,51.0,513.8928571428573,0.0,36.8,63
2024-08-02,amoxicilina,39.0,474.89285714285734,0.0,36.0,68
2024-08-03,amoxicilina,59.0,415.89285714285734,0.0,58.0,123
2024-08-04,amoxicilina,44.0,371.89285714285734,0.0,44.6,122
2024-08-05,amoxicilina,95.0,276.89285714285734,0.0,70.8,159
2024-08-06,amoxicilina,64.0,212.89285714285734,0.0,27.7,82
2024-08-07,amoxicilina,53.0,159.89285714285734,0.0,43.8,106
2024-08-08,amoxicilina,49.0,1082.321428571429,971.4285714285714,46.5,89
2024-08-09,amoxicilina,48.0,1034.321428571429,0.0,57.1,119
2024-08-10,amoxicilina,56.0,978.3214285714289,0.0,42.2,95
2024-08-11,amoxicilina,58.0,920.3214285714289,0.0,44.0,95
2024-08-12,amoxicilina,36.0,884.3214285714289,0.0,53.0,97
2024-08-13,amoxicilina,45.0,839.3214285714289,0.0,45.6,97
2024-08-14,amoxicilina,52.0,787.3214285714289,0.0,62.1,113
2024-08-15,amoxicilina,43.0,744.3214285714289,0.0,41.6,80
2024-08-16,amoxicilina,49.0,695.3214285714289,0.0,41.5,75
2024-08-17,amoxicilina,52.0,643.3214285714289,0.0,60.0,114
2024-08-18,amoxicilina,64.0,579.3214285714289,0.0,42.1,80
2024-08-19,amoxicilina,67.0,512.3214285714289,0.0,44.6,100
2024-08-20,amoxicilina,40.0,472.3214285714289,0.0,42.2,83
2024-08-21,amoxicilina,47.0,425.3214285714289,0.0,48.1,99
2024-08-22,amoxicilina,54.0,371.3214285714289,0.0,27.7,56
2024-08-23,amoxicilina,43.0,328.3214285714289,0.0,35.7,66
2024-08-24,amoxicilina,65.0,263.3214285714289,0.0,42.1,90
2024-08-25,amoxicilina,74.0,189.3214285714289,0.0,43.9,76
2024-08-26,amoxicilina,63.0,126.3214285714289,0.0,45.9,92
2024-08-27,amoxicilina,63.0,957.0357142857146,893.7142857142857,47.1,99
2024-08-28,amoxicilina,40.0,917.0357142857146,0.0,38.4,72
2024-08-29,amoxicilina,42.0,875.0357142857146,0.0,43.5,83
2024-08-30,amoxicilina,57.0,818.0357142857146,0.0,35.7,56
2024-08-31,amoxicilina,33.0,785.0357142857146,0.0,36.5,77
2024-09-01,amoxicilina,67.0,718.0357142857146,0.0,58.8,141
2024-09-02,amoxicilina,49.0,669.0357142857146,0.0,42.2,69
2024-09-03,amoxicilina,62.0,607.0357142857146,0.0,36.1,69
2024-09-04,amoxicilina,40.0,567.0357142857146,0.0,41.9,97
2024-09-05,amoxicilina,53.0,514.0357142857146,0.0,52.8,107
2024-09-06,amoxicilina,62.0,452.03571428571456,0.0,39.2,68
2024-09-07,amoxicilina,74.0,378.03571428571456,0.0,58.9,147
2024-09-08,amoxicilina,54.0,324.03571428571456,0.0,55.8,118
2024-09-09,amoxicilina,48.0,276.03571428571456,0.0,59.9,124
2024-09-10,amoxicilina,55.0,221.03571428571456,0.0,43.4,81
2024-09-11,amoxicilina,34.0,187.03571428571456,0.0,42.4,75
2024-09-12,amoxicilina,63.0,124.03571428571456,0.0,39.8,91
2024-09-13,amoxicilina,51.0,73.03571428571456,0.0,45.7,88
2024-09-14,amoxicilina,58.0,926.964285714286,911.9285714285714,46.7,98
2024-09-15,amoxicilina,55.0,871.964285714286,0.0,45.6,97
2024-09-16,amoxicilina,61.0,810.964285714286,0.0,45.4,81
2024-09-17,amoxicilina,72.0,738.964285714286,0.0,45.8,75
2024-09-18,amoxicilina,64.0,674.964285714286,0.0,42.1,61
2024-09-19,amoxicilina,59.0,615.964285714286,0.0,46.8,80
2024-09-20,amoxicilina,56.0,559.964285714286,0.0,29.6,47
2024-09-21,amoxicilina,60.0,499.964285714286,0.0,47.6,93
2024-09-22,amoxicilina,67.0,432.964285714286,0.0,49.2,93
2024-09-23,amoxicilina,80.0,352.964285714286,0.0,48.0,97
2024-09-24,amoxicilina,68.0,284.964285714286,0.0,38.3,69
2024-09-25,amoxicilina,44.0,240.964285714286,0.0,35.1,52
2024-09-26,amoxicilina,49.0,191.964285714286,0.0,35.4,63
2024-09-27,amoxicilina,51.0,140.964285714286,0.0,32.7,63
2024-09-28,amoxicilina,49.0,91.964285714286,0.0,43.1,89
2024-09-29,amoxicilina,60.0,1008.2500000000005,976.2857142857143,45.2,83
2024-09-30,amoxicilina,43.0,965.2500000000005,0.0,47.9,98
2024-10-01,amoxicilina,43.0,922.2500000000005,0.0,38.1,66
2024-10-02,amoxicilina,55.0,867.2500000000005,0.0,40.1,68
2024-10-03,amoxicilina,60.0,807.2500000000005,0.0,35.5,67
2024-10-04,amoxicilina,42.0,765.2500000000005,0.0,34.1,50
2024-10-05,amoxicilina,46.0,719.2500000000005,0.0,47.7,93
2024-10-06,amoxicilina,51.0,668.2500000000005,0.0,49.3,116
2024-10-07,amoxicilina,51.0,617.2500000000005,0.0,46.0,76
2024-10-08,amoxicilina,57.0,560.2500000000005,0.0,32.2,59
2024-10-09,amoxicilina,36.0,524.2500000000005,0.0,34.3,78
2024-10-10,amoxicilina,55.0,469.25000000000045,0.0,38.1,82
2024-10-11,amoxicilina,45.0,424.25000000000045,0.0,36.8,78
2024-10-12,amoxicilina,60.0,364.25000000000045,0.0,59.3,130
2024-10-13,amoxicilina,50.0,314.25000000000045,0.0,43.3,88
2024-10-14,amoxicilina,48.0,266.25000000000045,0.0,44.1,91
2024-10-15,amoxicilina,40.0,226.25000000000045,0.0,40.9,71
2024-10-16,amoxicilina,52.0,174.25000000000045,0.0,41.5,76
2024-10-17,amoxicilina,37.0,137.25000000000045,0.0,40.4,73
2024-10-18,amoxicilina,54.0,83.25000000000045,0.0,35.9,59
2024-10-19,amoxicilina,53.0,879.0357142857148,848.7857142857143,57.0,117
2024-10-20,amoxicilina,51.0,828.0357142857148,0.0,24.8,56
2024-10-21,amoxicilina,48.0,780.0357142857148,0.0,37.7,73
2024-10-22,amoxicilina,39.0,741.0357142857148,0.0,31.5,76
2024-10-23,amoxicilina,51.0,690.0357142857148,0.0,39.6,74
2024-10-24,amoxicilina,56.0,634.0357142857148,0.0,36.7,66
2024-10-25,amoxicilina,50.0,584.0357142857148,0.0,42.6,71
2024-10-26,amoxicilina,52.0,532.0357142857148,0.0,49.5,89
2024-10-27,amoxicilina,61.0,471.0357142857148,0.0,56.8,121
2024-10-28,amoxicilina,47.0,424.0357142857148,0.0,36.4,71
2024-10-29,amoxicilina,54.0,370.0357142857148,0.0,43.2,79
2024-10-30,amoxicilina,46.0,324.0357142857148,0.0,29.0,50
2024-10-31,amoxicilina,62.0,262.0357142857148,0.0,44.7,89
2024-11-01,amoxicilina,53.0,209.0357142857148,0.0,38.2,59
2024-11-02,amoxicilina,63.0,146.0357142857148,0.0,57.9,133
2024-11-03,amoxicilina,60.0,86.03571428571479,0.0,54.6,108
2024-11-04,amoxicilina,59.0,27.03571428571479,0.0,45.3,83
2024-11-05,amoxicilina,42.0,825.3214285714291,840.2857142857143,37.8,80
2024-11-06,amoxicilina,43.0,782.3214285714291,0.0,37.4,57
2024-11-07,amoxicilina,53.0,729.3214285714291,0.0,41.9,73
2024-11-08,amoxicilina,46.0,683.3214285714291,0.0,41.6,79
2024-11-09,amoxicilina,49.0,634.3214285714291,0.0,42.4,91
2024-11-10,amoxicilina,52.0,582.3214285714291,0.0,46.9,105
2024-11-11,amoxicilina,57.0,525.3214285714291,0.0,42.6,89
2024-11-12,amoxicilina,46.0,479.3214285714291,0.0,46.2,87
2024-11-13,amoxicilina,56.0,423.3214285714291,0.0,24.1,41
2024-11-14,amoxicilina,49.0,374.3214285714291,0.0,40.9,73
2024-11-15,amoxicilina,63.0,311.3214285714291,0.0,39.8,89
2024-11-16,amoxicilina,47.0,264.3214285714291,0.0,48.1,101
2024-11-17,amoxicilina,65.0,199.32142857142912,0.0,53.9,114
2024-11-18,amoxicilina,66.0,133.32142857142912,0.0,61.2,108
2024-11-19,amoxicilina,46.0,87.32142857142912,0.0,28.0,57
2024-11-20,amoxicilina,52.0,932.678571428572,897.3571428571429,61.8,121
2024-11-21,amoxicilina,57.0,875.678571428572,0.0,42.9,82
2024-11-22,amoxicilina,68.0,807.678571428572,0.0,29.6,41
2024-11-23,amoxicilina,75.0,732.678571428572,0.0,54.0,114
2024-11-24,amoxicilina,57.0,675.678571428572,0.0,40.6,72
2024-11-25,amoxicilina,59.0,616.678571428572,0.0,34.7,62
2024-11-26,amoxicilina,57.0,559.678571428572,0.0,45.0,73
2024-11-27,amoxicilina,82.0,477.678571428572,0.0,39.1,78
2024-11-28,amoxicilina,48.0,429.678571428572,0.0,38.8,59
2024-11-29,amoxicilina,43.0,386.678571428572,0.0,29.9,54
2024-11-30,amoxicilina,46.0,340.678571428572,0.0,42.0,82
2024-12-01,amoxicilina,69.0,271.678571428572,0.0,38.7,84
2024-12-02,amoxicilina,53.0,218.678571428572,0.0,36.1,59
2024-12-03,amoxicilina,61.0,1149.7500000000005,992.0714285714286,50.9,90
2024-12-04,amoxicilina,47.0,1102.7500000000005,0.0,43.0,85
2024-12-05,amoxicilina,52.0,1050.7500000000005,0.0,37.3,70
2024-12-06,amoxicilina,34.0,1016.7500000000005,0.0,28.7,56
2024-12-07,amoxicilina,60.0,956.7500000000005,0.0,45.2,93
2024-12-08,amoxicilina,58.0,898.7500000000005,0.0,48.2,117
2024-12-09,amoxicilina,46.0,852.7500000000005,0.0,42.8,94
2024-12-10,amoxicilina,58.0,794.7500000000005,0.0,51.6,106
2024-12-11,amoxicilina,44.0,750.7500000000005,0.0,30.1,32
2024-12-12,amoxicilina,57.0,693.7500000000005,0.0,40.9,46
2024-12-13,amoxicilina,58.0,635.7500000000005,0.0,39.6,81
2024-12-14,amoxicilina,58.0,577.7500000000005,0.0,42.8,67
2024-12-15,amoxicilina,60.0,517.7500000000005,0.0,52.7,109
2024-12-16,amoxicilina,44.0,473.75000000000045,0.0,40.6,79
2024-12-17,amoxicilina,61.0,412.75000000000045,0.0,38.8,67
2024-12-18,amoxicilina,40.0,372.75000000000045,0.0,36.2,64
2024-12-19,amoxicilina,55.0,317.75000000000045,0.0,35.7,62
2024-12-20,amoxicilina,39.0,278.75000000000045,0.0,34.4,64
2024-12-21,amoxicilina,63.0,215.75000000000045,0.0,43.7,102
2024-12-22,amoxicilina,62.0,153.75000000000045,0.0,42.4,100
2024-12-23,amoxicilina,57.0,96.75000000000045,0.0,45.3,83
2024-12-24,amoxicilina,39.0,963.6071428571433,905.8571428571429,35.2,65
2024-12-25,amoxicilina,45.0,918.6071428571433,0.0,38.5,78
2024-12-26,amoxicilina,80.0,838.6071428571433,0.0,32.9,55
2024-12-27,amoxicilina,46.0,792.6071428571433,0.0,45.1,81
2024-12-28,amoxicilina,61.0,731.6071428571433,0.0,53.9,113
2024-12-29,amoxicilina,61.0,670.6071428571433,0.0,38.3,78
2024-12-30,amoxicilina,49.0,621.6071428571433,0.0,51.0,93
2024-12-31,amoxicilina,43.0,578.6071428571433,0.0,43.7,68
2025-01-01,amoxicilina,47.0,531.6071428571433,0.0,50.9,101
2025-01-02,amoxicilina,52.0,479.60714285714334,0.0,43.7,75
2025-01-03,amoxicilina,71.0,408.60714285714334,0.0,45.2,76
2025-01-04,amoxicilina,52.0,356.60714285714334,0.0,50.7,93
2025-01-05,amoxicilina,59.0,297.60714285714334,0.0,49.6,96
2025-01-06,amoxicilina,58.0,239.60714285714334,0.0,49.6,96
2025-01-07,amoxicilina,48.0,191.60714285714334,0.0,44.7,83
2025-01-08,amoxicilina,53.0,138.60714285714334,0.0,36.2,77
2025-01-09,amoxicilina,51.0,87.60714285714334,0.0,41.2,71
2025-01-10,amoxicilina,54.0,940.6785714285719,907.0714285714286,46.3,109
2025-01-11,amoxicilina,57.0,883.6785714285719,0.0,40.9,87
2025-01-12,amoxicilina,68.0,815.6785714285719,0.0,41.6,65
2025-01-13,amoxicilina,51.0,764.6785714285719,0.0,60.7,125
2025-01-14,amoxicilina,52.0,712.6785714285719,0.0,39.8,58
2025-01-15,amoxicilina,45.0,667.6785714285719,0.0,29.7,49
2025-01-16,amoxicilina,54.0,613.6785714285719,0.0,34.9,74
2025-01-17,amoxicilina,50.0,563.6785714285719,0.0,31.9,55
2025-01-18,amoxicilina,48.0,515.6785714285719,0.0,39.9,74
2025-01-19,amoxicilina,49.0,466.6785714285719,0.0,33.2,55
2025-01-20,amoxicilina,76.0,390.6785714285719,0.0,50.0,91
2025-01-21,amoxicilina,45.0,345.6785714285719,0.0,34.5,64
2025-01-22,amoxicilina,56.0,289.6785714285719,0.0,43.3,81
2025-01-23,amoxicilina,44.0,245.6785714285719,0.0,37.3,79
2025-01-24,amoxicilina,51.0,194.6785714285719,0.0,34.6,55
2025-01-25,amoxicilina,55.0,139.6785714285719,0.0,43.4,85
2025-01-26,amoxicilina,71.0,68.6785714285719,0.0,43.8,95
2025-01-27,amoxicilina,71.0,905.9642857142862,908.2857142857143,37.5,71
2025-01-28,amoxicilina,41.0,864.9642857142862,0.0,40.2,78
2025-01-29,amoxicilina,77.0,787.9642857142862,0.0,41.9,84
2025-01-30,amoxicilina,45.0,742.9642857142862,0.0,36.4,45
2025-01-31,amoxicilina,47.0,695.9642857142862,0.0,40.5,78
2025-02-01,amoxicilina,57.0,638.9642857142862,0.0,43.4,88
2025-02-02,amoxicilina,77.0,561.9642857142862,0.0,40.5,101
2025-02-03,amoxicilina,57.0,504.96428571428623,0.0,33.1,66
2025-02-04,amoxicilina,53.0,451.96428571428623,0.0,37.0,70
2025-02-05,amoxicilina,51.0,400.96428571428623,0.0,38.5,79
2025-02-06,amoxicilina,52.0,348.96428571428623,0.0,52.0,94
2025-02-07,amoxicilina,35.0,313.96428571428623,0.0,30.8,51
2025-02-08,amoxicilina,64.0,249.96428571428623,0.0,58.3,113
2025-02-09,amoxicilina,39.0,210.96428571428623,0.0,47.4,96
2025-02-10,amoxicilina,46.0,164.96428571428623,0.0,46.6,94
2025-02-11,amoxicilina,57.0,1095.178571428572,987.2142857142857,41.6,81
2025-02-12,amoxicilina,49.0,1046.178571428572,0.0,30.4,48
2025-02-13,amoxicilina,44.0,1002.178571428572,0.0,36.9,47
2025-02-14,amoxicilina,69.0,933.178571428572,0.0,25.0,59
2025-02-15,amoxicilina,47.0,886.178571428572,0.0,26.9,61
2025-02-16,amoxicilina,60.0,826.178571428572,0.0,36.3,71
2025-02-17,amoxicilina,50.0,776.178571428572,0.0,50.4,105
2025-02-18,amoxicilina,61.0,715.178571428572,0.0,32.1,45
2025-02-19,amoxicilina,54.0,661.178571428572,0.0,45.6,86
2025-02-20,amoxicilina,45.0,616.178571428572,0.0,35.5,67
2025-02-21,amoxicilina,62.0,554.178571428572,0.0,43.6,74
2025-02-22,amoxicilina,50.0,504.178571428572,0.0,47.1,84
2025-02-23,amoxicilina,60.0,444.178571428572,0.0,56.3,120
2025-02-24,amoxicilina,47.0,397.178571428572,0.0,46.8,84
2025-02-25,amoxicilina,47.0,350.178571428572,0.0,28.0,38
2025-02-26,amoxicilina,51.0,299.178571428572,0.0,26.7,44
2025-02-27,amoxicilina,48.0,251.178571428572,0.0,39.8,67
2025-02-28,amoxicilina,50.0,201.178571428572,0.0,39.9,74
2025-03-01,amoxicilina,59.0,1032.2500000000005,890.0714285714286,46.1,93
2025-03-02,amoxicilina,51.0,981.2500000000005,0.0,58.7,112
2025-03-03,amoxicilina,60.0,921.2500000000005,0.0,42.3,110
2025-03-04,amoxicilina,58.0,863.2500000000005,0.0,26.1,52
2025-03-05,amoxicilina,57.0,806.2500000000005,0.0,31.9,66
2025-03-06,amoxicilina,45.0,761.2500000000005,0.0,28.9,48
2025-03-07,amoxicilina,56.0,705.2500000000005,0.0,33.6,60
2025-03-08,amoxicilina,59.0,646.2500000000005,0.0,44.7,106
2025-03-09,amoxicilina,53.0,593.2500000000005,0.0,36.2,76
2025-03-10,amoxicilina,74.0,519.2500000000005,0.0,50.4,115
2025-03-11,amoxicilina,54.0,465.25000000000045,0.0,45.8,64
2025-03-12,amoxicilina,46.0,419.25000000000045,0.0,39.7,54
2025-03-13,amoxicilina,68.0,351.25000000000045,0.0,41.3,84
2025-03-14,amoxicilina,51.0,300.25000000000045,0.0,38.7,76
2025-03-15,amoxicilina,58.0,242.25000000000045,0.0,46.1,106
2025-03-16,amoxicilina,70.0,172.25000000000045,0.0,53.6,136
2025-03-17,amoxicilina,66.0,106.25000000000045,0.0,50.6,107
2025-03-18,amoxicilina,42.0,996.8214285714289,932.5714285714286,41.1,90
2025-03-19,amoxicilina,35.0,961.8214285714289,0.0,46.9,96
2025-03-20,amoxicilina,62.0,899.8214285714289,0.0,28.9,62
2025-03-21,amoxicilina,54.0,845.8214285714289,0.0,28.4,51
2025-03-22,amoxicilina,64.0,781.8214285714289,0.0,51.3,106
2025-03-23,amoxicilina,61.0,720.8214285714289,0.0,46.9,91
2025-03-24,amoxicilina,51.0,669.8214285714289,0.0,46.4,89
2025-03-25,amoxicilina,50.0,619.8214285714289,0.0,36.3,80
2025-03-26,amoxicilina,61.0,558.8214285714289,0.0,39.4,64
2025-03-27,amoxicilina,57.0,501.8214285714289,0.0,43.6,95
2025-03-28,amoxicilina,63.0,438.8214285714289,0.0,50.8,99
2025-03-29,amoxicilina,55.0,383.8214285714289,0.0,54.8,118
2025-03-30,amoxicilina,44.0,339.8214285714289,0.0,44.1,103
2025-03-31,amoxicilina,62.0,277.8214285714289,0.0,43.1,88
2025-04-01,amoxicilina,48.0,229.8214285714289,0.0,45.2,86
2025-04-02,amoxicilina,49.0,180.8214285714289,0.0,38.1,63
2025-04-03,amoxicilina,69.0,111.8214285714289,0.0,43.1,86
2025-04-04,amoxicilina,29.0,1045.7500000000005,962.9285714285714,48.4,82
2025-04-05,amoxicilina,57.0,988.7500000000005,0.0,50.9,95
2025-04-06,amoxicilina,48.0,940.7500000000005,0.0,47.9,101
2025-04-07,amoxicilina,57.0,883.7500000000005,0.0,53.7,106
2025-04-08,amoxicilina,69.0,814.7500000000005,0.0,51.4,86
2025-04-09,amoxicilina,45.0,769.7500000000005,0.0,45.6,69
2025-04-10,amoxicilina,40.0,729.7500000000005,0.0,29.3,59
2025-04-11,amoxicilina,76.0,653.7500000000005,0.0,43.5,96
2025-04-12,amoxicilina,61.0,592.7500000000005,0.0,66.1,133
2025-04-13,amoxicilina,75.0,517.7500000000005,0.0,55.6,132
2025-04-14,amoxicilina,53.0,464.75000000000045,0.0,40.5,92
2025-04-15,amoxicilina,48.0,416.75000000000045,0.0,41.0,84
2025-04-16,amoxicilina,52.0,364.75000000000045,0.0,48.2,94
2025-04-17,amoxicilina,52.0,312.75000000000045,0.0,42.9,85
2025-04-18,amoxicilina,70.0,242.75000000000045,0.0,54.7,125
2025-04-19,amoxicilina,50.0,192.75000000000045,0.0,53.6,122
2025-04-20,amoxicilina,54.0,138.75000000000045,0.0,52.7,120
2025-04-21,amoxicilina,81.0,1010.9642857142862,953.2142857142857,73.8,182
2025-04-22,amoxicilina,50.0,960.9642857142862,0.0,50.4,79
2025-04-23,amoxicilina,53.0,907.9642857142862,0.0,43.5,82
2025-04-24,amoxicilina,64.0,843.9642857142862,0.0,65.4,138
2025-04-25,amoxicilina,48.0,795.9642857142862,0.0,42.8,89
2025-04-26,amoxicilina,47.0,748.9642857142862,0.0,62.2,141
2025-04-27,amoxicilina,44.0,704.9642857142862,0.0,48.2,107
2025-04-28,amoxicilina,44.0,660.9642857142862,0.0,32.7,85
2025-04-29,amoxicilina,46.0,614.9642857142862,0.0,27.3,55
2025-04-30,amoxicilina,71.0,543.9642857142862,0.0,33.3,77
2025-05-01,amoxicilina,50.0,493.96428571428623,0.0,42.4,108
2025-05-02,amoxicilina,38.0,455.96428571428623,0.0,32.6,68
2025-05-03,amoxicilina,57.0,398.96428571428623,0.0,54.2,101
2025-05-04,amoxicilina,51.0,347.96428571428623,0.0,56.1,122
2025-05-05,amoxicilina,48.0,299.96428571428623,0.0,53.1,98
2025-05-06,amoxicilina,61.0,238.96428571428623,0.0,45.3,86
2025-05-07,amoxicilina,51.0,1127.8214285714291,939.8571428571429,43.0,75
2025-05-08,amoxicilina,56.0,1071.8214285714291,0.0,32.7,65
2025-05-09,amoxicilina,57.0,1014.8214285714291,0.0,37.7,63
2025-05-10,amoxicilina,61.0,953.8214285714291,0.0,54.7,109
2025-05-11,amoxicilina,58.0,895.8214285714291,0.0,47.0,102
2025-05-12,amoxicilina,46.0,849.8214285714291,0.0,38.9,66
2025-05-13,amoxicilina,81.0,768.8214285714291,0.0,38.3,64
2025-05-14,amoxicilina,54.0,714.8214285714291,0.0,40.1,82
2025-05-15,amoxicilina,62.0,652.8214285714291,0.0,46.5,107
2025-05-16,amoxicilina,57.0,595.8214285714291,0.0,45.3,104
2025-05-17,amoxicilina,38.0,557.8214285714291,0.0,53.5,113
2025-05-18,amoxicilina,59.0,498.8214285714291,0.0,49.5,99
2025-05-19,amoxicilina,68.0,430.8214285714291,0.0,30.0,56
2025-05-20,amoxicilina,58.0,372.8214285714291,0.0,48.3,99
2025-05-21,amoxicilina,56.0,316.8214285714291,0.0,52.3,104
2025-05-22,amoxicilina,39.0,277.8214285714291,0.0,40.2,69
2025-05-23,amoxicilina,58.0,219.82142857142912,0.0,52.7,94
2025-05-24,amoxicilina,51.0,168.82142857142912,0.0,62.1,124
2025-05-25,amoxicilina,72.0,1045.178571428572,948.3571428571429,44.2,99
2025-05-26,amoxicilina,74.0,971.178571428572,0.0,47.3,77
2025-05-27,amoxicilina,46.0,925.178571428572,0.0,40.5,83
2025-05-28,amoxicilina,58.0,867.178571428572,0.0,44.0,75
2025-05-29,amoxicilina,53.0,814.178571428572,0.0,50.3,104
2025-05-30,amoxicilina,49.0,765.178571428572,0.0,51.8,114
2025-05-31,amoxicilina,58.0,707.178571428572,0.0,45.9,113
2025-06-01,amoxicilina,68.0,639.178571428572,0.0,52.5,113
2025-06-02,amoxicilina,57.0,582.178571428572,0.0,45.5,109
2025-06-03,amoxicilina,41.0,541.178571428572,0.0,57.4,114
2025-06-04,amoxicilina,72.0,469.178571428572,0.0,54.0,98
2025-06-05,amoxicilina,57.0,412.178571428572,0.0,38.4,80
2025-06-06,amoxicilina,66.0,346.178571428572,0.0,51.9,106
2025-06-07,amoxicilina,65.0,281.178571428572,0.0,50.6,114
2025-06-08,amoxicilina,47.0,234.178571428572,0.0,59.4,138
2025-06-09,amoxicilina,61.0,173.178571428572,0.0,46.1,84
2025-06-10,amoxicilina,48.0,125.17857142857201,0.0,48.4,100
2025-06-11,amoxicilina,57.0,68.17857142857201,0.0,42.2,62
2025-06-12,amoxicilina,48.0,967.3214285714291,947.1428571428571,40.4,82
2025-06-13,amoxicilina,36.0,931.3214285714291,0.0,50.8,95
2025-06-14,amoxicilina,53.0,878.3214285714291,0.0,53.9,114
2025-06-15,amoxicilina,49.0,829.3214285714291,0.0,53.5,105
2025-06-16,amoxicilina,46.0,783.3214285714291,0.0,42.6,88
2025-06-17,amoxicilina,44.0,739.3214285714291,0.0,37.9,70
2025-06-18,amoxicilina,41.0,698.3214285714291,0.0,39.7,76
2025-06-19,amoxicilina,42.0,656.3214285714291,0.0,37.9,79
2025-06-20,amoxicilina,43.0,613.3214285714291,0.0,43.5,78
2025-06-21,amoxicilina,43.0,570.3214285714291,0.0,60.6,127
2025-06-22,amoxicilina,51.0,519.3214285714291,0.0,44.3,81
2025-06-23,amoxicilina,59.0,460.3214285714291,0.0,53.0,95
2025-06-24,amoxicilina,47.0,413.3214285714291,0.0,35.5,46
2025-06-25,amoxicilina,61.0,352.3214285714291,0.0,35.2,66
2025-06-26,amoxicilina,43.0,309.3214285714291,0.0,37.5,64
2025-06-27,amoxicilina,58.0,251.32142857142912,0.0,40.1,83
2025-06-28,amoxicilina,65.0,186.32142857142912,0.0,50.4,105
2025-06-29,amoxicilina,59.0,127.32142857142912,0.0,45.5,98
2025-06-30,amoxicilina,58.0,870.7500000000006,801.4285714285714,53.7,96
2025-07-01,amoxicilina,55.0,815.7500000000006,0.0,43.0,80
2025-07-02,amoxicilina,35.0,780.7500000000006,0.0,39.3,76
2025-07-03,amoxicilina,37.0,743.7500000000006,0.0,42.9,70
2025-07-04,amoxicilina,57.0,686.7500000000006,0.0,35.7,88
2025-07-05,amoxicilina,58.0,628.7500000000006,0.0,43.0,107
2025-07-06,amoxicilina,52.0,576.7500000000006,0.0,51.1,98
2025-07-07,amoxicilina,67.0,509.75000000000057,0.0,54.1,115
2025-07-08,amoxicilina,72.0,437.75000000000057,0.0,42.6,80
2025-07-09,amoxicilina,61.0,376.75000000000057,0.0,32.4,69
2025-07-10,amoxicilina,61.0,315.75000000000057,0.0,36.9,67
2025-07-11,amoxicilina,57.0,258.75000000000057,0.0,45.4,68
2025-07-12,amoxicilina,70.0,188.75000000000057,0.0,43.8,77
2025-07-13,amoxicilina,52.0,136.75000000000057,0.0,54.2,114
2025-07-14,amoxicilina,41.0,95.75000000000057,0.0,39.8,80
2025-07-15,amoxicilina,53.0,955.8928571428577,913.1428571428571,38.3,75
2025-07-16,amoxicilina,54.0,901.8928571428577,0.0,36.2,89
2025-07-17,amoxicilina,49.0,852.8928571428577,0.0,36.3,62
2025-07-18,amoxicilina,70.0,782.8928571428577,0.0,48.8,91
2025-07-19,amoxicilina,46.0,736.8928571428577,0.0,51.7,127
2025-07-20,amoxicilina,63.0,673.8928571428577,0.0,47.7,105
2025-07-21,amoxicilina,43.0,630.8928571428577,0.0,38.7,85
2025-07-22,amoxicilina,60.0,570.8928571428577,0.0,38.8,83
2025-07-23,amoxicilina,60.0,510.8928571428577,0.0,46.0,92
2025-07-24,amoxicilina,63.0,447.8928571428577,0.0,20.7,44
2025-07-25,amoxicilina,64.0,383.8928571428577,0.0,39.1,66
2025-07-26,amoxicilina,52.0,331.8928571428577,0.0,59.3,122
2025-07-27,amoxicilina,50.0,281.8928571428577,0.0,48.3,102
2025-07-28,amoxicilina,73.0,208.89285714285768,0.0,40.8,106
2025-07-29,amoxicilina,66.0,142.89285714285768,0.0,31.7,63
2025-07-30,amoxicilina,68.0,74.89285714285768,0.0,50.0,90
2025-07-31,amoxicilina,39.0,981.8214285714291,945.9285714285714,31.5,83
2025-08-01,amoxicilina,52.0,929.8214285714291,0.0,31.1,54
2025-08-02,amoxicilina,67.0,862.8214285714291,0.0,49.8,117
2025-08-03,amoxicilina,66.0,796.8214285714291,0.0,37.8,60
2025-08-04,amoxicilina,79.0,717.8214285714291,0.0,41.7,88
2025-08-05,amoxicilina,55.0,662.8214285714291,0.0,57.6,121
2025-08-06,amoxicilina,49.0,613.8214285714291,0.0,37.6,62
2025-08-07,amoxicilina,48.0,565.8214285714291,0.0,52.8,91
2025-08-08,amoxicilina,63.0,502.8214285714291,0.0,39.4,76
2025-08-09,amoxicilina,73.0,429.8214285714291,0.0,43.8,82
2025-08-10,amoxicilina,52.0,377.8214285714291,0.0,42.3,99
2025-08-11,amoxicilina,79.0,298.8214285714291,0.0,52.3,97
2025-08-12,amoxicilina,42.0,256.8214285714291,0.0,44.1,96
2025-08-13,amoxicilina,39.0,217.82142857142912,0.0,27.8,47
2025-08-14,amoxicilina,59.0,158.82142857142912,0.0,49.9,104
2025-08-15,amoxicilina,42.0,116.82142857142912,0.0,44.4,106
2025-08-16,amoxicilina,56.0,1066.2500000000005,1005.4285714285714,52.3,108
2025-08-17,amoxicilina,75.0,991.2500000000005,0.0,51.8,98
2025-08-18,amoxicilina,93.0,898.2500000000005,0.0,55.7,117
2025-08-19,amoxicilina,61.0,837.2500000000005,0.0,30.3,66
2025-08-20,amoxicilina,42.0,795.2500000000005,0.0,47.7,99
2025-08-21,amoxicilina,57.0,738.2500000000005,0.0,52.6,103
2025-08-22,amoxicilina,39.0,699.2500000000005,0.0,28.5,64
2025-08-23,amoxicilina,56.0,643.2500000000005,0.0,54.8,130
2025-08-24,amoxicilina,58.0,585.2500000000005,0.0,46.5,84
2025-08-25,amoxicilina,73.0,512.2500000000005,0.0,52.5,108
2025-08-26,amoxicilina,73.0,439.25000000000045,0.0,39.4,69
2025-08-27,amoxicilina,46.0,393.25000000000045,0.0,42.4,61
2025-08-28,amoxicilina,54.0,339.25000000000045,0.0,40.0,70
2025-08-29,amoxicilina,40.0,299.25000000000045,0.0,49.5,95
2025-08-30,amoxicilina,50.0,249.25000000000045,0.0,64.0,113
2025-08-31,amoxicilina,53.0,196.25000000000045,0.0,43.9,89
2025-09-01,amoxicilina,56.0,140.25000000000045,0.0,52.4,120
2025-09-02,amoxicilina,37.0,1064.9642857142862,961.7142857142857,40.5,72
2025-09-03,amoxicilina,39.0,1025.9642857142862,0.0,41.2,74
2025-09-04,amoxicilina,54.0,971.9642857142862,0.0,36.0,70
2025-09-05,amoxicilina,54.0,917.9642857142862,0.0,42.4,94
2025-09-06,amoxicilina,68.0,849.9642857142862,0.0,58.5,102
2025-09-07,amoxicilina,73.0,776.9642857142862,0.0,68.8,154
2025-09-08,amoxicilina,42.0,734.9642857142862,0.0,47.1,104
2025-09-09,amoxicilina,57.0,677.9642857142862,0.0,43.9,76
2025-09-10,amoxicilina,60.0,617.9642857142862,0.0,38.4,72
2025-09-11,amoxicilina,40.0,577.9642857142862,0.0,44.1,90
2025-09-12,amoxicilina,38.0,539.9642857142862,0.0,41.0,72
2025-09-13,amoxicilina,59.0,480.96428571428623,0.0,41.7,95
2025-09-14,amoxicilina,74.0,406.96428571428623,0.0,53.5,110
2025-09-15,amoxicilina,69.0,337.96428571428623,0.0,44.3,66
2025-09-16,amoxicilina,47.0,290.96428571428623,0.0,39.6,69
2025-09-17,amoxicilina,53.0,237.96428571428623,0.0,33.8,62
2025-09-18,amoxicilina,44.0,193.96428571428623,0.0,38.9,78
2025-09-19,amoxicilina,46.0,147.96428571428623,0.0,38.9,77
2025-09-20,amoxicilina,40.0,994.3928571428578,886.4285714285714,47.2,99
2025-09-21,amoxicilina,49.0,945.3928571428578,0.0,42.2,86
2025-09-22,amoxicilina,60.0,885.3928571428578,0.0,53.0,102
2025-09-23,amoxicilina,50.0,835.3928571428578,0.0,42.4,102
2025-09-24,amoxicilina,71.0,764.3928571428578,0.0,46.4,84
2025-09-25,amoxicilina,51.0,713.3928571428578,0.0,32.7,59
2025-09-26,amoxicilina,64.0,649.3928571428578,0.0,45.5,87
2025-09-27,amoxicilina,71.0,578.3928571428578,0.0,45.5,104
2025-09-28,amoxicilina,63.0,515.3928571428578,0.0,56.4,107
2025-09-29,amoxicilina,48.0,467.3928571428578,0.0,39.6,60
2025-09-30,amoxicilina,35.0,432.3928571428578,0.0,48.9,90
2025-10-01,amoxicilina,47.0,385.3928571428578,0.0,41.8,98
2025-10-02,amoxicilina,56.0,329.3928571428578,0.0,40.0,66
2025-10-03,amoxicilina,32.0,297.3928571428578,0.0,49.5,98
2025-10-04,amoxicilina,53.0,244.3928571428578,0.0,60.7,153
2025-10-05,amoxicilina,73.0,171.3928571428578,0.0,49.2,102
2025-10-06,amoxicilina,48.0,123.39285714285779,0.0,42.3,78
2025-10-07,amoxicilina,42.0,1026.1071428571436,944.7142857142857,40.0,69
2025-10-08,amoxicilina,64.0,962.1071428571436,0.0,52.4,109
2025-10-09,amoxicilina,81.0,881.1071428571436,0.0,38.6,68
2025-10-10,amoxicilina,41.0,840.1071428571436,0.0,35.6,46
2025-10-11,amoxicilina,77.0,763.1071428571436,0.0,60.5,120
2025-10-12,amoxicilina,70.0,693.1071428571436,0.0,68.6,190
2025-10-13,amoxicilina,62.0,631.1071428571436,0.0,48.0,102
2025-10-14,amoxicilina,45.0,586.1071428571436,0.0,55.3,121
2025-10-15,amoxicilina,55.0,531.1071428571436,0.0,26.5,57
2025-10-16,amoxicilina,52.0,479.1071428571436,0.0,51.4,107
2025-10-17,amoxicilina,51.0,428.1071428571436,0.0,46.6,80
2025-10-18,amoxicilina,64.0,364.1071428571436,0.0,42.1,94
2025-10-19,amoxicilina,60.0,304.1071428571436,0.0,49.9,100
2025-10-20,amoxicilina,57.0,247.10714285714357,0.0,51.9,120
2025-10-21,amoxicilina,42.0,205.10714285714357,0.0,36.8,74
2025-10-22,amoxicilina,50.0,155.10714285714357,0.0,39.8,58
2025-10-23,amoxicilina,42.0,1083.3214285714294,970.2142857142857,38.0,76
2025-10-24,amoxicilina,75.0,1008.3214285714294,0.0,42.7,78
2025-10-25,amoxicilina,66.0,942.3214285714294,0.0,49.5,124
2025-10-26,amoxicilina,59.0,883.3214285714294,0.0,60.6,113
2025-10-27,amoxicilina,59.0,824.3214285714294,0.0,42.3,75
2025-10-28,amoxicilina,35.0,789.3214285714294,0.0,29.0,46
2025-10-29,amoxicilina,70.0,719.3214285714294,0.0,45.6,85
2025-10-30,amoxicilina,48.0,671.3214285714294,0.0,29.3,61
2025-10-31,amoxicilina,35.0,636.3214285714294,0.0,41.8,67
2025-11-01,amoxicilina,44.0,592.3214285714294,0.0,50.8,110
2025-11-02,amoxicilina,71.0,521.3214285714294,0.0,61.1,138
2025-11-03,amoxicilina,49.0,472.32142857142935,0.0,32.3,59
2025-11-04,amoxicilina,58.0,414.32142857142935,0.0,33.7,64
2025-11-05,amoxicilina,73.0,341.32142857142935,0.0,47.2,88
2025-11-06,amoxicilina,42.0,299.32142857142935,0.0,40.5,74
2025-11-07,amoxicilina,62.0,237.32142857142935,0.0,56.8,116
2025-11-08,amoxicilina,46.0,191.32142857142935,0.0,51.4,108
2025-11-09,amoxicilina,58.0,133.32142857142935,0.0,58.3,122
2025-11-10,amoxicilina,59.0,988.6785714285722,914.3571428571429,36.4,70
2025-11-11,amoxicilina,71.0,917.6785714285722,0.0,54.0,90
2025-11-12,amoxicilina,53.0,864.6785714285722,0.0,31.8,70
2025-11-13,amoxicilina,66.0,798.6785714285722,0.0,59.2,116
2025-11-14,amoxicilina,50.0,748.6785714285722,0.0,41.5,64
2025-11-15,amoxicilina,62.0,686.6785714285722,0.0,58.1,137
2025-11-16,amoxicilina,53.0,633.6785714285722,0.0,53.3,88
2025-11-17,amoxicilina,56.0,577.6785714285722,0.0,56.1,110
2025-11-18,amoxicilina,66.0,511.67857142857224,0.0,40.2,65
2025-11-19,amoxicilina,62.0,449.67857142857224,0.0,37.2,67
2025-11-20,amoxicilina,55.0,394.67857142857224,0.0,48.8,103
2025-11-21,amoxicilina,81.0,313.67857142857224,0.0,42.5,85
2025-11-22,amoxicilina,79.0,234.67857142857224,0.0,49.8,99
2025-11-23,amoxicilina,46.0,188.67857142857224,0.0,54.9,102
2025-11-24,amoxicilina,69.0,119.67857142857224,0.0,37.1,65
2025-11-25,amoxicilina,36.0,83.67857142857224,0.0,26.7,48
2025-11-26,amoxicilina,56.0,1010.0357142857151,982.3571428571429,39.6,65
2025-11-27,amoxicilina,39.0,971.0357142857151,0.0,35.5,52
2025-11-28,amoxicilina,47.0,924.0357142857151,0.0,26.7,30
2025-11-29,amoxicilina,59.0,865.0357142857151,0.0,47.7,89
2025-11-30,amoxicilina,54.0,811.0357142857151,0.0,53.8,118
2025-12-01,amoxicilina,56.0,755.0357142857151,0.0,44.5,99
2025-12-02,amoxicilina,34.0,721.0357142857151,0.0,33.9,68
2025-12-03,amoxicilina,53.0,668.0357142857151,0.0,28.7,62
2025-12-04,amoxicilina,76.0,592.0357142857151,0.0,48.8,98
2025-12-05,amoxicilina,52.0,540.0357142857151,0.0,47.6,98
2025-12-06,amoxicilina,65.0,475.03571428571513,0.0,38.4,76
2025-12-07,amoxicilina,61.0,414.03571428571513,0.0,36.8,100
2025-12-08,amoxicilina,70.0,344.03571428571513,0.0,46.1,107
2025-12-09,amoxicilina,43.0,301.03571428571513,0.0,41.2,66
2025-12-10,amoxicilina,53.0,248.03571428571513,0.0,43.8,94
2025-12-11,amoxicilina,49.0,199.03571428571513,0.0,43.4,81
2025-12-12,amoxicilina,55.0,144.03571428571513,0.0,32.5,70
2025-12-13,amoxicilina,28.0,116.03571428571513,0.0,47.3,80
2025-12-14,amoxicilina,49.0,968.0357142857151,901.0,44.2,89
2025-12-15,amoxicilina,49.0,919.0357142857151,0.0,34.0,55
2025-12-16,amoxicilina,46.0,873.0357142857151,0.0,41.8,54
2025-12-17,amoxicilina,76.0,797.0357142857151,0.0,38.9,55
2025-12-18,amoxicilina,52.0,745.0357142857151,0.0,36.9,70
2025-12-19,amoxicilina,50.0,695.0357142857151,0.0,37.1,74
2025-12-20,amoxicilina,63.0,632.0357142857151,0.0,43.4,89
2025-12-21,amoxicilina,64.0,568.0357142857151,0.0,48.9,95
2025-12-22,amoxicilina,46.0,522.0357142857151,0.0,49.2,103
2025-12-23,amoxicilina,53.0,469.03571428571513,0.0,29.2,49
2025-12-24,amoxicilina,50.0,419.03571428571513,0.0,38.0,53
2025-12-25,amoxicilina,65.0,354.03571428571513,0.0,53.7,116
2025-12-26,amoxicilina,51.0,303.03571428571513,0.0,52.2,84
2025-12-27,amoxicilina,61.0,242.03571428571513,0.0,40.9,77
2025-12-28,amoxicilina,47.0,195.03571428571513,0.0,62.0,118
2025-12-29,amoxicilina,63.0,132.03571428571513,0.0,38.5,67
2025-12-30,amoxicilina,60.0,72.03571428571513,0.0,36.0,53
2025-12-31,amoxicilina,62.0,900.1071428571437,890.0714285714286,36.6,74
2024-01-01,azitromicina,56.0,896.0,0.0,52.7,111
2024-01-02,azitromicina,37.0,859.0,0.0,33.6,51
2024-01-03,azitromicina,27.0,832.0,0.0,34.2,61
2024-01-04,azitromicina,46.0,786.0,0.0,32.6,51
2024-01-05,azitromicina,31.0,755.0,0.0,24.7,30
2024-01-06,azitromicina,43.0,712.0,0.0,41.6,71
2024-01-07,azitromicina,32.0,680.0,0.0,51.5,99
2024-01-08,azitromicina,44.0,636.0,0.0,29.9,65
2024-01-09,azitromicina,51.0,585.0,0.0,20.0,44
2024-01-10,azitromicina,36.0,549.0,0.0,37.5,57
2024-01-11,azitromicina,56.0,493.0,0.0,49.8,90
2024-01-12,azitromicina,38.0,455.0,0.0,37.9,81
2024-01-13,azitromicina,50.0,405.0,0.0,34.2,80
2024-01-14,azitromicina,41.0,364.0,0.0,43.7,85
2024-01-15,azitromicina,46.0,318.0,0.0,38.7,61
2024-01-16,azitromicina,38.0,280.0,0.0,33.7,37
2024-01-17,azitromicina,35.0,245.0,0.0,32.8,49
2024-01-18,azitromicina,51.0,194.0,0.0,28.6,47
2024-01-19,azitromicina,34.0,160.0,0.0,26.8,48
2024-01-20,azitromicina,52.0,823.3076923076924,715.3076923076924,39.9,75
2024-01-21,azitromicina,43.0,780.3076923076924,0.0,40.7,81
2024-01-22,azitromicina,40.0,740.3076923076924,0.0,22.5,37
2024-01-23,azitromicina,38.0,702.3076923076924,0.0,38.6,48
2024-01-24,azitromicina,23.0,679.3076923076924,0.0,36.8,46
2024-01-25,azitromicina,42.0,637.3076923076924,0.0,33.2,43
2024-01-26,azitromicina,58.0,579.3076923076924,0.0,26.7,48
2024-01-27,azitromicina,54.0,525.3076923076924,0.0,47.1,86
2024-01-28,azitromicina,45.0,480.3076923076924,0.0,40.6,70
2024-01-29,azitromicina,56.0,424.3076923076924,0.0,51.4,103
2024-01-30,azitromicina,34.0,390.3076923076924,0.0,35.7,49
2024-01-31,azitromicina,42.0,348.3076923076924,0.0,46.2,86
2024-02-01,azitromicina,51.0,297.3076923076924,0.0,34.4,51
2024-02-02,azitromicina,32.0,265.3076923076924,0.0,29.8,39
2024-02-03,azitromicina,39.0,226.30769230769238,0.0,40.2,72
2024-02-04,azitromicina,39.0,187.30769230769238,0.0,31.0,70
2024-02-05,azitromicina,27.0,899.8076923076924,739.5,39.8,74
2024-02-06,azitromicina,40.0,859.8076923076924,0.0,29.2,51
2024-02-07,azitromicina,37.0,822.8076923076924,0.0,34.0,73
2024-02-08,azitromicina,42.0,780.8076923076924,0.0,42.0,62
2024-02-09,azitromicina,35.0,745.8076923076924,0.0,51.3,88
2024-02-10,azitromicina,37.0,708.8076923076924,0.0,53.0,97
2024-02-11,azitromicina,43.0,665.8076923076924,0.0,59.8,129
2024-02-12,azitromicina,34.0,631.8076923076924,0.0,55.4,104
2024-02-13,azitromicina,46.0,585.8076923076924,0.0,46.5,94
2024-02-14,azitromicina,38.0,547.8076923076924,0.0,40.7,75
2024-02-15,azitromicina,44.0,503.8076923076924,0.0,42.8,96
2024-02-16,azitromicina,40.0,463.8076923076924,0.0,55.8,116
2024-02-17,azitromicina,48.0,415.8076923076924,0.0,58.6,128
2024-02-18,azitromicina,39.0,376.8076923076924,0.0,72.4,183
2024-02-19,azitromicina,45.0,331.8076923076924,0.0,61.3,137
2024-02-20,azitromicina,36.0,295.8076923076924,0.0,55.3,120
2024-02-21,azitromicina,50.0,245.80769230769238,0.0,73.6,151
2024-02-22,azitromicina,44.0,201.80769230769238,0.0,49.7,93
2024-02-23,azitromicina,40.0,161.80769230769238,0.0,56.0,121
2024-02-24,azitromicina,44.0,117.80769230769238,0.0,60.4,131
2024-02-25,azitromicina,48.0,69.80769230769238,0.0,65.6,148
2024-02-26,azitromicina,47.0,690.6648351648353,667.8571428571429,61.8,140
2024-02-27,azitromicina,44.0,646.6648351648353,0.0,56.9,136
2024-02-28,azitromicina,54.0,592.6648351648353,0.0,54.6,119
2024-02-29,azitromicina,36.0,556.6648351648353,0.0,63.8,152
2024-03-01,azitromicina,39.0,517.6648351648353,0.0,50.9,121
2024-03-02,azitromicina,40.0,477.66483516483527,0.0,63.2,136
2024-03-03,azitromicina,43.0,434.66483516483527,0.0,64.2,140
2024-03-04,azitromicina,42.0,392.66483516483527,0.0,60.3,154
2024-03-05,azitromicina,31.0,361.66483516483527,0.0,58.6,130
2024-03-06,azitromicina,55.0,306.66483516483527,0.0,59.9,121
2024-03-07,azitromicina,42.0,264.66483516483527,0.0,56.7,111
2024-03-08,azitromicina,43.0,221.66483516483527,0.0,60.7,123
2024-03-09,azitromicina,53.0,168.66483516483527,0.0,83.7,200
2024-03-10,azitromicina,41.0,127.66483516483527,0.0,70.4,172
2024-03-11,azitromicina,46.0,81.66483516483527,0.0,58.3,140
2024-03-12,azitromicina,42.0,780.3791208791209,740.7142857142857,54.9,114
2024-03-13,azitromicina,37.0,743.3791208791209,0.0,53.3,109
2024-03-14,azitromicina,41.0,702.3791208791209,0.0,70.9,149
2024-03-15,azitromicina,44.0,658.3791208791209,0.0,69.1,146
2024-03-16,azitromicina,33.0,625.3791208791209,0.0,61.7,139
2024-03-17,azitromicina,41.0,584.3791208791209,0.0,58.3,142
2024-03-18,azitromicina,40.0,544.3791208791209,0.0,62.4,143
2024-03-19,azitromicina,43.0,501.37912087912093,0.0,50.9,104
2024-03-20,azitromicina,40.0,461.37912087912093,0.0,57.9,129
2024-03-21,azitromicina,35.0,426.37912087912093,0.0,66.6,158
2024-03-22,azitromicina,29.0,397.37912087912093,0.0,52.1,107
2024-03-23,azitromicina,44.0,353.37912087912093,0.0,62.0,144
2024-03-24,azitromicina,49.0,304.37912087912093,0.0,57.6,133
2024-03-25,azitromicina,34.0,270.37912087912093,0.0,49.5,99
2024-03-26,azitromicina,32.0,238.37912087912093,0.0,50.1,109
2024-03-27,azitromicina,40.0,198.37912087912093,0.0,59.4,128
2024-03-28,azitromicina,39.0,159.37912087912093,0.0,47.6,94
2024-03-29,azitromicina,59.0,100.37912087912093,0.0,62.6,153
2024-03-30,azitromicina,52.0,48.37912087912093,0.0,66.3,156
2024-03-31,azitromicina,55.0,679.4505494505495,686.0714285714286,77.8,167
2024-04-01,azitromicina,55.0,624.4505494505495,0.0,53.0,126
2024-04-02,azitromicina,52.0,572.4505494505495,0.0,32.8,79
2024-04-03,azitromicina,58.0,514.4505494505495,0.0,53.0,134
2024-04-04,azitromicina,30.0,484.4505494505495,0.0,51.5,108
2024-04-05,azitromicina,37.0,447.4505494505495,0.0,47.7,97
2024-04-06,azitromicina,32.0,415.4505494505495,0.0,59.3,132
2024-04-07,azitromicina,32.0,383.4505494505495,0.0,48.9,87
2024-04-08,azitromicina,48.0,335.4505494505495,0.0,51.9,140
2024-04-09,azitromicina,37.0,298.4505494505495,0.0,51.6,104
2024-04-10,azitromicina,46.0,252.4505494505495,0.0,67.4,136
2024-04-11,azitromicina,26.0,226.4505494505495,0.0,56.3,135
2024-04-12,azitromicina,38.0,188.4505494505495,0.0,53.0,117
2024-04-13,azitromicina,39.0,921.7362637362638,772.2857142857143,62.0,147
2024-04-14,azitromicina,42.0,879.7362637362638,0.0,47.8,108
2024-04-15,azitromicina,34.0,845.7362637362638,0.0,47.3,100
2024-04-16,azitromicina,46.0,799.7362637362638,0.0,56.7,107
2024-04-17,azitromicina,40.0,759.7362637362638,0.0,45.4,70
2024-04-18,azitromicina,59.0,700.7362637362638,0.0,48.6,104
2024-04-19,azitromicina,52.0,648.7362637362638,0.0,58.0,105
2024-04-20,azitromicina,53.0,595.7362637362638,0.0,56.8,123
2024-04-21,azitromicina,49.0,546.7362637362638,0.0,86.4,188
2024-04-22,azitromicina,48.0,498.7362637362638,0.0,38.8,73
2024-04-23,azitromicina,34.0,464.7362637362638,0.0,37.6,67
2024-04-24,azitromicina,35.0,429.7362637362638,0.0,42.4,78
2024-04-25,azitromicina,33.0,396.7362637362638,0.0,53.3,77
2024-04-26,azitromicina,49.0,347.7362637362638,0.0,43.6,76
2024-04-27,azitromicina,52.0,295.7362637362638,0.0,52.4,119
2024-04-28,azitromicina,45.0,250.73626373626382,0.0,60.2,122
2024-04-29,azitromicina,47.0,203.73626373626382,0.0,56.9,128
2024-04-30,azitromicina,33.0,170.73626373626382,0.0,35.1,67
2024-05-01,azitromicina,44.0,126.73626373626382,0.0,60.6,124
2024-05-02,azitromicina,46.0,811.7362637362638,731.0,45.2,90
2024-05-03,azitromicina,36.0,775.7362637362638,0.0,50.4,102
2024-05-04,azitromicina,39.0,736.7362637362638,0.0,60.9,135
2024-05-05,azitromicina,48.0,688.7362637362638,0.0,50.3,101
2024-05-06,azitromicina,46.0,642.7362637362638,0.0,60.1,128
2024-05-07,azitromicina,60.0,582.7362637362638,0.0,27.2,61
2024-05-08,azitromicina,35.0,547.7362637362638,0.0,44.3,80
2024-05-09,azitromicina,38.0,509.7362637362638,0.0,34.2,70
2024-05-10,azitromicina,39.0,470.7362637362638,0.0,39.3,90
2024-05-11,azitromicina,69.0,401.7362637362638,0.0,50.8,107
2024-05-12,azitromicina,44.0,357.7362637362638,0.0,56.3,121
2024-05-13,azitromicina,40.0,317.7362637362638,0.0,49.7,111
2024-05-14,azitromicina,44.0,273.7362637362638,0.0,45.3,81
2024-05-15,azitromicina,48.0,225.73626373626382,0.0,29.2,60
2024-05-16,azitromicina,33.0,192.73626373626382,0.0,50.1,109
2024-05-17,azitromicina,49.0,143.73626373626382,0.0,53.3,120
2024-05-18,azitromicina,30.0,113.73626373626382,0.0,63.1,142
2024-05-19,azitromicina,58.0,55.73626373626382,0.0,65.8,146
2024-05-20,azitromicina,42.0,772.6648351648353,758.9285714285714,44.2,99
2024-05-21,azitromicina,45.0,727.6648351648353,0.0,36.8,58
2024-05-22,azitromicina,46.0,681.6648351648353,0.0,39.4,73
2024-05-23,azitromicina,40.0,641.6648351648353,0.0,41.4,101
2024-05-24,azitromicina,38.0,603.6648351648353,0.0,31.3,73
2024-05-25,azitromicina,33.0,570.6648351648353,0.0,47.8,98
2024-05-26,azitromicina,64.0,506.66483516483527,0.0,49.1,104
2024-05-27,azitromicina,33.0,473.66483516483527,0.0,43.6,87
2024-05-28,azitromicina,56.0,417.66483516483527,0.0,50.6,106
2024-05-29,azitromicina,45.0,372.66483516483527,0.0,36.2,62
2024-05-30,azitromicina,41.0,331.66483516483527,0.0,40.1,65
2024-05-31,azitromicina,53.0,278.66483516483527,0.0,31.2,63
2024-06-01,azitromicina,45.0,233.66483516483527,0.0,36.2,78
2024-06-02,azitromicina,25.0,208.66483516483527,0.0,43.2,97
2024-06-03,azitromicina,34.0,174.66483516483527,0.0,44.8,86
2024-06-04,azitromicina,46.0,128.66483516483527,0.0,67.9,141
2024-06-05,azitromicina,46.0,829.4505494505496,746.7857142857143,39.9,80
2024-06-06,azitromicina,38.0,791.4505494505496,0.0,34.0,87
2024-06-07,azitromicina,41.0,750.4505494505496,0.0,28.1,61
2024-06-08,azitromicina,43.0,707.4505494505496,0.0,51.9,119
2024-06-09,azitromicina,45.0,662.4505494505496,0.0,45.0,96
2024-06-10,azitromicina,35.0,627.4505494505496,0.0,41.0,83
2024-06-11,azitromicina,30.0,597.4505494505496,0.0,47.7,97
2024-06-12,azitromicina,46.0,551.4505494505496,0.0,39.6,78
2024-06-13,azitromicina,43.0,508.4505494505496,0.0,55.2,107
2024-06-14,azitromicina,44.0,464.4505494505496,0.0,41.7,88
2024-06-15,azitromicina,29.0,435.4505494505496,0.0,55.3,129
2024-06-16,azitromicina,44.0,391.4505494505496,0.0,53.3,108
2024-06-17,azitromicina,34.0,357.4505494505496,0.0,36.1,82
2024-06-18,azitromicina,48.0,309.4505494505496,0.0,39.3,69
2024-06-19,azitromicina,30.0,279.4505494505496,0.0,40.6,76
2024-06-20,azitromicina,38.0,241.4505494505496,0.0,43.4,87
2024-06-21,azitromicina,42.0,199.4505494505496,0.0,40.6,59
2024-06-22,azitromicina,27.0,172.4505494505496,0.0,50.7,113
2024-06-23,azitromicina,46.0,126.4505494505496,0.0,53.3,90
2024-06-24,azitromicina,42.0,769.3076923076925,684.8571428571429,41.0,81
2024-06-25,azitromicina,39.0,730.3076923076925,0.0,49.4,117
2024-06-26,azitromicina,33.0,697.3076923076925,0.0,38.4,70
2024-06-27,azitromicina,53.0,644.3076923076925,0.0,35.2,74
2024-06-28,azitromicina,34.0,610.3076923076925,0.0,35.8,72
2024-06-29,azitromicina,47.0,563.3076923076925,0.0,63.1,137
2024-06-30,azitromicina,40.0,523.3076923076925,0.0,54.3,110
2024-07-01,azitromicina,42.0,481.3076923076925,0.0,45.8,99
2024-07-02,azitromicina,41.0,440.3076923076925,0.0,57.4,114
2024-07-03,azitromicina,57.0,383.3076923076925,0.0,56.7,110
2024-07-04,azitromicina,41.0,342.3076923076925,0.0,49.8,87
2024-07-05,azitromicina,54.0,288.3076923076925,0.0,50.4,99
2024-07-06,azitromicina,51.0,237.3076923076925,0.0,56.8,108
2024-07-07,azitromicina,47.0,190.3076923076925,0.0,32.7,76
2024-07-08,azitromicina,51.0,139.3076923076925,0.0,49.8,107
2024-07-09,azitromicina,46.0,93.30769230769249,0.0,49.0,111
2024-07-10,azitromicina,32.0,61.30769230769249,0.0,44.9,88
2024-07-11,azitromicina,43.0,723.8076923076925,705.5,43.2,91
2024-07-12,azitromicina,32.0,691.8076923076925,0.0,47.9,100
2024-07-13,azitromicina,53.0,638.8076923076925,0.0,51.6,87
2024-07-14,azitromicina,38.0,600.8076923076925,0.0,52.8,114
2024-07-15,azitromicina,27.0,573.8076923076925,0.0,48.5,95
2024-07-16,azitromicina,51.0,522.8076923076925,0.0,42.1,84
2024-07-17,azitromicina,43.0,479.8076923076925,0.0,39.8,74
2024-07-18,azitromicina,43.0,436.8076923076925,0.0,39.5,74
2024-07-19,azitromicina,40.0,396.8076923076925,0.0,39.9,70
2024-07-20,azitromicina,55.0,341.8076923076925,0.0,74.3,160
2024-07-21,azitromicina,49.0,292.8076923076925,0.0,51.7,90
2024-07-22,azitromicina,34.0,258.8076923076925,0.0,41.4,76
2024-07-23,azitromicina,42.0,216.8076923076925,0.0,35.9,57
2024-07-24,azitromicina,33.0,183.8076923076925,0.0,34.2,72
2024-07-25,azitromicina,45.0,138.8076923076925,0.0,37.7,70
2024-07-26,azitromicina,37.0,826.7362637362639,724.9285714285714,35.6,52
2024-07-27,azitromicina,58.0,768.7362637362639,0.0,51.4,98
2024-07-28,azitromicina,45.0,723.7362637362639,0.0,50.5,103
2024-07-29,azitromicina,41.0,682.7362637362639,0.0,58.4,118
2024-07-30,azitromicina,45.0,637.7362637362639,0.0,32.0,47
2024-07-31,azitromicina,34.0,603.7362637362639,0.0,44.3,74
2024-08-01,azitromicina,43.0,560.7362637362639,0.0,36.8,63
2024-08-02,azitromicina,38.0,522.7362637362639,0.0,36.0,68
2024-08-03,azitromicina,35.0,487.73626373626394,0.0,58.0,123
2024-08-04,azitromicina,47.0,440.73626373626394,0.0,44.6,122
2024-08-05,azitromicina,47.0,393.73626373626394,0.0,70.8,159
2024-08-06,azitromicina,27.0,366.73626373626394,0.0,27.7,82
2024-08-07,azitromicina,48.0,318.73626373626394,0.0,43.8,106
2024-08-08,azitromicina,48.0,270.73626373626394,0.0,46.5,89
2024-08-09,azitromicina,58.0,212.73626373626394,0.0,57.1,119
2024-08-10,azitromicina,39.0,173.73626373626394,0.0,42.2,95
2024-08-11,azitromicina,43.0,130.73626373626394,0.0,44.0,95
2024-08-12,azitromicina,41.0,89.73626373626394,0.0,53.0,97
2024-08-13,azitromicina,45.0,761.1648351648354,716.4285714285714,45.6,97
2024-08-14,azitromicina,42.0,719.1648351648354,0.0,62.1,113
2024-08-15,azitromicina,35.0,684.1648351648354,0.0,41.6,80
2024-08-16,azitromicina,43.0,641.1648351648354,0.0,41.5,75
2024-08-17,azitromicina,70.0,571.1648351648354,0.0,60.0,114
2024-08-18,azitromicina,37.0,534.1648351648354,0.0,42.1,80
2024-08-19,azitromicina,54.0,480.1648351648354,0.0,44.6,100
2024-08-20,azitromicina,29.0,451.1648351648354,0.0,42.2,83
2024-08-21,azitromicina,51.0,400.1648351648354,0.0,48.1,99
2024-08-22,azitromicina,41.0,359.1648351648354,0.0,27.7,56
2024-08-23,azitromicina,25.0,334.1648351648354,0.0,35.7,66
2024-08-24,azitromicina,45.0,289.1648351648354,0.0,42.1,90
2024-08-25,azitromicina,49.0,240.16483516483538,0.0,43.9,76
2024-08-26,azitromicina,29.0,211.16483516483538,0.0,45.9,92
2024-08-27,azitromicina,63.0,148.16483516483538,0.0,47.1,99
2024-08-28,azitromicina,29.0,119.16483516483538,0.0,38.4,72
2024-08-29,azitromicina,37.0,849.5934065934068,767.4285714285714,43.5,83
2024-08-30,azitromicina,33.0,816.5934065934068,0.0,35.7,56
2024-08-31,azitromicina,28.0,788.5934065934068,0.0,36.5,77
2024-09-01,azitromicina,58.0,730.5934065934068,0.0,58.8,141
2024-09-02,azitromicina,29.0,701.5934065934068,0.0,42.2,69
2024-09-03,azitromicina,38.0,663.5934065934068,0.0,36.1,69
2024-09-04,azitromicina,57.0,606.5934065934068,0.0,41.9,97
2024-09-05,azitromicina,29.0,577.5934065934068,0.0,52.8,107
2024-09-06,azitromicina,51.0,526.5934065934068,0.0,39.2,68
2024-09-07,azitromicina,43.0,483.5934065934068,0.0,58.9,147
2024-09-08,azitromicina,54.0,429.5934065934068,0.0,55.8,118
2024-09-09,azitromicina,56.0,373.5934065934068,0.0,59.9,124
2024-09-10,azitromicina,49.0,324.5934065934068,0.0,43.4,81
2024-09-11,azitromicina,43.0,281.5934065934068,0.0,42.4,75
2024-09-12,azitromicina,40.0,241.59340659340683,0.0,39.8,91
2024-09-13,azitromicina,47.0,194.59340659340683,0.0,45.7,88
2024-09-14,azitromicina,36.0,158.59340659340683,0.0,46.7,98
2024-09-15,azitromicina,34.0,124.59340659340683,0.0,45.6,97
2024-09-16,azitromicina,61.0,798.2362637362639,734.6428571428571,45.4,81
2024-09-17,azitromicina,32.0,766.2362637362639,0.0,45.8,75
2024-09-18,azitromicina,51.0,715.2362637362639,0.0,42.1,61
2024-09-19,azitromicina,34.0,681.2362637362639,0.0,46.8,80
2024-09-20,azitromicina,46.0,635.2362637362639,0.0,29.6,47
2024-09-21,azitromicina,43.0,592.2362637362639,0.0,47.6,93
2024-09-22,azitromicina,51.0,541.2362637362639,0.0,49.2,93
2024-09-23,azitromicina,50.0,491.23626373626394,0.0,48.0,97
2024-09-24,azitromicina,42.0,449.23626373626394,0.0,38.3,69
2024-09-25,azitromicina,37.0,412.23626373626394,0.0,35.1,52
2024-09-26,azitromicina,60.0,352.23626373626394,0.0,35.4,63
2024-09-27,azitromicina,40.0,312.23626373626394,0.0,32.7,63
2024-09-28,azitromicina,48.0,264.23626373626394,0.0,43.1,89
2024-09-29,azitromicina,48.0,216.23626373626394,0.0,45.2,83
2024-09-30,azitromicina,50.0,166.23626373626394,0.0,47.9,98
2024-10-01,azitromicina,23.0,143.23626373626394,0.0,38.1,66
2024-10-02,azitromicina,38.0,105.23626373626394,0.0,40.1,68
2024-10-03,azitromicina,31.0,74.23626373626394,0.0,35.5,67
2024-10-04,azitromicina,40.0,767.6648351648354,733.4285714285714,34.1,50
2024-10-05,azitromicina,50.0,717.6648351648354,0.0,47.7,93
2024-10-06,azitromicina,42.0,675.6648351648354,0.0,49.3,116
2024-10-07,azitromicina,37.0,638.6648351648354,0.0,46.0,76
2024-10-08,azitromicina,33.0,605.6648351648354,0.0,32.2,59
2024-10-09,azitromicina,61.0,544.6648351648354,0.0,34.3,78
2024-10-10,azitromicina,43.0,501.6648351648354,0.0,38.1,82
2024-10-11,azitromicina,65.0,436.6648351648354,0.0,36.8,78
2024-10-12,azitromicina,47.0,389.6648351648354,0.0,59.3,130
2024-10-13,azitromicina,44.0,345.6648351648354,0.0,43.3,88
2024-10-14,azitromicina,42.0,303.6648351648354,0.0,44.1,91
2024-10-15,azitromicina,43.0,260.6648351648354,0.0,40.9,71
2024-10-16,azitromicina,39.0,221.66483516483538,0.0,41.5,76
2024-10-17,azitromicina,49.0,172.66483516483538,0.0,40.4,73
2024-10-18,azitromicina,47.0,125.66483516483538,0.0,35.9,59
2024-10-19,azitromicina,45.0,80.66483516483538,0.0,57.0,117
2024-10-20,azitromicina,51.0,767.9505494505497,738.2857142857143,24.8,56
2024-10-21,azitromicina,46.0,721.9505494505497,0.0,37.7,73
2024-10-22,azitromicina,42.0,679.9505494505497,0.0,31.5,76
2024-10-23,azitromicina,40.0,639.9505494505497,0.0,39.6,74
2024-10-24,azitromicina,37.0,602.9505494505497,0.0,36.7,66
2024-10-25,azitromicina,39.0,563.9505494505497,0.0,42.6,71
2024-10-26,azitromicina,48.0,515.9505494505497,0.0,49.5,89
2024-10-27,azitromicina,41.0,474.9505494505497,0.0,56.8,121
2024-10-28,azitromicina,39.0,435.9505494505497,0.0,36.4,71
2024-10-29,azitromicina,52.0,383.9505494505497,0.0,43.2,79
2024-10-30,azitromicina,34.0,349.9505494505497,0.0,29.0,50
2024-10-31,azitromicina,37.0,312.9505494505497,0.0,44.7,89
2024-11-01,azitromicina,43.0,269.9505494505497,0.0,38.2,59
2024-11-02,azitromicina,53.0,216.95054945054972,0.0,57.9,133
2024-11-03,azitromicina,34.0,182.95054945054972,0.0,54.6,108
2024-11-04,azitromicina,43.0,139.95054945054972,0.0,45.3,83
2024-11-05,azitromicina,40.0,846.736263736264,746.7857142857143,37.8,80
2024-11-06,azitromicina,45.0,801.736263736264,0.0,37.4,57
2024-11-07,azitromicina,37.0,764.736263736264,0.0,41.9,73
2024-11-08,azitromicina,44.0,720.736263736264,0.0,41.6,79
2024-11-09,azitromicina,44.0,676.736263736264,0.0,42.4,91
2024-11-10,azitromicina,57.0,619.736263736264,0.0,46.9,105
2024-11-11,azitromicina,44.0,575.736263736264,0.0,42.6,89
2024-11-12,azitromicina,39.0,536.736263736264,0.0,46.2,87
2024-11-13,azitromicina,35.0,501.73626373626405,0.0,24.1,41
2024-11-14,azitromicina,48.0,453.73626373626405,0.0,40.9,73
2024-11-15,azitromicina,41.0,412.73626373626405,0.0,39.8,89
2024-11-16,azitromicina,46.0,366.73626373626405,0.0,48.1,101
2024-11-17,azitromicina,42.0,324.73626373626405,0.0,53.9,114
2024-11-18,azitromicina,44.0,280.73626373626405,0.0,61.2,108
2024-11-19,azitromicina,40.0,240.73626373626405,0.0,28.0,57
2024-11-20,azitromicina,60.0,180.73626373626405,0.0,61.8,121
2024-11-21,azitromicina,34.0,146.73626373626405,0.0,42.9,82
2024-11-22,azitromicina,60.0,820.1648351648355,733.4285714285714,29.6,41
2024-11-23,azitromicina,40.0,780.1648351648355,0.0,54.0,114
2024-11-24,azitromicina,47.0,733.1648351648355,0.0,40.6,72
2024-11-25,azitromicina,42.0,691.1648351648355,0.0,34.7,62
2024-11-26,azitromicina,37.0,654.1648351648355,0.0,45.0,73
2024-11-27,azitromicina,32.0,622.1648351648355,0.0,39.1,78
2024-11-28,azitromicina,32.0,590.1648351648355,0.0,38.8,59
2024-11-29,azitromicina,37.0,553.1648351648355,0.0,29.9,54
2024-11-30,azitromicina,47.0,506.1648351648355,0.0,42.0,82
2024-12-01,azitromicina,41.0,465.1648351648355,0.0,38.7,84
2024-12-02,azitromicina,34.0,431.1648351648355,0.0,36.1,59
2024-12-03,azitromicina,43.0,388.1648351648355,0.0,50.9,90
2024-12-04,azitromicina,35.0,353.1648351648355,0.0,43.0,85
2024-12-05,azitromicina,59.0,294.1648351648355,0.0,37.3,70
2024-12-06,azitromicina,42.0,252.1648351648355,0.0,28.7,56
2024-12-07,azitromicina,49.0,203.1648351648355,0.0,45.2,93
2024-12-08,azitromicina,48.0,155.1648351648355,0.0,48.2,117
2024-12-09,azitromicina,63.0,92.1648351648355,0.0,42.8,94
2024-12-10,azitromicina,47.0,756.736263736264,711.5714285714286,51.6,106
2024-12-11,azitromicina,47.0,709.736263736264,0.0,30.1,32
2024-12-12,azitromicina,36.0,673.736263736264,0.0,40.9,46
2024-12-13,azitromicina,49.0,624.736263736264,0.0,39.6,81
2024-12-14,azitromicina,46.0,578.736263736264,0.0,42.8,67
2024-12-15,azitromicina,47.0,531.736263736264,0.0,52.7,109
2024-12-16,azitromicina,39.0,492.73626373626405,0.0,40.6,79
2024-12-17,azitromicina,57.0,435.73626373626405,0.0,38.8,67
2024-12-18,azitromicina,48.0,387.73626373626405,0.0,36.2,64
2024-12-19,azitromicina,46.0,341.73626373626405,0.0,35.7,62
2024-12-20,azitromicina,34.0,307.73626373626405,0.0,34.4,64
2024-12-21,azitromicina,65.0,242.73626373626405,0.0,43.7,102
2024-12-22,azitromicina,31.0,211.73626373626405,0.0,42.4,100
2024-12-23,azitromicina,36.0,175.73626373626405,0.0,45.3,83
2024-12-24,azitromicina,49.0,933.0219780219784,806.2857142857143,35.2,65
2024-12-25,azitromicina,37.0,896.0219780219784,0.0,38.5,78
2024-12-26,azitromicina,43.0,853.0219780219784,0.0,32.9,55
2024-12-27,azitromicina,24.0,829.0219780219784,0.0,45.1,81
2024-12-28,azitromicina,39.0,790.0219780219784,0.0,53.9,113
2024-12-29,azitromicina,38.0,752.0219780219784,0.0,38.3,78
2024-12-30,azitromicina,60.0,692.0219780219784,0.0,51.0,93
2024-12-31,azitromicina,36.0,656.0219780219784,0.0,43.7,68
2025-01-01,azitromicina,38.0,618.0219780219784,0.0,50.9,101
2025-01-02,azitromicina,35.0,583.0219780219784,0.0,43.7,75
2025-01-03,azitromicina,29.0,554.0219780219784,0.0,45.2,76
2025-01-04,azitromicina,49.0,505.0219780219784,0.0,50.7,93
2025-01-05,azitromicina,61.0,444.0219780219784,0.0,49.6,96
2025-01-06,azitromicina,34.0,410.0219780219784,0.0,49.6,96
2025-01-07,azitromicina,35.0,375.0219780219784,0.0,44.7,83
2025-01-08,azitromicina,40.0,335.0219780219784,0.0,36.2,77
2025-01-09,azitromicina,46.0,289.0219780219784,0.0,41.2,71
2025-01-10,azitromicina,53.0,236.02197802197838,0.0,46.3,109
2025-01-11,azitromicina,46.0,190.02197802197838,0.0,40.9,87
2025-01-12,azitromicina,42.0,148.02197802197838,0.0,41.6,65
2025-01-13,azitromicina,48.0,100.02197802197838,0.0,60.7,125
2025-01-14,azitromicina,44.0,733.5934065934069,677.5714285714286,39.8,58
2025-01-15,azitromicina,40.0,693.5934065934069,0.0,29.7,49
2025-01-16,azitromicina,51.0,642.5934065934069,0.0,34.9,74
2025-01-17,azitromicina,48.0,594.5934065934069,0.0,31.9,55
2025-01-18,azitromicina,38.0,556.5934065934069,0.0,39.9,74
2025-01-19,azitromicina,56.0,500.59340659340694,0.0,33.2,55
2025-01-20,azitromicina,54.0,446.59340659340694,0.0,50.0,91
2025-01-21,azitromicina,47.0,399.59340659340694,0.0,34.5,64
2025-01-22,azitromicina,43.0,356.59340659340694,0.0,43.3,81
2025-01-23,azitromicina,39.0,317.59340659340694,0.0,37.3,79
2025-01-24,azitromicina,54.0,263.59340659340694,0.0,34.6,55
2025-01-25,azitromicina,46.0,217.59340659340694,0.0,43.4,85
2025-01-26,azitromicina,43.0,174.59340659340694,0.0,43.8,95
2025-01-27,azitromicina,36.0,138.59340659340694,0.0,37.5,71
2025-01-28,azitromicina,33.0,105.59340659340694,0.0,40.2,78
2025-01-29,azitromicina,38.0,845.9505494505498,778.3571428571429,41.9,84
2025-01-30,azitromicina,47.0,798.9505494505498,0.0,36.4,45
2025-01-31,azitromicina,46.0,752.9505494505498,0.0,40.5,78
2025-02-01,azitromicina,48.0,704.9505494505498,0.0,43.4,88
2025-02-02,azitromicina,47.0,657.9505494505498,0.0,40.5,101
2025-02-03,azitromicina,35.0,622.9505494505498,0.0,33.1,66
2025-02-04,azitromicina,46.0,576.9505494505498,0.0,37.0,70
2025-02-05,azitromicina,39.0,537.9505494505498,0.0,38.5,79
2025-02-06,azitromicina,44.0,493.95054945054983,0.0,52.0,94
2025-02-07,azitromicina,46.0,447.95054945054983,0.0,30.8,51
2025-02-08,azitromicina,41.0,406.95054945054983,0.0,58.3,113
2025-02-09,azitromicina,55.0,351.95054945054983,0.0,47.4,96
2025-02-10,azitromicina,67.0,284.95054945054983,0.0,46.6,94
2025-02-11,azitromicina,41.0,243.95054945054983,0.0,41.6,81
2025-02-12,azitromicina,35.0,208.95054945054983,0.0,30.4,48
2025-02-13,azitromicina,42.0,166.95054945054983,0.0,36.9,47
2025-02-14,azitromicina,39.0,127.95054945054983,0.0,25.0,59
2025-02-15,azitromicina,47.0,80.95054945054983,0.0,26.9,61
2025-02-16,azitromicina,64.0,732.1648351648355,715.2142857142857,36.3,71
2025-02-17,azitromicina,38.0,694.1648351648355,0.0,50.4,105
2025-02-18,azitromicina,30.0,664.1648351648355,0.0,32.1,45
2025-02-19,azitromicina,35.0,629.1648351648355,0.0,45.6,86
2025-02-20,azitromicina,31.0,598.1648351648355,0.0,35.5,67
2025-02-21,azitromicina,40.0,558.1648351648355,0.0,43.6,74
2025-02-22,azitromicina,51.0,507.1648351648355,0.0,47.1,84
2025-02-23,azitromicina,44.0,463.1648351648355,0.0,56.3,120
2025-02-24,azitromicina,33.0,430.1648351648355,0.0,46.8,84
2025-02-25,azitromicina,50.0,380.1648351648355,0.0,28.0,38
2025-02-26,azitromicina,32.0,348.1648351648355,0.0,26.7,44
2025-02-27,azitromicina,61.0,287.1648351648355,0.0,39.8,67
2025-02-28,azitromicina,25.0,262.1648351648355,0.0,39.9,74
2025-03-01,azitromicina,56.0,206.1648351648355,0.0,46.1,93
2025-03-02,azitromicina,40.0,166.1648351648355,0.0,58.7,112
2025-03-03,azitromicina,51.0,115.1648351648355,0.0,42.3,110
2025-03-04,azitromicina,30.0,85.1648351648355,0.0,26.1,52
2025-03-05,azitromicina,34.0,754.236263736264,703.0714285714286,31.9,66
2025-03-06,azitromicina,33.0,721.236263736264,0.0,28.9,48
2025-03-07,azitromicina,47.0,674.236263736264,0.0,33.6,60
2025-03-08,azitromicina,50.0,624.236263736264,0.0,44.7,106
2025-03-09,azitromicina,60.0,564.236263736264,0.0,36.2,76
2025-03-10,azitromicina,42.0,522.236263736264,0.0,50.4,115
2025-03-11,azitromicina,51.0,471.23626373626405,0.0,45.8,64
2025-03-12,azitromicina,45.0,426.23626373626405,0.0,39.7,54
2025-03-13,azitromicina,35.0,391.23626373626405,0.0,41.3,84
2025-03-14,azitromicina,36.0,355.23626373626405,0.0,38.7,76
2025-03-15,azitromicina,33.0,322.23626373626405,0.0,46.1,106
2025-03-16,azitromicina,71.0,251.23626373626405,0.0,53.6,136
2025-03-17,azitromicina,35.0,216.23626373626405,0.0,50.6,107
2025-03-18,azitromicina,39.0,177.23626373626405,0.0,41.1,90
2025-03-19,azitromicina,54.0,123.23626373626405,0.0,46.9,96
2025-03-20,azitromicina,43.0,80.23626373626405,0.0,28.9,62
2025-03-21,azitromicina,37.0,802.1648351648355,758.9285714285714,28.4,51
2025-03-22,azitromicina,47.0,755.1648351648355,0.0,51.3,106
2025-03-23,azitromicina,47.0,708.1648351648355,0.0,46.9,91
2025-03-24,azitromicina,44.0,664.1648351648355,0.0,46.4,89
2025-03-25,azitromicina,40.0,624.1648351648355,0.0,36.3,80
2025-03-26,azitromicina,48.0,576.1648351648355,0.0,39.4,64
2025-03-27,azitromicina,30.0,546.1648351648355,0.0,43.6,95
2025-03-28,azitromicina,42.0,504.1648351648355,0.0,50.8,99
2025-03-29,azitromicina,35.0,469.1648351648355,0.0,54.8,118
2025-03-30,azitromicina,53.0,416.1648351648355,0.0,44.1,103
2025-03-31,azitromicina,54.0,362.1648351648355,0.0,43.1,88
2025-04-01,azitromicina,48.0,314.1648351648355,0.0,45.2,86
2025-04-02,azitromicina,34.0,280.1648351648355,0.0,38.1,63
2025-04-03,azitromicina,40.0,240.1648351648355,0.0,43.1,86
2025-04-04,azitromicina,41.0,199.1648351648355,0.0,48.4,82
2025-04-05,azitromicina,37.0,162.1648351648355,0.0,50.9,95
2025-04-06,azitromicina,50.0,833.4505494505498,721.2857142857143,47.9,101
2025-04-07,azitromicina,52.0,781.4505494505498,0.0,53.7,106
2025-04-08,azitromicina,47.0,734.4505494505498,0.0,51.4,86
2025-04-09,azitromicina,32.0,702.4505494505498,0.0,45.6,69
2025-04-10,azitromicina,37.0,665.4505494505498,0.0,29.3,59
2025-04-11,azitromicina,45.0,620.4505494505498,0.0,43.5,96
2025-04-12,azitromicina,29.0,591.4505494505498,0.0,66.1,133
2025-04-13,azitromicina,44.0,547.4505494505498,0.0,55.6,132
2025-04-14,azitromicina,32.0,515.4505494505498,0.0,40.5,92
2025-04-15,azitromicina,50.0,465.45054945054983,0.0,41.0,84
2025-04-16,azitromicina,48.0,417.45054945054983,0.0,48.2,94
2025-04-17,azitromicina,49.0,368.45054945054983,0.0,42.9,85
2025-04-18,azitromicina,46.0,322.45054945054983,0.0,54.7,125
2025-04-19,azitromicina,43.0,279.45054945054983,0.0,53.6,122
2025-04-20,azitromicina,59.0,220.45054945054983,0.0,52.7,120
2025-04-21,azitromicina,42.0,178.45054945054983,0.0,73.8,182
2025-04-22,azitromicina,41.0,137.45054945054983,0.0,50.4,79
2025-04-23,azitromicina,44.0,93.45054945054983,0.0,43.5,82
2025-04-24,azitromicina,45.0,48.45054945054983,0.0,65.4,138
2025-04-25,azitromicina,60.0,708.5219780219784,720.0714285714286,42.8,89
2025-04-26,azitromicina,36.0,672.5219780219784,0.0,62.2,141
2025-04-27,azitromicina,45.0,627.5219780219784,0.0,48.2,107
2025-04-28,azitromicina,44.0,583.5219780219784,0.0,32.7,85
2025-04-29,azitromicina,31.0,552.5219780219784,0.0,27.3,55
2025-04-30,azitromicina,58.0,494.5219780219784,0.0,33.3,77
2025-05-01,azitromicina,59.0,435.5219780219784,0.0,42.4,108
2025-05-02,azitromicina,47.0,388.5219780219784,0.0,32.6,68
2025-05-03,azitromicina,35.0,353.5219780219784,0.0,54.2,101
2025-05-04,azitromicina,43.0,310.5219780219784,0.0,56.1,122
2025-05-05,azitromicina,43.0,267.5219780219784,0.0,53.1,98
2025-05-06,azitromicina,38.0,229.52197802197838,0.0,45.3,86
2025-05-07,azitromicina,39.0,190.52197802197838,0.0,43.0,75
2025-05-08,azitromicina,41.0,149.52197802197838,0.0,32.7,65
2025-05-09,azitromicina,42.0,107.52197802197838,0.0,37.7,63
2025-05-10,azitromicina,48.0,852.4505494505498,792.9285714285714,54.7,109
2025-05-11,azitromicina,44.0,808.4505494505498,0.0,47.0,102
2025-05-12,azitromicina,37.0,771.4505494505498,0.0,38.9,66
2025-05-13,azitromicina,47.0,724.4505494505498,0.0,38.3,64
2025-05-14,azitromicina,57.0,667.4505494505498,0.0,40.1,82
2025-05-15,azitromicina,31.0,636.4505494505498,0.0,46.5,107
2025-05-16,azitromicina,50.0,586.4505494505498,0.0,45.3,104
2025-05-17,azitromicina,40.0,546.4505494505498,0.0,53.5,113
2025-05-18,azitromicina,43.0,503.45054945054983,0.0,49.5,99
2025-05-19,azitromicina,34.0,469.45054945054983,0.0,30.0,56
2025-05-20,azitromicina,42.0,427.45054945054983,0.0,48.3,99
2025-05-21,azitromicina,43.0,384.45054945054983,0.0,52.3,104
2025-05-22,azitromicina,41.0,343.45054945054983,0.0,40.2,69
2025-05-23,azitromicina,48.0,295.45054945054983,0.0,52.7,94
2025-05-24,azitromicina,64.0,231.45054945054983,0.0,62.1,124
2025-05-25,azitromicina,50.0,181.45054945054983,0.0,44.2,99
2025-05-26,azitromicina,42.0,139.45054945054983,0.0,47.3,77
2025-05-27,azitromicina,51.0,88.45054945054983,0.0,40.5,83
2025-05-28,azitromicina,39.0,49.45054945054983,0.0,44.0,75
2025-05-29,azitromicina,46.0,3.450549450549829,0.0,50.3,104
2025-05-30,azitromicina,36.0,694.8076923076927,727.3571428571429,51.8,114
2025-05-31,azitromicina,34.0,660.8076923076927,0.0,45.9,113
2025-06-01,azitromicina,58.0,602.8076923076927,0.0,52.5,113
2025-06-02,azitromicina,49.0,553.8076923076927,0.0,45.5,109
2025-06-03,azitromicina,55.0,498.8076923076927,0.0,57.4,114
2025-06-04,azitromicina,53.0,445.8076923076927,0.0,54.0,98
2025-06-05,azitromicina,32.0,413.8076923076927,0.0,38.4,80
2025-06-06,azitromicina,33.0,380.8076923076927,0.0,51.9,106
2025-06-07,azitromicina,48.0,332.8076923076927,0.0,50.6,114
2025-06-08,azitromicina,39.0,293.8076923076927,0.0,59.4,138
2025-06-09,azitromicina,37.0,256.8076923076927,0.0,46.1,84
2025-06-10,azitromicina,57.0,199.80769230769272,0.0,48.4,100
2025-06-11,azitromicina,50.0,149.80769230769272,0.0,42.2,62
2025-06-12,azitromicina,46.0,103.80769230769272,0.0,40.4,82
2025-06-13,azitromicina,54.0,858.5219780219784,808.7142857142857,50.8,95
2025-06-14,azitromicina,62.0,796.5219780219784,0.0,53.9,114
2025-06-15,azitromicina,63.0,733.5219780219784,0.0,53.5,105
2025-06-16,azitromicina,45.0,688.5219780219784,0.0,42.6,88
2025-06-17,azitromicina,46.0,642.5219780219784,0.0,37.9,70
2025-06-18,azitromicina,44.0,598.5219780219784,0.0,39.7,76
2025-06-19,azitromicina,44.0,554.5219780219784,0.0,37.9,79
2025-06-20,azitromicina,48.0,506.5219780219784,0.0,43.5,78
2025-06-21,azitromicina,41.0,465.5219780219784,0.0,60.6,127
2025-06-22,azitromicina,42.0,423.5219780219784,0.0,44.3,81
2025-06-23,azitromicina,41.0,382.5219780219784,0.0,53.0,95
2025-06-24,azitromicina,58.0,324.5219780219784,0.0,35.5,46
2025-06-25,azitromicina,46.0,278.5219780219784,0.0,35.2,66
2025-06-26,azitromicina,25.0,253.52197802197838,0.0,37.5,64
2025-06-27,azitromicina,43.0,210.52197802197838,0.0,40.1,83
2025-06-28,azitromicina,45.0,165.52197802197838,0.0,50.4,105
2025-06-29,azitromicina,44.0,121.52197802197838,0.0,45.5,98
2025-06-30,azitromicina,39.0,903.3791208791213,820.8571428571429,53.7,96
2025-07-01,azitromicina,40.0,863.3791208791213,0.0,43.0,80
2025-07-02,azitromicina,44.0,819.3791208791213,0.0,39.3,76
2025-07-03,azitromicina,41.0,778.3791208791213,0.0,42.9,70
2025-07-04,azitromicina,39.0,739.3791208791213,0.0,35.7,88
2025-07-05,azitromicina,70.0,669.3791208791213,0.0,43.0,107
2025-07-06,azitromicina,54.0,615.3791208791213,0.0,51.1,98
2025-07-07,azitromicina,30.0,585.3791208791213,0.0,54.1,115
2025-07-08,azitromicina,45.0,540.3791208791213,0.0,42.6,80
2025-07-09,azitromicina,56.0,484.3791208791213,0.0,32.4,69
2025-07-10,azitromicina,34.0,450.3791208791213,0.0,36.9,67
2025-07-11,azitromicina,42.0,408.3791208791213,0.0,45.4,68
2025-07-12,azitromicina,44.0,364.3791208791213,0.0,43.8,77
2025-07-13,azitromicina,59.0,305.3791208791213,0.0,54.2,114
2025-07-14,azitromicina,57.0,248.37912087912127,0.0,39.8,80
2025-07-15,azitromicina,42.0,206.37912087912127,0.0,38.3,75
2025-07-16,azitromicina,49.0,157.37912087912127,0.0,36.2,89
2025-07-17,azitromicina,39.0,118.37912087912127,0.0,36.3,62
2025-07-18,azitromicina,41.0,77.37912087912127,0.0,48.8,91
2025-07-19,azitromicina,56.0,777.8791208791213,756.5,51.7,127
2025-07-20,azitromicina,47.0,730.8791208791213,0.0,47.7,105
2025-07-21,azitromicina,53.0,677.8791208791213,0.0,38.7,85
2025-07-22,azitromicina,49.0,628.8791208791213,0.0,38.8,83
2025-07-23,azitromicina,48.0,580.8791208791213,0.0,46.0,92
2025-07-24,azitromicina,26.0,554.8791208791213,0.0,20.7,44
2025-07-25,azitromicina,47.0,507.8791208791213,0.0,39.1,66
2025-07-26,azitromicina,33.0,474.8791208791213,0.0,59.3,122
2025-07-27,azitromicina,45.0,429.8791208791213,0.0,48.3,102
2025-07-28,azitromicina,50.0,379.8791208791213,0.0,40.8,106
2025-07-29,azitromicina,36.0,343.8791208791213,0.0,31.7,63
2025-07-30,azitromicina,48.0,295.8791208791213,0.0,50.0,90
2025-07-31,azitromicina,39.0,256.8791208791213,0.0,31.5,83
2025-08-01,azitromicina,34.0,222.87912087912127,0.0,31.1,54
2025-08-02,azitromicina,63.0,159.87912087912127,0.0,49.8,117
2025-08-03,azitromicina,40.0,119.87912087912127,0.0,37.8,60
2025-08-04,azitromicina,55.0,64.87912087912127,0.0,41.7,88
2025-08-05,azitromicina,48.0,784.3076923076927,767.4285714285714,57.6,121
2025-08-06,azitromicina,36.0,748.3076923076927,0.0,37.6,62
2025-08-07,azitromicina,28.0,720.3076923076927,0.0,52.8,91
2025-08-08,azitromicina,54.0,666.3076923076927,0.0,39.4,76
2025-08-09,azitromicina,39.0,627.3076923076927,0.0,43.8,82
2025-08-10,azitromicina,44.0,583.3076923076927,0.0,42.3,99
2025-08-11,azitromicina,50.0,533.3076923076927,0.0,52.3,97
2025-08-12,azitromicina,36.0,497.3076923076927,0.0,44.1,96
2025-08-13,azitromicina,43.0,454.3076923076927,0.0,27.8,47
2025-08-14,azitromicina,55.0,399.3076923076927,0.0,49.9,104
2025-08-15,azitromicina,39.0,360.3076923076927,0.0,44.4,106
2025-08-16,azitromicina,46.0,314.3076923076927,0.0,52.3,108
2025-08-17,azitromicina,31.0,283.3076923076927,0.0,51.8,98
2025-08-18,azitromicina,49.0,234.30769230769272,0.0,55.7,117
2025-08-19,azitromicina,48.0,186.30769230769272,0.0,30.3,66
2025-08-20,azitromicina,50.0,136.30769230769272,0.0,47.7,99
2025-08-21,azitromicina,45.0,91.30769230769272,0.0,52.6,103
2025-08-22,azitromicina,48.0,43.30769230769272,0.0,28.5,64
2025-08-23,azitromicina,41.0,761.2362637362642,758.9285714285714,54.8,130
2025-08-24,azitromicina,42.0,719.2362637362642,0.0,46.5,84
2025-08-25,azitromicina,40.0,679.2362637362642,0.0,52.5,108
2025-08-26,azitromicina,41.0,638.2362637362642,0.0,39.4,69
2025-08-27,azitromicina,37.0,601.2362637362642,0.0,42.4,61
2025-08-28,azitromicina,31.0,570.2362637362642,0.0,40.0,70
2025-08-29,azitromicina,26.0,544.2362637362642,0.0,49.5,95
2025-08-30,azitromicina,41.0,503.23626373626416,0.0,64.0,113
2025-08-31,azitromicina,43.0,460.23626373626416,0.0,43.9,89
2025-09-01,azitromicina,36.0,424.23626373626416,0.0,52.4,120
2025-09-02,azitromicina,43.0,381.23626373626416,0.0,40.5,72
2025-09-03,azitromicina,37.0,344.23626373626416,0.0,41.2,74
2025-09-04,azitromicina,44.0,300.23626373626416,0.0,36.0,70
2025-09-05,azitromicina,39.0,261.23626373626416,0.0,42.4,94
2025-09-06,azitromicina,41.0,220.23626373626416,0.0,58.5,102
2025-09-07,azitromicina,57.0,163.23626373626416,0.0,68.8,154
2025-09-08,azitromicina,43.0,120.23626373626416,0.0,47.1,104
2025-09-09,azitromicina,46.0,74.23626373626416,0.0,43.9,76
2025-09-10,azitromicina,45.0,714.093406593407,684.8571428571429,38.4,72
2025-09-11,azitromicina,47.0,667.093406593407,0.0,44.1,90
2025-09-12,azitromicina,41.0,626.093406593407,0.0,41.0,72
2025-09-13,azitromicina,35.0,591.093406593407,0.0,41.7,95
2025-09-14,azitromicina,44.0,547.093406593407,0.0,53.5,110
2025-09-15,azitromicina,35.0,512.093406593407,0.0,44.3,66
2025-09-16,azitromicina,46.0,466.09340659340705,0.0,39.6,69
2025-09-17,azitromicina,28.0,438.09340659340705,0.0,33.8,62
2025-09-18,azitromicina,36.0,402.09340659340705,0.0,38.9,78
2025-09-19,azitromicina,50.0,352.09340659340705,0.0,38.9,77
2025-09-20,azitromicina,37.0,315.09340659340705,0.0,47.2,99
2025-09-21,azitromicina,41.0,274.09340659340705,0.0,42.2,86
2025-09-22,azitromicina,43.0,231.09340659340705,0.0,53.0,102
2025-09-23,azitromicina,42.0,189.09340659340705,0.0,42.4,102
2025-09-24,azitromicina,48.0,141.09340659340705,0.0,46.4,84
2025-09-25,azitromicina,29.0,112.09340659340705,0.0,32.7,59
2025-09-26,azitromicina,43.0,69.09340659340705,0.0,45.5,87
2025-09-27,azitromicina,55.0,722.0219780219785,707.9285714285714,45.5,104
2025-09-28,azitromicina,45.0,677.0219780219785,0.0,56.4,107
2025-09-29,azitromicina,33.0,644.0219780219785,0.0,39.6,60
2025-09-30,azitromicina,41.0,603.0219780219785,0.0,48.9,90
2025-10-01,azitromicina,43.0,560.0219780219785,0.0,41.8,98
2025-10-02,azitromicina,31.0,529.0219780219785,0.0,40.0,66
2025-10-03,azitromicina,30.0,499.0219780219785,0.0,49.5,98
2025-10-04,azitromicina,44.0,455.0219780219785,0.0,60.7,153
2025-10-05,azitromicina,32.0,423.0219780219785,0.0,49.2,102
2025-10-06,azitromicina,46.0,377.0219780219785,0.0,42.3,78
2025-10-07,azitromicina,46.0,331.0219780219785,0.0,40.0,69
2025-10-08,azitromicina,40.0,291.0219780219785,0.0,52.4,109
2025-10-09,azitromicina,58.0,233.0219780219785,0.0,38.6,68
2025-10-10,azitromicina,54.0,179.0219780219785,0.0,35.6,46
2025-10-11,azitromicina,56.0,123.0219780219785,0.0,60.5,120
2025-10-12,azitromicina,50.0,73.0219780219785,0.0,68.6,190
2025-10-13,azitromicina,52.0,703.4505494505499,682.4285714285714,48.0,102
2025-10-14,azitromicina,44.0,659.4505494505499,0.0,55.3,121
2025-10-15,azitromicina,39.0,620.4505494505499,0.0,26.5,57
2025-10-16,azitromicina,33.0,587.4505494505499,0.0,51.4,107
2025-10-17,azitromicina,40.0,547.4505494505499,0.0,46.6,80
2025-10-18,azitromicina,49.0,498.45054945054994,0.0,42.1,94
2025-10-19,azitromicina,43.0,455.45054945054994,0.0,49.9,100
2025-10-20,azitromicina,43.0,412.45054945054994,0.0,51.9,120
2025-10-21,azitromicina,48.0,364.45054945054994,0.0,36.8,74
2025-10-22,azitromicina,39.0,325.45054945054994,0.0,39.8,58
2025-10-23,azitromicina,47.0,278.45054945054994,0.0,38.0,76
2025-10-24,azitromicina,34.0,244.45054945054994,0.0,42.7,78
2025-10-25,azitromicina,43.0,201.45054945054994,0.0,49.5,124
2025-10-26,azitromicina,72.0,918.7362637362643,789.2857142857143,60.6,113
2025-10-27,azitromicina,41.0,877.7362637362643,0.0,42.3,75
2025-10-28,azitromicina,33.0,844.7362637362643,0.0,29.0,46
2025-10-29,azitromicina,37.0,807.7362637362643,0.0,45.6,85
2025-10-30,azitromicina,48.0,759.7362637362643,0.0,29.3,61
2025-10-31,azitromicina,38.0,721.7362637362643,0.0,41.8,67
2025-11-01,azitromicina,54.0,667.7362637362643,0.0,50.8,110
2025-11-02,azitromicina,35.0,632.7362637362643,0.0,61.1,138
2025-11-03,azitromicina,42.0,590.7362637362643,0.0,32.3,59
2025-11-04,azitromicina,37.0,553.7362637362643,0.0,33.7,64
2025-11-05,azitromicina,29.0,524.7362637362643,0.0,47.2,88
2025-11-06,azitromicina,37.0,487.7362637362643,0.0,40.5,74
2025-11-07,azitromicina,28.0,459.7362637362643,0.0,56.8,116
2025-11-08,azitromicina,43.0,416.7362637362643,0.0,51.4,108
2025-11-09,azitromicina,45.0,371.7362637362643,0.0,58.3,122
2025-11-10,azitromicina,42.0,329.7362637362643,0.0,36.4,70
2025-11-11,azitromicina,48.0,281.7362637362643,0.0,54.0,90
2025-11-12,azitromicina,39.0,242.73626373626428,0.0,31.8,70
2025-11-13,azitromicina,44.0,198.73626373626428,0.0,59.2,116
2025-11-14,azitromicina,32.0,166.73626373626428,0.0,41.5,64
2025-11-15,azitromicina,59.0,107.73626373626428,0.0,58.1,137
2025-11-16,azitromicina,38.0,69.73626373626428,0.0,53.3,88
2025-11-17,azitromicina,48.0,21.736263736264277,0.0,56.1,110
2025-11-18,azitromicina,49.0,636.9505494505499,664.2142857142857,40.2,65
2025-11-19,azitromicina,39.0,597.9505494505499,0.0,37.2,67
2025-11-20,azitromicina,39.0,558.9505494505499,0.0,48.8,103
2025-11-21,azitromicina,46.0,512.9505494505499,0.0,42.5,85
2025-11-22,azitromicina,36.0,476.95054945054994,0.0,49.8,99
2025-11-23,azitromicina,55.0,421.95054945054994,0.0,54.9,102
2025-11-24,azitromicina,60.0,361.95054945054994,0.0,37.1,65
2025-11-25,azitromicina,47.0,314.95054945054994,0.0,26.7,48
2025-11-26,azitromicina,47.0,267.95054945054994,0.0,39.6,65
2025-11-27,azitromicina,39.0,228.95054945054994,0.0,35.5,52
2025-11-28,azitromicina,34.0,194.95054945054994,0.0,26.7,30
2025-11-29,azitromicina,41.0,153.95054945054994,0.0,47.7,89
2025-11-30,azitromicina,47.0,106.95054945054994,0.0,53.8,118
2025-12-01,azitromicina,39.0,67.95054945054994,0.0,44.5,99
2025-12-02,azitromicina,62.0,751.5219780219785,745.5714285714286,33.9,68
2025-12-03,azitromicina,35.0,716.5219780219785,0.0,28.7,62
2025-12-04,azitromicina,36.0,680.5219780219785,0.0,48.8,98
2025-12-05,azitromicina,48.0,632.5219780219785,0.0,47.6,98
2025-12-06,azitromicina,41.0,591.5219780219785,0.0,38.4,76
2025-12-07,azitromicina,42.0,549.5219780219785,0.0,36.8,100
2025-12-08,azitromicina,44.0,505.5219780219785,0.0,46.1,107
2025-12-09,azitromicina,51.0,454.5219780219785,0.0,41.2,66
2025-12-10,azitromicina,38.0,416.5219780219785,0.0,43.8,94
2025-12-11,azitromicina,32.0,384.5219780219785,0.0,43.4,81
2025-12-12,azitromicina,45.0,339.5219780219785,0.0,32.5,70
2025-12-13,azitromicina,56.0,283.5219780219785,0.0,47.3,80
2025-12-14,azitromicina,60.0,223.5219780219785,0.0,44.2,89
2025-12-15,azitromicina,45.0,178.5219780219785,0.0,34.0,55
2025-12-16,azitromicina,53.0,125.5219780219785,0.0,41.8,54
2025-12-17,azitromicina,48.0,77.5219780219785,0.0,38.9,55
2025-12-18,azitromicina,66.0,736.4505494505499,724.9285714285714,36.9,70
2025-12-19,azitromicina,52.0,684.4505494505499,0.0,37.1,74
2025-12-20,azitromicina,53.0,631.4505494505499,0.0,43.4,89
2025-12-21,azitromicina,59.0,572.4505494505499,0.0,48.9,95
2025-12-22,azitromicina,50.0,522.4505494505499,0.0,49.2,103
2025-12-23,azitromicina,51.0,471.45054945054994,0.0,29.2,49
2025-12-24,azitromicina,36.0,435.45054945054994,0.0,38.0,53
2025-12-25,azitromicina,63.0,372.45054945054994,0.0,53.7,116
2025-12-26,azitromicina,45.0,327.45054945054994,0.0,52.2,84
2025-12-27,azitromicina,36.0,291.45054945054994,0.0,40.9,77
2025-12-28,azitromicina,71.0,220.45054945054994,0.0,62.0,118
2025-12-29,azitromicina,50.0,170.45054945054994,0.0,38.5,67
2025-12-30,azitromicina,47.0,123.45054945054994,0.0,36.0,53
2025-12-31,azitromicina,54.0,929.1648351648356,859.7142857142857,36.6,74
2024-01-01,ceftriaxona_inj,47.0,752.0,0.0,52.7,111
2024-01-02,ceftriaxona_inj,28.0,724.0,0.0,33.6,51
2024-01-03,ceftriaxona_inj,48.0,676.0,0.0,34.2,61
2024-01-04,ceftriaxona_inj,36.0,640.0,0.0,32.6,51
2024-01-05,ceftriaxona_inj,29.0,611.0,0.0,24.7,30
2024-01-06,ceftriaxona_inj,32.0,579.0,0.0,41.6,71
2024-01-07,ceftriaxona_inj,47.0,532.0,0.0,51.5,99
2024-01-08,ceftriaxona_inj,20.0,512.0,0.0,29.9,65
2024-01-09,ceftriaxona_inj,49.0,463.0,0.0,20.0,44
2024-01-10,ceftriaxona_inj,46.0,417.0,0.0,37.5,57
2024-01-11,ceftriaxona_inj,33.0,384.0,0.0,49.8,90
2024-01-12,ceftriaxona_inj,45.0,339.0,0.0,37.9,81
2024-01-13,ceftriaxona_inj,44.0,295.0,0.0,34.2,80
2024-01-14,ceftriaxona_inj,30.0,265.0,0.0,43.7,85
2024-01-15,ceftriaxona_inj,32.0,233.0,0.0,38.7,61
2024-01-16,ceftriaxona_inj,35.0,198.0,0.0,33.7,37
2024-01-17,ceftriaxona_inj,50.0,148.0,0.0,32.8,49
2024-01-18,ceftriaxona_inj,40.0,108.0,0.0,28.6,47
2024-01-19,ceftriaxona_inj,26.0,82.0,0.0,26.8,48
2024-01-20,ceftriaxona_inj,34.0,699.6666666666667,651.6666666666667,39.9,75
2024-01-21,ceftriaxona_inj,39.0,660.6666666666667,0.0,40.7,81
2024-01-22,ceftriaxona_inj,37.0,623.6666666666667,0.0,22.5,37
2024-01-23,ceftriaxona_inj,30.0,593.6666666666667,0.0,38.6,48
2024-01-24,ceftriaxona_inj,32.0,561.6666666666667,0.0,36.8,46
2024-01-25,ceftriaxona_inj,24.0,537.6666666666667,0.0,33.2,43
2024-01-26,ceftriaxona_inj,27.0,510.66666666666674,0.0,26.7,48
2024-01-27,ceftriaxona_inj,41.0,469.66666666666674,0.0,47.1,86
2024-01-28,ceftriaxona_inj,34.0,435.66666666666674,0.0,40.6,70
2024-01-29,ceftriaxona_inj,46.0,389.66666666666674,0.0,51.4,103
2024-01-30,ceftriaxona_inj,35.0,354.66666666666674,0.0,35.7,49
2024-01-31,ceftriaxona_inj,40.0,314.66666666666674,0.0,46.2,86
2024-02-01,ceftriaxona_inj,24.0,290.66666666666674,0.0,34.4,51
2024-02-02,ceftriaxona_inj,45.0,245.66666666666674,0.0,29.8,39
2024-02-03,ceftriaxona_inj,37.0,208.66666666666674,0.0,40.2,72
2024-02-04,ceftriaxona_inj,46.0,162.66666666666674,0.0,31.0,70
2024-02-05,ceftriaxona_inj,39.0,123.66666666666674,0.0,39.8,74
2024-02-06,ceftriaxona_inj,34.0,89.66666666666674,0.0,29.2,51
2024-02-07,ceftriaxona_inj,46.0,43.66666666666674,0.0,34.0,73
2024-02-08,ceftriaxona_inj,43.0,0.6666666666667425,0.0,42.0,62
2024-02-09,ceftriaxona_inj,34.0,555.5952380952382,588.9285714285714,51.3,88
2024-02-10,ceftriaxona_inj,44.0,511.5952380952382,0.0,53.0,97
2024-02-11,ceftriaxona_inj,39.0,472.5952380952382,0.0,59.8,129
2024-02-12,ceftriaxona_inj,43.0,429.5952380952382,0.0,55.4,104
2024-02-13,ceftriaxona_inj,38.0,391.5952380952382,0.0,46.5,94
2024-02-14,ceftriaxona_inj,28.0,363.5952380952382,0.0,40.7,75
2024-02-15,ceftriaxona_inj,30.0,333.5952380952382,0.0,42.8,96
2024-02-16,ceftriaxona_inj,34.0,299.5952380952382,0.0,55.8,116
2024-02-17,ceftriaxona_inj,38.0,261.5952380952382,0.0,58.6,128
2024-02-18,ceftriaxona_inj,43.0,218.5952380952382,0.0,72.4,183
2024-02-19,ceftriaxona_inj,53.0,165.5952380952382,0.0,61.3,137
2024-02-20,ceftriaxona_inj,21.0,144.5952380952382,0.0,55.3,120
2024-02-21,ceftriaxona_inj,29.0,785.8809523809525,670.2857142857143,73.6,151
2024-02-22,ceftriaxona_inj,40.0,745.8809523809525,0.0,49.7,93
2024-02-23,ceftriaxona_inj,27.0,718.8809523809525,0.0,56.0,121
2024-02-24,ceftriaxona_inj,33.0,685.8809523809525,0.0,60.4,131
2024-02-25,ceftriaxona_inj,51.0,634.8809523809525,0.0,65.6,148
2024-02-26,ceftriaxona_inj,30.0,604.8809523809525,0.0,61.8,140
2024-02-27,ceftriaxona_inj,36.0,568.8809523809525,0.0,56.9,136
2024-02-28,ceftriaxona_inj,35.0,533.8809523809525,0.0,54.6,119
2024-02-29,ceftriaxona_inj,27.0,506.8809523809525,0.0,63.8,152
2024-03-01,ceftriaxona_inj,30.0,476.8809523809525,0.0,50.9,121
2024-03-02,ceftriaxona_inj,32.0,444.8809523809525,0.0,63.2,136
2024-03-03,ceftriaxona_inj,21.0,423.8809523809525,0.0,64.2,140
2024-03-04,ceftriaxona_inj,33.0,390.8809523809525,0.0,60.3,154
2024-03-05,ceftriaxona_inj,44.0,346.8809523809525,0.0,58.6,130
2024-03-06,ceftriaxona_inj,33.0,313.8809523809525,0.0,59.9,121
2024-03-07,ceftriaxona_inj,31.0,282.8809523809525,0.0,56.7,111
2024-03-08,ceftriaxona_inj,32.0,250.88095238095252,0.0,60.7,123
2024-03-09,ceftriaxona_inj,39.0,211.88095238095252,0.0,83.7,200
2024-03-10,ceftriaxona_inj,46.0,165.88095238095252,0.0,70.4,172
2024-03-11,ceftriaxona_inj,35.0,130.88095238095252,0.0,58.3,140
2024-03-12,ceftriaxona_inj,26.0,104.88095238095252,0.0,54.9,114
2024-03-13,ceftriaxona_inj,42.0,636.0238095238096,573.1428571428571,53.3,109
2024-03-14,ceftriaxona_inj,35.0,601.0238095238096,0.0,70.9,149
2024-03-15,ceftriaxona_inj,25.0,576.0238095238096,0.0,69.1,146
2024-03-16,ceftriaxona_inj,43.0,533.0238095238096,0.0,61.7,139
2024-03-17,ceftriaxona_inj,37.0,496.02380952380963,0.0,58.3,142
2024-03-18,ceftriaxona_inj,48.0,448.02380952380963,0.0,62.4,143
2024-03-19,ceftriaxona_inj,34.0,414.02380952380963,0.0,50.9,104
2024-03-20,ceftriaxona_inj,38.0,376.02380952380963,0.0,57.9,129
2024-03-21,ceftriaxona_inj,34.0,342.02380952380963,0.0,66.6,158
2024-03-22,ceftriaxona_inj,31.0,311.02380952380963,0.0,52.1,107
2024-03-23,ceftriaxona_inj,21.0,290.02380952380963,0.0,62.0,144
2024-03-24,ceftriaxona_inj,36.0,254.02380952380963,0.0,57.6,133
2024-03-25,ceftriaxona_inj,32.0,222.02380952380963,0.0,49.5,99
2024-03-26,ceftriaxona_inj,42.0,180.02380952380963,0.0,50.1,109
2024-03-27,ceftriaxona_inj,27.0,153.02380952380963,0.0,59.4,128
2024-03-28,ceftriaxona_inj,46.0,107.02380952380963,0.0,47.6,94
2024-03-29,ceftriaxona_inj,34.0,697.1666666666667,624.1428571428571,62.6,153
2024-03-30,ceftriaxona_inj,44.0,653.1666666666667,0.0,66.3,156
2024-03-31,ceftriaxona_inj,37.0,616.1666666666667,0.0,77.8,167
2024-04-01,ceftriaxona_inj,29.0,587.1666666666667,0.0,53.0,126
2024-04-02,ceftriaxona_inj,29.0,558.1666666666667,0.0,32.8,79
2024-04-03,ceftriaxona_inj,43.0,515.1666666666667,0.0,53.0,134
2024-04-04,ceftriaxona_inj,40.0,475.16666666666674,0.0,51.5,108
2024-04-05,ceftriaxona_inj,38.0,437.16666666666674,0.0,47.7,97
2024-04-06,ceftriaxona_inj,23.0,414.16666666666674,0.0,59.3,132
2024-04-07,ceftriaxona_inj,37.0,377.16666666666674,0.0,48.9,87
2024-04-08,ceftriaxona_inj,47.0,330.16666666666674,0.0,51.9,140
2024-04-09,ceftriaxona_inj,49.0,281.16666666666674,0.0,51.6,104
2024-04-10,ceftriaxona_inj,38.0,243.16666666666674,0.0,67.4,136
2024-04-11,ceftriaxona_inj,36.0,207.16666666666674,0.0,56.3,135
2024-04-12,ceftriaxona_inj,31.0,176.16666666666674,0.0,53.0,117
2024-04-13,ceftriaxona_inj,41.0,135.16666666666674,0.0,62.0,147
2024-04-14,ceftriaxona_inj,41.0,94.16666666666674,0.0,47.8,108
2024-04-15,ceftriaxona_inj,26.0,68.16666666666674,0.0,47.3,100
2024-04-16,ceftriaxona_inj,39.0,655.7380952380953,626.5714285714286,56.7,107
2024-04-17,ceftriaxona_inj,39.0,616.7380952380953,0.0,45.4,70
2024-04-18,ceftriaxona_inj,37.0,579.7380952380953,0.0,48.6,104
2024-04-19,ceftriaxona_inj,27.0,552.7380952380953,0.0,58.0,105
2024-04-20,ceftriaxona_inj,50.0,502.7380952380953,0.0,56.8,123
2024-04-21,ceftriaxona_inj,47.0,455.7380952380953,0.0,86.4,188
2024-04-22,ceftriaxona_inj,40.0,415.7380952380953,0.0,38.8,73
2024-04-23,ceftriaxona_inj,48.0,367.7380952380953,0.0,37.6,67
2024-04-24,ceftriaxona_inj,32.0,335.7380952380953,0.0,42.4,78
2024-04-25,ceftriaxona_inj,29.0,306.7380952380953,0.0,53.3,77
2024-04-26,ceftriaxona_inj,31.0,275.7380952380953,0.0,43.6,76
2024-04-27,ceftriaxona_inj,38.0,237.7380952380953,0.0,52.4,119
2024-04-28,ceftriaxona_inj,44.0,193.7380952380953,0.0,60.2,122
2024-04-29,ceftriaxona_inj,37.0,156.7380952380953,0.0,56.9,128
2024-04-30,ceftriaxona_inj,45.0,111.7380952380953,0.0,35.1,67
2024-05-01,ceftriaxona_inj,41.0,726.452380952381,655.7142857142857,60.6,124
2024-05-02,ceftriaxona_inj,39.0,687.452380952381,0.0,45.2,90
2024-05-03,ceftriaxona_inj,35.0,652.452380952381,0.0,50.4,102
2024-05-04,ceftriaxona_inj,31.0,621.452380952381,0.0,60.9,135
2024-05-05,ceftriaxona_inj,41.0,580.452380952381,0.0,50.3,101
2024-05-06,ceftriaxona_inj,48.0,532.452380952381,0.0,60.1,128
2024-05-07,ceftriaxona_inj,29.0,503.45238095238096,0.0,27.2,61
2024-05-08,ceftriaxona_inj,20.0,483.45238095238096,0.0,44.3,80
2024-05-09,ceftriaxona_inj,28.0,455.45238095238096,0.0,34.2,70
2024-05-10,ceftriaxona_inj,25.0,430.45238095238096,0.0,39.3,90
2024-05-11,ceftriaxona_inj,40.0,390.45238095238096,0.0,50.8,107
2024-05-12,ceftriaxona_inj,39.0,351.45238095238096,0.0,56.3,121
2024-05-13,ceftriaxona_inj,42.0,309.45238095238096,0.0,49.7,111
2024-05-14,ceftriaxona_inj,31.0,278.45238095238096,0.0,45.3,81
2024-05-15,ceftriaxona_inj,35.0,243.45238095238096,0.0,29.2,60
2024-05-16,ceftriaxona_inj,43.0,200.45238095238096,0.0,50.1,109
2024-05-17,ceftriaxona_inj,35.0,165.45238095238096,0.0,53.3,120
2024-05-18,ceftriaxona_inj,44.0,121.45238095238096,0.0,63.1,142
2024-05-19,ceftriaxona_inj,47.0,74.45238095238096,0.0,65.8,146
2024-05-20,ceftriaxona_inj,25.0,654.1666666666666,604.7142857142857,44.2,99
2024-05-21,ceftriaxona_inj,37.0,617.1666666666666,0.0,36.8,58
2024-05-22,ceftriaxona_inj,52.0,565.1666666666666,0.0,39.4,73
2024-05-23,ceftriaxona_inj,33.0,532.1666666666666,0.0,41.4,101
2024-05-24,ceftriaxona_inj,36.0,496.16666666666663,0.0,31.3,73
2024-05-25,ceftriaxona_inj,36.0,460.16666666666663,0.0,47.8,98
2024-05-26,ceftriaxona_inj,34.0,426.16666666666663,0.0,49.1,104
2024-05-27,ceftriaxona_inj,31.0,395.16666666666663,0.0,43.6,87
2024-05-28,ceftriaxona_inj,41.0,354.16666666666663,0.0,50.6,106
2024-05-29,ceftriaxona_inj,26.0,328.16666666666663,0.0,36.2,62
2024-05-30,ceftriaxona_inj,41.0,287.16666666666663,0.0,40.1,65
2024-05-31,ceftriaxona_inj,37.0,250.16666666666663,0.0,31.2,63
2024-06-01,ceftriaxona_inj,34.0,216.16666666666663,0.0,36.2,78
2024-06-02,ceftriaxona_inj,37.0,179.16666666666663,0.0,43.2,97
2024-06-03,ceftriaxona_inj,47.0,132.16666666666663,0.0,44.8,86
2024-06-04,ceftriaxona_inj,47.0,85.16666666666663,0.0,67.9,141
2024-06-05,ceftriaxona_inj,42.0,43.16666666666663,0.0,39.9,80
2024-06-06,ceftriaxona_inj,28.0,657.5238095238095,642.3571428571429,34.0,87
2024-06-07,ceftriaxona_inj,34.0,623.5238095238095,0.0,28.1,61
2024-06-08,ceftriaxona_inj,26.0,597.5238095238095,0.0,51.9,119
2024-06-09,ceftriaxona_inj,40.0,557.5238095238095,0.0,45.0,96
2024-06-10,ceftriaxona_inj,30.0,527.5238095238095,0.0,41.0,83
2024-06-11,ceftriaxona_inj,45.0,482.5238095238095,0.0,47.7,97
2024-06-12,ceftriaxona_inj,42.0,440.5238095238095,0.0,39.6,78
2024-06-13,ceftriaxona_inj,36.0,404.5238095238095,0.0,55.2,107
2024-06-14,ceftriaxona_inj,36.0,368.5238095238095,0.0,41.7,88
2024-06-15,ceftriaxona_inj,35.0,333.5238095238095,0.0,55.3,129
2024-06-16,ceftriaxona_inj,47.0,286.5238095238095,0.0,53.3,108
2024-06-17,ceftriaxona_inj,34.0,252.52380952380952,0.0,36.1,82
2024-06-18,ceftriaxona_inj,34.0,218.52380952380952,0.0,39.3,69
2024-06-19,ceftriaxona_inj,43.0,175.52380952380952,0.0,40.6,76
2024-06-20,ceftriaxona_inj,45.0,130.52380952380952,0.0,43.4,87
2024-06-21,ceftriaxona_inj,42.0,724.8095238095239,636.2857142857143,40.6,59
2024-06-22,ceftriaxona_inj,26.0,698.8095238095239,0.0,50.7,113
2024-06-23,ceftriaxona_inj,37.0,661.8095238095239,0.0,53.3,90
2024-06-24,ceftriaxona_inj,34.0,627.8095238095239,0.0,41.0,81
2024-06-25,ceftriaxona_inj,44.0,583.8095238095239,0.0,49.4,117
2024-06-26,ceftriaxona_inj,49.0,534.8095238095239,0.0,38.4,70
2024-06-27,ceftriaxona_inj,34.0,500.80952380952385,0.0,35.2,74
2024-06-28,ceftriaxona_inj,30.0,470.80952380952385,0.0,35.8,72
2024-06-29,ceftriaxona_inj,59.0,411.80952380952385,0.0,63.1,137
2024-06-30,ceftriaxona_inj,29.0,382.80952380952385,0.0,54.3,110
2024-07-01,ceftriaxona_inj,33.0,349.80952380952385,0.0,45.8,99
2024-07-02,ceftriaxona_inj,29.0,320.80952380952385,0.0,57.4,114
2024-07-03,ceftriaxona_inj,35.0,285.80952380952385,0.0,56.7,110
2024-07-04,ceftriaxona_inj,34.0,251.80952380952385,0.0,49.8,87
2024-07-05,ceftriaxona_inj,41.0,210.80952380952385,0.0,50.4,99
2024-07-06,ceftriaxona_inj,42.0,168.80952380952385,0.0,56.8,108
2024-07-07,ceftriaxona_inj,46.0,122.80952380952385,0.0,32.7,76
2024-07-08,ceftriaxona_inj,25.0,97.80952380952385,0.0,49.8,107
2024-07-09,ceftriaxona_inj,41.0,712.5238095238095,655.7142857142857,49.0,111
2024-07-10,ceftriaxona_inj,35.0,677.5238095238095,0.0,44.9,88
2024-07-11,ceftriaxona_inj,39.0,638.5238095238095,0.0,43.2,91
2024-07-12,ceftriaxona_inj,25.0,613.5238095238095,0.0,47.9,100
2024-07-13,ceftriaxona_inj,34.0,579.5238095238095,0.0,51.6,87
2024-07-14,ceftriaxona_inj,36.0,543.5238095238095,0.0,52.8,114
2024-07-15,ceftriaxona_inj,44.0,499.5238095238095,0.0,48.5,95
2024-07-16,ceftriaxona_inj,45.0,454.5238095238095,0.0,42.1,84
2024-07-17,ceftriaxona_inj,38.0,416.5238095238095,0.0,39.8,74
2024-07-18,ceftriaxona_inj,35.0,381.5238095238095,0.0,39.5,74
2024-07-19,ceftriaxona_inj,28.0,353.5238095238095,0.0,39.9,70
2024-07-20,ceftriaxona_inj,57.0,296.5238095238095,0.0,74.3,160
2024-07-21,ceftriaxona_inj,36.0,260.5238095238095,0.0,51.7,90
2024-07-22,ceftriaxona_inj,40.0,220.52380952380952,0.0,41.4,76
2024-07-23,ceftriaxona_inj,28.0,192.52380952380952,0.0,35.9,57
2024-07-24,ceftriaxona_inj,29.0,163.52380952380952,0.0,34.2,72
2024-07-25,ceftriaxona_inj,35.0,128.52380952380952,0.0,37.7,70
2024-07-26,ceftriaxona_inj,31.0,97.52380952380952,0.0,35.6,52
2024-07-27,ceftriaxona_inj,35.0,685.452380952381,622.9285714285714,51.4,98
2024-07-28,ceftriaxona_inj,41.0,644.452380952381,0.0,50.5,103
2024-07-29,ceftriaxona_inj,43.0,601.452380952381,0.0,58.4,118
2024-07-30,ceftriaxona_inj,30.0,571.452380952381,0.0,32.0,47
2024-07-31,ceftriaxona_inj,36.0,535.452380952381,0.0,44.3,74
2024-08-01,ceftriaxona_inj,25.0,510.45238095238096,0.0,36.8,63
2024-08-02,ceftriaxona_inj,31.0,479.45238095238096,0.0,36.0,68
2024-08-03,ceftriaxona_inj,36.0,443.45238095238096,0.0,58.0,123
2024-08-04,ceftriaxona_inj,45.0,398.45238095238096,0.0,44.6,122
2024-08-05,ceftriaxona_inj,56.0,342.45238095238096,0.0,70.8,159
2024-08-06,ceftriaxona_inj,26.0,316.45238095238096,0.0,27.7,82
2024-08-07,ceftriaxona_inj,36.0,280.45238095238096,0.0,43.8,106
2024-08-08,ceftriaxona_inj,39.0,241.45238095238096,0.0,46.5,89
2024-08-09,ceftriaxona_inj,38.0,203.45238095238096,0.0,57.1,119
2024-08-10,ceftriaxona_inj,34.0,169.45238095238096,0.0,42.2,95
2024-08-11,ceftriaxona_inj,33.0,136.45238095238096,0.0,44.0,95
2024-08-12,ceftriaxona_inj,37.0,99.45238095238096,0.0,53.0,97
2024-08-13,ceftriaxona_inj,32.0,67.45238095238096,0.0,45.6,97
2024-08-14,ceftriaxona_inj,28.0,647.8095238095239,608.3571428571429,62.1,113
2024-08-15,ceftriaxona_inj,27.0,620.8095238095239,0.0,41.6,80
2024-08-16,ceftriaxona_inj,25.0,595.8095238095239,0.0,41.5,75
2024-08-17,ceftriaxona_inj,34.0,561.8095238095239,0.0,60.0,114
2024-08-18,ceftriaxona_inj,41.0,520.8095238095239,0.0,42.1,80
2024-08-19,ceftriaxona_inj,33.0,487.80952380952385,0.0,44.6,100
2024-08-20,ceftriaxona_inj,34.0,453.80952380952385,0.0,42.2,83
2024-08-21,ceftriaxona_inj,21.0,432.80952380952385,0.0,48.1,99
2024-08-22,ceftriaxona_inj,34.0,398.80952380952385,0.0,27.7,56
2024-08-23,ceftriaxona_inj,37.0,361.80952380952385,0.0,35.7,66
2024-08-24,ceftriaxona_inj,38.0,323.80952380952385,0.0,42.1,90
2024-08-25,ceftriaxona_inj,30.0,293.80952380952385,0.0,43.9,76
2024-08-26,ceftriaxona_inj,47.0,246.80952380952385,0.0,45.9,92
2024-08-27,ceftriaxona_inj,39.0,207.80952380952385,0.0,47.1,99
2024-08-28,ceftriaxona_inj,39.0,168.80952380952385,0.0,38.4,72
2024-08-29,ceftriaxona_inj,47.0,121.80952380952385,0.0,43.5,83
2024-08-30,ceftriaxona_inj,24.0,97.80952380952385,0.0,35.7,56
2024-08-31,ceftriaxona_inj,35.0,614.0952380952382,551.2857142857143,36.5,77
2024-09-01,ceftriaxona_inj,40.0,574.0952380952382,0.0,58.8,141
2024-09-02,ceftriaxona_inj,38.0,536.0952380952382,0.0,42.2,69
2024-09-03,ceftriaxona_inj,33.0,503.0952380952382,0.0,36.1,69
2024-09-04,ceftriaxona_inj,33.0,470.0952380952382,0.0,41.9,97
2024-09-05,ceftriaxona_inj,34.0,436.0952380952382,0.0,52.8,107
2024-09-06,ceftriaxona_inj,36.0,400.0952380952382,0.0,39.2,68
2024-09-07,ceftriaxona_inj,51.0,349.0952380952382,0.0,58.9,147
2024-09-08,ceftriaxona_inj,44.0,305.0952380952382,0.0,55.8,118
2024-09-09,ceftriaxona_inj,38.0,267.0952380952382,0.0,59.9,124
2024-09-10,ceftriaxona_inj,49.0,218.0952380952382,0.0,43.4,81
2024-09-11,ceftriaxona_inj,39.0,179.0952380952382,0.0,42.4,75
2024-09-12,ceftriaxona_inj,41.0,138.0952380952382,0.0,39.8,91
2024-09-13,ceftriaxona_inj,46.0,92.09523809523819,0.0,45.7,88
2024-09-14,ceftriaxona_inj,57.0,673.8095238095239,638.7142857142857,46.7,98
2024-09-15,ceftriaxona_inj,58.0,615.8095238095239,0.0,45.6,97
2024-09-16,ceftriaxona_inj,42.0,573.8095238095239,0.0,45.4,81
2024-09-17,ceftriaxona_inj,28.0,545.8095238095239,0.0,45.8,75
2024-09-18,ceftriaxona_inj,32.0,513.8095238095239,0.0,42.1,61
2024-09-19,ceftriaxona_inj,46.0,467.80952380952385,0.0,46.8,80
2024-09-20,ceftriaxona_inj,29.0,438.80952380952385,0.0,29.6,47
2024-09-21,ceftriaxona_inj,30.0,408.80952380952385,0.0,47.6,93
2024-09-22,ceftriaxona_inj,31.0,377.80952380952385,0.0,49.2,93
2024-09-23,ceftriaxona_inj,54.0,323.80952380952385,0.0,48.0,97
2024-09-24,ceftriaxona_inj,38.0,285.80952380952385,0.0,38.3,69
2024-09-25,ceftriaxona_inj,23.0,262.80952380952385,0.0,35.1,52
2024-09-26,ceftriaxona_inj,42.0,220.80952380952385,0.0,35.4,63
2024-09-27,ceftriaxona_inj,28.0,192.80952380952385,0.0,32.7,63
2024-09-28,ceftriaxona_inj,39.0,153.80952380952385,0.0,43.1,89
2024-09-29,ceftriaxona_inj,43.0,813.8809523809524,703.0714285714286,45.2,83
2024-09-30,ceftriaxona_inj,28.0,785.8809523809524,0.0,47.9,98
2024-10-01,ceftriaxona_inj,40.0,745.8809523809524,0.0,38.1,66
2024-10-02,ceftriaxona_inj,31.0,714.8809523809524,0.0,40.1,68
2024-10-03,ceftriaxona_inj,44.0,670.8809523809524,0.0,35.5,67
2024-10-04,ceftriaxona_inj,42.0,628.8809523809524,0.0,34.1,50
2024-10-05,ceftriaxona_inj,50.0,578.8809523809524,0.0,47.7,93
2024-10-06,ceftriaxona_inj,47.0,531.8809523809524,0.0,49.3,116
2024-10-07,ceftriaxona_inj,32.0,499.8809523809524,0.0,46.0,76
2024-10-08,ceftriaxona_inj,39.0,460.8809523809524,0.0,32.2,59
2024-10-09,ceftriaxona_inj,46.0,414.8809523809524,0.0,34.3,78
2024-10-10,ceftriaxona_inj,37.0,377.8809523809524,0.0,38.1,82
2024-10-11,ceftriaxona_inj,62.0,315.8809523809524,0.0,36.8,78
2024-10-12,ceftriaxona_inj,55.0,260.8809523809524,0.0,59.3,130
2024-10-13,ceftriaxona_inj,47.0,213.8809523809524,0.0,43.3,88
2024-10-14,ceftriaxona_inj,39.0,174.8809523809524,0.0,44.1,91
2024-10-15,ceftriaxona_inj,46.0,128.8809523809524,0.0,40.9,71
2024-10-16,ceftriaxona_inj,42.0,86.88095238095241,0.0,41.5,76
2024-10-17,ceftriaxona_inj,39.0,47.88095238095241,0.0,40.4,73
2024-10-18,ceftriaxona_inj,26.0,21.880952380952408,0.0,35.9,59
2024-10-19,ceftriaxona_inj,40.0,644.8809523809524,663.0,57.0,117
2024-10-20,ceftriaxona_inj,51.0,593.8809523809524,0.0,24.8,56
2024-10-21,ceftriaxona_inj,34.0,559.8809523809524,0.0,37.7,73
2024-10-22,ceftriaxona_inj,33.0,526.8809523809524,0.0,31.5,76
2024-10-23,ceftriaxona_inj,34.0,492.8809523809524,0.0,39.6,74
2024-10-24,ceftriaxona_inj,24.0,468.8809523809524,0.0,36.7,66
2024-10-25,ceftriaxona_inj,44.0,424.8809523809524,0.0,42.6,71
2024-10-26,ceftriaxona_inj,35.0,389.8809523809524,0.0,49.5,89
2024-10-27,ceftriaxona_inj,39.0,350.8809523809524,0.0,56.8,121
2024-10-28,ceftriaxona_inj,56.0,294.8809523809524,0.0,36.4,71
2024-10-29,ceftriaxona_inj,45.0,249.8809523809524,0.0,43.2,79
2024-10-30,ceftriaxona_inj,34.0,215.8809523809524,0.0,29.0,50
2024-10-31,ceftriaxona_inj,40.0,175.8809523809524,0.0,44.7,89
2024-11-01,ceftriaxona_inj,25.0,150.8809523809524,0.0,38.2,59
2024-11-02,ceftriaxona_inj,48.0,102.88095238095241,0.0,57.9,133
2024-11-03,ceftriaxona_inj,27.0,75.88095238095241,0.0,54.6,108
2024-11-04,ceftriaxona_inj,29.0,685.5952380952381,638.7142857142857,45.3,83
2024-11-05,ceftriaxona_inj,34.0,651.5952380952381,0.0,37.8,80
2024-11-06,ceftriaxona_inj,31.0,620.5952380952381,0.0,37.4,57
2024-11-07,ceftriaxona_inj,39.0,581.5952380952381,0.0,41.9,73
2024-11-08,ceftriaxona_inj,37.0,544.5952380952381,0.0,41.6,79
2024-11-09,ceftriaxona_inj,33.0,511.5952380952381,0.0,42.4,91
2024-11-10,ceftriaxona_inj,49.0,462.5952380952381,0.0,46.9,105
2024-11-11,ceftriaxona_inj,39.0,423.5952380952381,0.0,42.6,89
2024-11-12,ceftriaxona_inj,35.0,388.5952380952381,0.0,46.2,87
2024-11-13,ceftriaxona_inj,27.0,361.5952380952381,0.0,24.1,41
2024-11-14,ceftriaxona_inj,43.0,318.5952380952381,0.0,40.9,73
2024-11-15,ceftriaxona_inj,40.0,278.5952380952381,0.0,39.8,89
2024-11-16,ceftriaxona_inj,40.0,238.59523809523807,0.0,48.1,101
2024-11-17,ceftriaxona_inj,47.0,191.59523809523807,0.0,53.9,114
2024-11-18,ceftriaxona_inj,44.0,147.59523809523807,0.0,61.2,108
2024-11-19,ceftriaxona_inj,34.0,113.59523809523807,0.0,28.0,57
2024-11-20,ceftriaxona_inj,53.0,60.595238095238074,0.0,61.8,121
2024-11-21,ceftriaxona_inj,32.0,28.595238095238074,0.0,42.9,82
2024-11-22,ceftriaxona_inj,38.0,592.8809523809524,602.2857142857143,29.6,41
2024-11-23,ceftriaxona_inj,52.0,540.8809523809524,0.0,54.0,114
2024-11-24,ceftriaxona_inj,35.0,505.8809523809524,0.0,40.6,72
2024-11-25,ceftriaxona_inj,42.0,463.8809523809524,0.0,34.7,62
2024-11-26,ceftriaxona_inj,27.0,436.8809523809524,0.0,45.0,73
2024-11-27,ceftriaxona_inj,39.0,397.8809523809524,0.0,39.1,78
2024-11-28,ceftriaxona_inj,29.0,368.8809523809524,0.0,38.8,59
2024-11-29,ceftriaxona_inj,28.0,340.8809523809524,0.0,29.9,54
2024-11-30,ceftriaxona_inj,37.0,303.8809523809524,0.0,42.0,82
2024-12-01,ceftriaxona_inj,39.0,264.8809523809524,0.0,38.7,84
2024-12-02,ceftriaxona_inj,29.0,235.8809523809524,0.0,36.1,59
2024-12-03,ceftriaxona_inj,39.0,196.8809523809524,0.0,50.9,90
2024-12-04,ceftriaxona_inj,33.0,851.1666666666667,687.2857142857143,43.0,85
2024-12-05,ceftriaxona_inj,36.0,815.1666666666667,0.0,37.3,70
2024-12-06,ceftriaxona_inj,50.0,765.1666666666667,0.0,28.7,56
2024-12-07,ceftriaxona_inj,47.0,718.1666666666667,0.0,45.2,93
2024-12-08,ceftriaxona_inj,35.0,683.1666666666667,0.0,48.2,117
2024-12-09,ceftriaxona_inj,26.0,657.1666666666667,0.0,42.8,94
2024-12-10,ceftriaxona_inj,41.0,616.1666666666667,0.0,51.6,106
2024-12-11,ceftriaxona_inj,22.0,594.1666666666667,0.0,30.1,32
2024-12-12,ceftriaxona_inj,31.0,563.1666666666667,0.0,40.9,46
2024-12-13,ceftriaxona_inj,29.0,534.1666666666667,0.0,39.6,81
2024-12-14,ceftriaxona_inj,41.0,493.16666666666674,0.0,42.8,67
2024-12-15,ceftriaxona_inj,48.0,445.16666666666674,0.0,52.7,109
2024-12-16,ceftriaxona_inj,47.0,398.16666666666674,0.0,40.6,79
2024-12-17,ceftriaxona_inj,30.0,368.16666666666674,0.0,38.8,67
2024-12-18,ceftriaxona_inj,32.0,336.16666666666674,0.0,36.2,64
2024-12-19,ceftriaxona_inj,35.0,301.16666666666674,0.0,35.7,62
2024-12-20,ceftriaxona_inj,45.0,256.16666666666674,0.0,34.4,64
2024-12-21,ceftriaxona_inj,32.0,224.16666666666674,0.0,43.7,102
2024-12-22,ceftriaxona_inj,37.0,187.16666666666674,0.0,42.4,100
2024-12-23,ceftriaxona_inj,41.0,146.16666666666674,0.0,45.3,83
2024-12-24,ceftriaxona_inj,52.0,94.16666666666674,0.0,35.2,65
2024-12-25,ceftriaxona_inj,42.0,52.16666666666674,0.0,38.5,78
2024-12-26,ceftriaxona_inj,19.0,659.7380952380953,626.5714285714286,32.9,55
2024-12-27,ceftriaxona_inj,36.0,623.7380952380953,0.0,45.1,81
2024-12-28,ceftriaxona_inj,53.0,570.7380952380953,0.0,53.9,113
2024-12-29,ceftriaxona_inj,50.0,520.7380952380953,0.0,38.3,78
2024-12-30,ceftriaxona_inj,45.0,475.7380952380953,0.0,51.0,93
2024-12-31,ceftriaxona_inj,42.0,433.7380952380953,0.0,43.7,68
2025-01-01,ceftriaxona_inj,27.0,406.7380952380953,0.0,50.9,101
2025-01-02,ceftriaxona_inj,24.0,382.7380952380953,0.0,43.7,75
2025-01-03,ceftriaxona_inj,33.0,349.7380952380953,0.0,45.2,76
2025-01-04,ceftriaxona_inj,39.0,310.7380952380953,0.0,50.7,93
2025-01-05,ceftriaxona_inj,55.0,255.7380952380953,0.0,49.6,96
2025-01-06,ceftriaxona_inj,34.0,221.7380952380953,0.0,49.6,96
2025-01-07,ceftriaxona_inj,23.0,198.7380952380953,0.0,44.7,83
2025-01-08,ceftriaxona_inj,36.0,162.7380952380953,0.0,36.2,77
2025-01-09,ceftriaxona_inj,51.0,111.7380952380953,0.0,41.2,71
2025-01-10,ceftriaxona_inj,40.0,733.5238095238096,661.7857142857143,46.3,109
2025-01-11,ceftriaxona_inj,44.0,689.5238095238096,0.0,40.9,87
2025-01-12,ceftriaxona_inj,35.0,654.5238095238096,0.0,41.6,65
2025-01-13,ceftriaxona_inj,33.0,621.5238095238096,0.0,60.7,125
2025-01-14,ceftriaxona_inj,58.0,563.5238095238096,0.0,39.8,58
2025-01-15,ceftriaxona_inj,31.0,532.5238095238096,0.0,29.7,49
2025-01-16,ceftriaxona_inj,38.0,494.52380952380963,0.0,34.9,74
2025-01-17,ceftriaxona_inj,36.0,458.52380952380963,0.0,31.9,55
2025-01-18,ceftriaxona_inj,43.0,415.52380952380963,0.0,39.9,74
2025-01-19,ceftriaxona_inj,29.0,386.52380952380963,0.0,33.2,55
2025-01-20,ceftriaxona_inj,43.0,343.52380952380963,0.0,50.0,91
2025-01-21,ceftriaxona_inj,41.0,302.52380952380963,0.0,34.5,64
2025-01-22,ceftriaxona_inj,33.0,269.52380952380963,0.0,43.3,81
2025-01-23,ceftriaxona_inj,23.0,246.52380952380963,0.0,37.3,79
2025-01-24,ceftriaxona_inj,33.0,213.52380952380963,0.0,34.6,55
2025-01-25,ceftriaxona_inj,43.0,170.52380952380963,0.0,43.4,85
2025-01-26,ceftriaxona_inj,47.0,123.52380952380963,0.0,43.8,95
2025-01-27,ceftriaxona_inj,40.0,83.52380952380963,0.0,37.5,71
2025-01-28,ceftriaxona_inj,36.0,47.52380952380963,0.0,40.2,78
2025-01-29,ceftriaxona_inj,35.0,668.2380952380953,655.7142857142857,41.9,84
2025-01-30,ceftriaxona_inj,31.0,637.2380952380953,0.0,36.4,45
2025-01-31,ceftriaxona_inj,35.0,602.2380952380953,0.0,40.5,78
2025-02-01,ceftriaxona_inj,48.0,554.2380952380953,0.0,43.4,88
2025-02-02,ceftriaxona_inj,33.0,521.2380952380953,0.0,40.5,101
2025-02-03,ceftriaxona_inj,35.0,486.2380952380953,0.0,33.1,66
2025-02-04,ceftriaxona_inj,37.0,449.2380952380953,0.0,37.0,70
2025-02-05,ceftriaxona_inj,33.0,416.2380952380953,0.0,38.5,79
2025-02-06,ceftriaxona_inj,41.0,375.2380952380953,0.0,52.0,94
2025-02-07,ceftriaxona_inj,27.0,348.2380952380953,0.0,30.8,51
2025-02-08,ceftriaxona_inj,51.0,297.2380952380953,0.0,58.3,113
2025-02-09,ceftriaxona_inj,41.0,256.2380952380953,0.0,47.4,96
2025-02-10,ceftriaxona_inj,41.0,215.2380952380953,0.0,46.6,94
2025-02-11,ceftriaxona_inj,32.0,183.2380952380953,0.0,41.6,81
2025-02-12,ceftriaxona_inj,22.0,161.2380952380953,0.0,30.4,48
2025-02-13,ceftriaxona_inj,26.0,775.1666666666667,639.9285714285714,36.9,47
2025-02-14,ceftriaxona_inj,53.0,722.1666666666667,0.0,25.0,59
2025-02-15,ceftriaxona_inj,30.0,692.1666666666667,0.0,26.9,61
2025-02-16,ceftriaxona_inj,28.0,664.1666666666667,0.0,36.3,71
2025-02-17,ceftriaxona_inj,28.0,636.1666666666667,0.0,50.4,105
2025-02-18,ceftriaxona_inj,34.0,602.1666666666667,0.0,32.1,45
2025-02-19,ceftriaxona_inj,54.0,548.1666666666667,0.0,45.6,86
2025-02-20,ceftriaxona_inj,28.0,520.1666666666667,0.0,35.5,67
2025-02-21,ceftriaxona_inj,36.0,484.16666666666674,0.0,43.6,74
2025-02-22,ceftriaxona_inj,49.0,435.16666666666674,0.0,47.1,84
2025-02-23,ceftriaxona_inj,47.0,388.16666666666674,0.0,56.3,120
2025-02-24,ceftriaxona_inj,29.0,359.16666666666674,0.0,46.8,84
2025-02-25,ceftriaxona_inj,28.0,331.16666666666674,0.0,28.0,38
2025-02-26,ceftriaxona_inj,34.0,297.16666666666674,0.0,26.7,44
2025-02-27,ceftriaxona_inj,44.0,253.16666666666674,0.0,39.8,67
2025-02-28,ceftriaxona_inj,48.0,205.16666666666674,0.0,39.9,74
2025-03-01,ceftriaxona_inj,46.0,159.16666666666674,0.0,46.1,93
2025-03-02,ceftriaxona_inj,36.0,123.16666666666674,0.0,58.7,112
2025-03-03,ceftriaxona_inj,46.0,77.16666666666674,0.0,42.3,110
2025-03-04,ceftriaxona_inj,38.0,636.5952380952382,597.4285714285714,26.1,52
2025-03-05,ceftriaxona_inj,58.0,578.5952380952382,0.0,31.9,66
2025-03-06,ceftriaxona_inj,27.0,551.5952380952382,0.0,28.9,48
2025-03-07,ceftriaxona_inj,36.0,515.5952380952382,0.0,33.6,60
2025-03-08,ceftriaxona_inj,38.0,477.5952380952382,0.0,44.7,106
2025-03-09,ceftriaxona_inj,31.0,446.5952380952382,0.0,36.2,76
2025-03-10,ceftriaxona_inj,46.0,400.5952380952382,0.0,50.4,115
2025-03-11,ceftriaxona_inj,30.0,370.5952380952382,0.0,45.8,64
2025-03-12,ceftriaxona_inj,42.0,328.5952380952382,0.0,39.7,54
2025-03-13,ceftriaxona_inj,42.0,286.5952380952382,0.0,41.3,84
2025-03-14,ceftriaxona_inj,34.0,252.5952380952382,0.0,38.7,76
2025-03-15,ceftriaxona_inj,37.0,215.5952380952382,0.0,46.1,106
2025-03-16,ceftriaxona_inj,37.0,178.5952380952382,0.0,53.6,136
2025-03-17,ceftriaxona_inj,39.0,139.5952380952382,0.0,50.6,107
2025-03-18,ceftriaxona_inj,36.0,103.59523809523819,0.0,41.1,90
2025-03-19,ceftriaxona_inj,40.0,63.59523809523819,0.0,46.9,96
2025-03-20,ceftriaxona_inj,27.0,714.1666666666667,677.5714285714286,28.9,62
2025-03-21,ceftriaxona_inj,33.0,681.1666666666667,0.0,28.4,51
2025-03-22,ceftriaxona_inj,48.0,633.1666666666667,0.0,51.3,106
2025-03-23,ceftriaxona_inj,29.0,604.1666666666667,0.0,46.9,91
2025-03-24,ceftriaxona_inj,48.0,556.1666666666667,0.0,46.4,89
2025-03-25,ceftriaxona_inj,40.0,516.1666666666667,0.0,36.3,80
2025-03-26,ceftriaxona_inj,37.0,479.16666666666674,0.0,39.4,64
2025-03-27,ceftriaxona_inj,40.0,439.16666666666674,0.0,43.6,95
2025-03-28,ceftriaxona_inj,31.0,408.16666666666674,0.0,50.8,99
2025-03-29,ceftriaxona_inj,32.0,376.16666666666674,0.0,54.8,118
2025-03-30,ceftriaxona_inj,44.0,332.16666666666674,0.0,44.1,103
2025-03-31,ceftriaxona_inj,42.0,290.16666666666674,0.0,43.1,88
2025-04-01,ceftriaxona_inj,28.0,262.16666666666674,0.0,45.2,86
2025-04-02,ceftriaxona_inj,28.0,234.16666666666674,0.0,38.1,63
2025-04-03,ceftriaxona_inj,47.0,187.16666666666674,0.0,43.1,86
2025-04-04,ceftriaxona_inj,32.0,155.16666666666674,0.0,48.4,82
2025-04-05,ceftriaxona_inj,49.0,106.16666666666674,0.0,50.9,95
2025-04-06,ceftriaxona_inj,38.0,704.4523809523811,636.2857142857143,47.9,101
2025-04-07,ceftriaxona_inj,53.0,651.4523809523811,0.0,53.7,106
2025-04-08,ceftriaxona_inj,43.0,608.4523809523811,0.0,51.4,86
2025-04-09,ceftriaxona_inj,36.0,572.4523809523811,0.0,45.6,69
2025-04-10,ceftriaxona_inj,43.0,529.4523809523811,0.0,29.3,59
2025-04-11,ceftriaxona_inj,31.0,498.4523809523811,0.0,43.5,96
2025-04-12,ceftriaxona_inj,40.0,458.4523809523811,0.0,66.1,133
2025-04-13,ceftriaxona_inj,38.0,420.4523809523811,0.0,55.6,132
2025-04-14,ceftriaxona_inj,31.0,389.4523809523811,0.0,40.5,92
2025-04-15,ceftriaxona_inj,32.0,357.4523809523811,0.0,41.0,84
2025-04-16,ceftriaxona_inj,34.0,323.4523809523811,0.0,48.2,94
2025-04-17,ceftriaxona_inj,46.0,277.4523809523811,0.0,42.9,85
2025-04-18,ceftriaxona_inj,36.0,241.45238095238108,0.0,54.7,125
2025-04-19,ceftriaxona_inj,40.0,201.45238095238108,0.0,53.6,122
2025-04-20,ceftriaxona_inj,40.0,161.45238095238108,0.0,52.7,120
2025-04-21,ceftriaxona_inj,39.0,122.45238095238108,0.0,73.8,182
2025-04-22,ceftriaxona_inj,39.0,83.45238095238108,0.0,50.4,79
2025-04-23,ceftriaxona_inj,37.0,46.45238095238108,0.0,43.5,82
2025-04-24,ceftriaxona_inj,47.0,656.3809523809525,656.9285714285714,65.4,138
2025-04-25,ceftriaxona_inj,37.0,619.3809523809525,0.0,42.8,89
2025-04-26,ceftriaxona_inj,39.0,580.3809523809525,0.0,62.2,141
2025-04-27,ceftriaxona_inj,49.0,531.3809523809525,0.0,48.2,107
2025-04-28,ceftriaxona_inj,26.0,505.3809523809525,0.0,32.7,85
2025-04-29,ceftriaxona_inj,37.0,468.3809523809525,0.0,27.3,55
2025-04-30,ceftriaxona_inj,25.0,443.3809523809525,0.0,33.3,77
2025-05-01,ceftriaxona_inj,37.0,406.3809523809525,0.0,42.4,108
2025-05-02,ceftriaxona_inj,28.0,378.3809523809525,0.0,32.6,68
2025-05-03,ceftriaxona_inj,38.0,340.3809523809525,0.0,54.2,101
2025-05-04,ceftriaxona_inj,34.0,306.3809523809525,0.0,56.1,122
2025-05-05,ceftriaxona_inj,46.0,260.3809523809525,0.0,53.1,98
2025-05-06,ceftriaxona_inj,37.0,223.38095238095252,0.0,45.3,86
2025-05-07,ceftriaxona_inj,41.0,182.38095238095252,0.0,43.0,75
2025-05-08,ceftriaxona_inj,35.0,147.38095238095252,0.0,32.7,65
2025-05-09,ceftriaxona_inj,44.0,103.38095238095252,0.0,37.7,63
2025-05-10,ceftriaxona_inj,44.0,59.38095238095252,0.0,54.7,109
2025-05-11,ceftriaxona_inj,41.0,647.3809523809525,629.0,47.0,102
2025-05-12,ceftriaxona_inj,39.0,608.3809523809525,0.0,38.9,66
2025-05-13,ceftriaxona_inj,30.0,578.3809523809525,0.0,38.3,64
2025-05-14,ceftriaxona_inj,48.0,530.3809523809525,0.0,40.1,82
2025-05-15,ceftriaxona_inj,46.0,484.3809523809525,0.0,46.5,107
2025-05-16,ceftriaxona_inj,31.0,453.3809523809525,0.0,45.3,104
2025-05-17,ceftriaxona_inj,34.0,419.3809523809525,0.0,53.5,113
2025-05-18,ceftriaxona_inj,45.0,374.3809523809525,0.0,49.5,99
2025-05-19,ceftriaxona_inj,41.0,333.3809523809525,0.0,30.0,56
2025-05-20,ceftriaxona_inj,29.0,304.3809523809525,0.0,48.3,99
2025-05-21,ceftriaxona_inj,43.0,261.3809523809525,0.0,52.3,104
2025-05-22,ceftriaxona_inj,37.0,224.38095238095252,0.0,40.2,69
2025-05-23,ceftriaxona_inj,26.0,198.38095238095252,0.0,52.7,94
2025-05-24,ceftriaxona_inj,48.0,150.38095238095252,0.0,62.1,124
2025-05-25,ceftriaxona_inj,48.0,102.38095238095252,0.0,44.2,99
2025-05-26,ceftriaxona_inj,35.0,748.5952380952382,681.2142857142857,47.3,77
2025-05-27,ceftriaxona_inj,64.0,684.5952380952382,0.0,40.5,83
2025-05-28,ceftriaxona_inj,33.0,651.5952380952382,0.0,44.0,75
2025-05-29,ceftriaxona_inj,37.0,614.5952380952382,0.0,50.3,104
2025-05-30,ceftriaxona_inj,37.0,577.5952380952382,0.0,51.8,114
2025-05-31,ceftriaxona_inj,49.0,528.5952380952382,0.0,45.9,113
2025-06-01,ceftriaxona_inj,34.0,494.5952380952382,0.0,52.5,113
2025-06-02,ceftriaxona_inj,41.0,453.5952380952382,0.0,45.5,109
2025-06-03,ceftriaxona_inj,46.0,407.5952380952382,0.0,57.4,114
2025-06-04,ceftriaxona_inj,50.0,357.5952380952382,0.0,54.0,98
2025-06-05,ceftriaxona_inj,44.0,313.5952380952382,0.0,38.4,80
2025-06-06,ceftriaxona_inj,31.0,282.5952380952382,0.0,51.9,106
2025-06-07,ceftriaxona_inj,61.0,221.5952380952382,0.0,50.6,114
2025-06-08,ceftriaxona_inj,43.0,178.5952380952382,0.0,59.4,138
2025-06-09,ceftriaxona_inj,35.0,143.5952380952382,0.0,46.1,84
2025-06-10,ceftriaxona_inj,43.0,100.59523809523819,0.0,48.4,100
2025-06-11,ceftriaxona_inj,31.0,771.4523809523811,701.8571428571429,42.2,62
2025-06-12,ceftriaxona_inj,42.0,729.4523809523811,0.0,40.4,82
2025-06-13,ceftriaxona_inj,40.0,689.4523809523811,0.0,50.8,95
2025-06-14,ceftriaxona_inj,28.0,661.4523809523811,0.0,53.9,114
2025-06-15,ceftriaxona_inj,37.0,624.4523809523811,0.0,53.5,105
2025-06-16,ceftriaxona_inj,37.0,587.4523809523811,0.0,42.6,88
2025-06-17,ceftriaxona_inj,39.0,548.4523809523811,0.0,37.9,70
2025-06-18,ceftriaxona_inj,45.0,503.4523809523811,0.0,39.7,76
2025-06-19,ceftriaxona_inj,40.0,463.4523809523811,0.0,37.9,79
2025-06-20,ceftriaxona_inj,40.0,423.4523809523811,0.0,43.5,78
2025-06-21,ceftriaxona_inj,34.0,389.4523809523811,0.0,60.6,127
2025-06-22,ceftriaxona_inj,36.0,353.4523809523811,0.0,44.3,81
2025-06-23,ceftriaxona_inj,31.0,322.4523809523811,0.0,53.0,95
2025-06-24,ceftriaxona_inj,45.0,277.4523809523811,0.0,35.5,46
2025-06-25,ceftriaxona_inj,39.0,238.45238095238108,0.0,35.2,66
2025-06-26,ceftriaxona_inj,34.0,204.45238095238108,0.0,37.5,64
2025-06-27,ceftriaxona_inj,39.0,165.45238095238108,0.0,40.1,83
2025-06-28,ceftriaxona_inj,46.0,119.45238095238108,0.0,50.4,105
2025-06-29,ceftriaxona_inj,28.0,91.45238095238108,0.0,45.5,98
2025-06-30,ceftriaxona_inj,34.0,57.45238095238108,0.0,53.7,96
2025-07-01,ceftriaxona_inj,35.0,662.3809523809525,639.9285714285714,43.0,80
2025-07-02,ceftriaxona_inj,35.0,627.3809523809525,0.0,39.3,76
2025-07-03,ceftriaxona_inj,41.0,586.3809523809525,0.0,42.9,70
2025-07-04,ceftriaxona_inj,31.0,555.3809523809525,0.0,35.7,88
2025-07-05,ceftriaxona_inj,34.0,521.3809523809525,0.0,43.0,107
2025-07-06,ceftriaxona_inj,25.0,496.3809523809525,0.0,51.1,98
2025-07-07,ceftriaxona_inj,45.0,451.3809523809525,0.0,54.1,115
2025-07-08,ceftriaxona_inj,39.0,412.3809523809525,0.0,42.6,80
2025-07-09,ceftriaxona_inj,40.0,372.3809523809525,0.0,32.4,69
2025-07-10,ceftriaxona_inj,35.0,337.3809523809525,0.0,36.9,67
2025-07-11,ceftriaxona_inj,42.0,295.3809523809525,0.0,45.4,68
2025-07-12,ceftriaxona_inj,35.0,260.3809523809525,0.0,43.8,77
2025-07-13,ceftriaxona_inj,38.0,222.38095238095252,0.0,54.2,114
2025-07-14,ceftriaxona_inj,38.0,184.38095238095252,0.0,39.8,80
2025-07-15,ceftriaxona_inj,36.0,148.38095238095252,0.0,38.3,75
2025-07-16,ceftriaxona_inj,33.0,115.38095238095252,0.0,36.2,89
2025-07-17,ceftriaxona_inj,32.0,699.0238095238096,615.6428571428571,36.3,62
2025-07-18,ceftriaxona_inj,49.0,650.0238095238096,0.0,48.8,91
2025-07-19,ceftriaxona_inj,44.0,606.0238095238096,0.0,51.7,127
2025-07-20,ceftriaxona_inj,37.0,569.0238095238096,0.0,47.7,105
2025-07-21,ceftriaxona_inj,49.0,520.0238095238096,0.0,38.7,85
2025-07-22,ceftriaxona_inj,45.0,475.02380952380963,0.0,38.8,83
2025-07-23,ceftriaxona_inj,46.0,429.02380952380963,0.0,46.0,92
2025-07-24,ceftriaxona_inj,36.0,393.02380952380963,0.0,20.7,44
2025-07-25,ceftriaxona_inj,37.0,356.02380952380963,0.0,39.1,66
2025-07-26,ceftriaxona_inj,38.0,318.02380952380963,0.0,59.3,122
2025-07-27,ceftriaxona_inj,59.0,259.02380952380963,0.0,48.3,102
2025-07-28,ceftriaxona_inj,37.0,222.02380952380963,0.0,40.8,106
2025-07-29,ceftriaxona_inj,34.0,188.02380952380963,0.0,31.7,63
2025-07-30,ceftriaxona_inj,41.0,147.02380952380963,0.0,50.0,90
2025-07-31,ceftriaxona_inj,30.0,117.02380952380963,0.0,31.5,83
2025-08-01,ceftriaxona_inj,54.0,743.0238095238096,680.0,31.1,54
2025-08-02,ceftriaxona_inj,52.0,691.0238095238096,0.0,49.8,117
2025-08-03,ceftriaxona_inj,34.0,657.0238095238096,0.0,37.8,60
2025-08-04,ceftriaxona_inj,42.0,615.0238095238096,0.0,41.7,88
2025-08-05,ceftriaxona_inj,45.0,570.0238095238096,0.0,57.6,121
2025-08-06,ceftriaxona_inj,53.0,517.0238095238096,0.0,37.6,62
2025-08-07,ceftriaxona_inj,48.0,469.02380952380963,0.0,52.8,91
2025-08-08,ceftriaxona_inj,35.0,434.02380952380963,0.0,39.4,76
2025-08-09,ceftriaxona_inj,42.0,392.02380952380963,0.0,43.8,82
2025-08-10,ceftriaxona_inj,41.0,351.02380952380963,0.0,42.3,99
2025-08-11,ceftriaxona_inj,26.0,325.02380952380963,0.0,52.3,97
2025-08-12,ceftriaxona_inj,40.0,285.02380952380963,0.0,44.1,96
2025-08-13,ceftriaxona_inj,37.0,248.02380952380963,0.0,27.8,47
2025-08-14,ceftriaxona_inj,39.0,209.02380952380963,0.0,49.9,104
2025-08-15,ceftriaxona_inj,30.0,179.02380952380963,0.0,44.4,106
2025-08-16,ceftriaxona_inj,52.0,862.8809523809525,735.8571428571429,52.3,108
2025-08-17,ceftriaxona_inj,43.0,819.8809523809525,0.0,51.8,98
2025-08-18,ceftriaxona_inj,34.0,785.8809523809525,0.0,55.7,117
2025-08-19,ceftriaxona_inj,25.0,760.8809523809525,0.0,30.3,66
2025-08-20,ceftriaxona_inj,40.0,720.8809523809525,0.0,47.7,99
2025-08-21,ceftriaxona_inj,32.0,688.8809523809525,0.0,52.6,103
2025-08-22,ceftriaxona_inj,50.0,638.8809523809525,0.0,28.5,64
2025-08-23,ceftriaxona_inj,49.0,589.8809523809525,0.0,54.8,130
2025-08-24,ceftriaxona_inj,43.0,546.8809523809525,0.0,46.5,84
2025-08-25,ceftriaxona_inj,49.0,497.8809523809525,0.0,52.5,108
2025-08-26,ceftriaxona_inj,26.0,471.8809523809525,0.0,39.4,69
2025-08-27,ceftriaxona_inj,30.0,441.8809523809525,0.0,42.4,61
2025-08-28,ceftriaxona_inj,36.0,405.8809523809525,0.0,40.0,70
2025-08-29,ceftriaxona_inj,41.0,364.8809523809525,0.0,49.5,95
2025-08-30,ceftriaxona_inj,32.0,332.8809523809525,0.0,64.0,113
2025-08-31,ceftriaxona_inj,40.0,292.8809523809525,0.0,43.9,89
2025-09-01,ceftriaxona_inj,38.0,254.88095238095252,0.0,52.4,120
2025-09-02,ceftriaxona_inj,48.0,206.88095238095252,0.0,40.5,72
2025-09-03,ceftriaxona_inj,38.0,168.88095238095252,0.0,41.2,74
2025-09-04,ceftriaxona_inj,37.0,131.88095238095252,0.0,36.0,70
2025-09-05,ceftriaxona_inj,54.0,77.88095238095252,0.0,42.4,94
2025-09-06,ceftriaxona_inj,33.0,712.7380952380954,667.8571428571429,58.5,102
2025-09-07,ceftriaxona_inj,41.0,671.7380952380954,0.0,68.8,154
2025-09-08,ceftriaxona_inj,36.0,635.7380952380954,0.0,47.1,104
2025-09-09,ceftriaxona_inj,33.0,602.7380952380954,0.0,43.9,76
2025-09-10,ceftriaxona_inj,48.0,554.7380952380954,0.0,38.4,72
2025-09-11,ceftriaxona_inj,40.0,514.7380952380954,0.0,44.1,90
2025-09-12,ceftriaxona_inj,36.0,478.7380952380954,0.0,41.0,72
2025-09-13,ceftriaxona_inj,40.0,438.7380952380954,0.0,41.7,95
2025-09-14,ceftriaxona_inj,37.0,401.7380952380954,0.0,53.5,110
2025-09-15,ceftriaxona_inj,28.0,373.7380952380954,0.0,44.3,66
2025-09-16,ceftriaxona_inj,23.0,350.7380952380954,0.0,39.6,69
2025-09-17,ceftriaxona_inj,30.0,320.7380952380954,0.0,33.8,62
2025-09-18,ceftriaxona_inj,35.0,285.7380952380954,0.0,38.9,78
2025-09-19,ceftriaxona_inj,45.0,240.7380952380954,0.0,38.9,77
2025-09-20,ceftriaxona_inj,29.0,211.7380952380954,0.0,47.2,99
2025-09-21,ceftriaxona_inj,38.0,173.7380952380954,0.0,42.2,86
2025-09-22,ceftriaxona_inj,38.0,135.7380952380954,0.0,53.0,102
2025-09-23,ceftriaxona_inj,34.0,768.3809523809525,666.6428571428571,42.4,102
2025-09-24,ceftriaxona_inj,35.0,733.3809523809525,0.0,46.4,84
2025-09-25,ceftriaxona_inj,46.0,687.3809523809525,0.0,32.7,59
2025-09-26,ceftriaxona_inj,47.0,640.3809523809525,0.0,45.5,87
2025-09-27,ceftriaxona_inj,33.0,607.3809523809525,0.0,45.5,104
2025-09-28,ceftriaxona_inj,35.0,572.3809523809525,0.0,56.4,107
2025-09-29,ceftriaxona_inj,38.0,534.3809523809525,0.0,39.6,60
2025-09-30,ceftriaxona_inj,39.0,495.3809523809525,0.0,48.9,90
2025-10-01,ceftriaxona_inj,39.0,456.3809523809525,0.0,41.8,98
2025-10-02,ceftriaxona_inj,63.0,393.3809523809525,0.0,40.0,66
2025-10-03,ceftriaxona_inj,37.0,356.3809523809525,0.0,49.5,98
2025-10-04,ceftriaxona_inj,44.0,312.3809523809525,0.0,60.7,153
2025-10-05,ceftriaxona_inj,42.0,270.3809523809525,0.0,49.2,102
2025-10-06,ceftriaxona_inj,29.0,241.38095238095252,0.0,42.3,78
2025-10-07,ceftriaxona_inj,34.0,207.38095238095252,0.0,40.0,69
2025-10-08,ceftriaxona_inj,31.0,176.38095238095252,0.0,52.4,109
2025-10-09,ceftriaxona_inj,43.0,812.1666666666669,678.7857142857143,38.6,68
2025-10-10,ceftriaxona_inj,39.0,773.1666666666669,0.0,35.6,46
2025-10-11,ceftriaxona_inj,59.0,714.1666666666669,0.0,60.5,120
2025-10-12,ceftriaxona_inj,57.0,657.1666666666669,0.0,68.6,190
2025-10-13,ceftriaxona_inj,52.0,605.1666666666669,0.0,48.0,102
2025-10-14,ceftriaxona_inj,26.0,579.1666666666669,0.0,55.3,121
2025-10-15,ceftriaxona_inj,46.0,533.1666666666669,0.0,26.5,57
2025-10-16,ceftriaxona_inj,32.0,501.16666666666686,0.0,51.4,107
2025-10-17,ceftriaxona_inj,33.0,468.16666666666686,0.0,46.6,80
2025-10-18,ceftriaxona_inj,49.0,419.16666666666686,0.0,42.1,94
2025-10-19,ceftriaxona_inj,33.0,386.16666666666686,0.0,49.9,100
2025-10-20,ceftriaxona_inj,30.0,356.16666666666686,0.0,51.9,120
2025-10-21,ceftriaxona_inj,45.0,311.16666666666686,0.0,36.8,74
2025-10-22,ceftriaxona_inj,37.0,274.16666666666686,0.0,39.8,58
2025-10-23,ceftriaxona_inj,38.0,236.16666666666686,0.0,38.0,76
2025-10-24,ceftriaxona_inj,47.0,189.16666666666686,0.0,42.7,78
2025-10-25,ceftriaxona_inj,32.0,157.16666666666686,0.0,49.5,124
2025-10-26,ceftriaxona_inj,41.0,799.809523809524,683.6428571428571,60.6,113
2025-10-27,ceftriaxona_inj,36.0,763.809523809524,0.0,42.3,75
2025-10-28,ceftriaxona_inj,42.0,721.809523809524,0.0,29.0,46
2025-10-29,ceftriaxona_inj,20.0,701.809523809524,0.0,45.6,85
2025-10-30,ceftriaxona_inj,45.0,656.809523809524,0.0,29.3,61
2025-10-31,ceftriaxona_inj,49.0,607.809523809524,0.0,41.8,67
2025-11-01,ceftriaxona_inj,57.0,550.809523809524,0.0,50.8,110
2025-11-02,ceftriaxona_inj,61.0,489.80952380952397,0.0,61.1,138
2025-11-03,ceftriaxona_inj,29.0,460.80952380952397,0.0,32.3,59
2025-11-04,ceftriaxona_inj,28.0,432.80952380952397,0.0,33.7,64
2025-11-05,ceftriaxona_inj,47.0,385.80952380952397,0.0,47.2,88
2025-11-06,ceftriaxona_inj,36.0,349.80952380952397,0.0,40.5,74
2025-11-07,ceftriaxona_inj,34.0,315.80952380952397,0.0,56.8,116
2025-11-08,ceftriaxona_inj,43.0,272.80952380952397,0.0,51.4,108
2025-11-09,ceftriaxona_inj,39.0,233.80952380952397,0.0,58.3,122
2025-11-10,ceftriaxona_inj,40.0,193.80952380952397,0.0,36.4,70
2025-11-11,ceftriaxona_inj,40.0,153.80952380952397,0.0,54.0,90
2025-11-12,ceftriaxona_inj,43.0,110.80952380952397,0.0,31.8,70
2025-11-13,ceftriaxona_inj,31.0,774.3809523809525,694.5714285714286,59.2,116
2025-11-14,ceftriaxona_inj,30.0,744.3809523809525,0.0,41.5,64
2025-11-15,ceftriaxona_inj,49.0,695.3809523809525,0.0,58.1,137
2025-11-16,ceftriaxona_inj,33.0,662.3809523809525,0.0,53.3,88
2025-11-17,ceftriaxona_inj,48.0,614.3809523809525,0.0,56.1,110
2025-11-18,ceftriaxona_inj,35.0,579.3809523809525,0.0,40.2,65
2025-11-19,ceftriaxona_inj,20.0,559.3809523809525,0.0,37.2,67
2025-11-20,ceftriaxona_inj,64.0,495.3809523809525,0.0,48.8,103
2025-11-21,ceftriaxona_inj,31.0,464.3809523809525,0.0,42.5,85
2025-11-22,ceftriaxona_inj,38.0,426.3809523809525,0.0,49.8,99
2025-11-23,ceftriaxona_inj,29.0,397.3809523809525,0.0,54.9,102
2025-11-24,ceftriaxona_inj,42.0,355.3809523809525,0.0,37.1,65
2025-11-25,ceftriaxona_inj,37.0,318.3809523809525,0.0,26.7,48
2025-11-26,ceftriaxona_inj,36.0,282.3809523809525,0.0,39.6,65
2025-11-27,ceftriaxona_inj,52.0,230.38095238095252,0.0,35.5,52
2025-11-28,ceftriaxona_inj,34.0,196.38095238095252,0.0,26.7,30
2025-11-29,ceftriaxona_inj,34.0,162.38095238095252,0.0,47.7,89
2025-11-30,ceftriaxona_inj,41.0,121.38095238095252,0.0,53.8,118
2025-12-01,ceftriaxona_inj,49.0,72.38095238095252,0.0,44.5,99
2025-12-02,ceftriaxona_inj,39.0,680.5952380952382,647.2142857142857,33.9,68
2025-12-03,ceftriaxona_inj,46.0,634.5952380952382,0.0,28.7,62
2025-12-04,ceftriaxona_inj,49.0,585.5952380952382,0.0,48.8,98
2025-12-05,ceftriaxona_inj,32.0,553.5952380952382,0.0,47.6,98
2025-12-06,ceftriaxona_inj,48.0,505.5952380952382,0.0,38.4,76
2025-12-07,ceftriaxona_inj,39.0,466.5952380952382,0.0,36.8,100
2025-12-08,ceftriaxona_inj,37.0,429.5952380952382,0.0,46.1,107
2025-12-09,ceftriaxona_inj,31.0,398.5952380952382,0.0,41.2,66
2025-12-10,ceftriaxona_inj,51.0,347.5952380952382,0.0,43.8,94
2025-12-11,ceftriaxona_inj,42.0,305.5952380952382,0.0,43.4,81
2025-12-12,ceftriaxona_inj,50.0,255.5952380952382,0.0,32.5,70
2025-12-13,ceftriaxona_inj,49.0,206.5952380952382,0.0,47.3,80
2025-12-14,ceftriaxona_inj,63.0,143.5952380952382,0.0,44.2,89
2025-12-15,ceftriaxona_inj,42.0,101.59523809523819,0.0,34.0,55
2025-12-16,ceftriaxona_inj,30.0,760.0952380952382,688.5,41.8,54
2025-12-17,ceftriaxona_inj,24.0,736.0952380952382,0.0,38.9,55
2025-12-18,ceftriaxona_inj,42.0,694.0952380952382,0.0,36.9,70
2025-12-19,ceftriaxona_inj,30.0,664.0952380952382,0.0,37.1,74
2025-12-20,ceftriaxona_inj,64.0,600.0952380952382,0.0,43.4,89
2025-12-21,ceftriaxona_inj,47.0,553.0952380952382,0.0,48.9,95
2025-12-22,ceftriaxona_inj,32.0,521.0952380952382,0.0,49.2,103
2025-12-23,ceftriaxona_inj,37.0,484.0952380952382,0.0,29.2,49
2025-12-24,ceftriaxona_inj,37.0,447.0952380952382,0.0,38.0,53
2025-12-25,ceftriaxona_inj,48.0,399.0952380952382,0.0,53.7,116
2025-12-26,ceftriaxona_inj,34.0,365.0952380952382,0.0,52.2,84
2025-12-27,ceftriaxona_inj,35.0,330.0952380952382,0.0,40.9,77
2025-12-28,ceftriaxona_inj,47.0,283.0952380952382,0.0,62.0,118
2025-12-29,ceftriaxona_inj,33.0,250.0952380952382,0.0,38.5,67
2025-12-30,ceftriaxona_inj,31.0,219.0952380952382,0.0,36.0,53
2025-12-31,ceftriaxona_inj,54.0,165.0952380952382,0.0,36.6,74
2024-01-01,diclofenaco,61.0,854.0,0.0,52.7,111
2024-01-02,diclofenaco,66.0,788.0,0.0,33.6,51
2024-01-03,diclofenaco,78.0,710.0,0.0,34.2,61
2024-01-04,diclofenaco,64.0,646.0,0.0,32.6,51
2024-01-05,diclofenaco,57.0,589.0,0.0,24.7,30
2024-01-06,diclofenaco,71.0,518.0,0.0,41.6,71
2024-01-07,diclofenaco,72.0,446.0,0.0,51.5,99
2024-01-08,diclofenaco,81.0,365.0,0.0,29.9,65
2024-01-09,diclofenaco,39.0,326.0,0.0,20.0,44
2024-01-10,diclofenaco,52.0,274.0,0.0,37.5,57
2024-01-11,diclofenaco,77.0,197.0,0.0,49.8,90
2024-01-12,diclofenaco,66.0,131.0,0.0,37.9,81
2024-01-13,diclofenaco,70.0,1053.5,992.5000000000001,34.2,80
2024-01-14,diclofenaco,71.0,982.5,0.0,43.7,85
2024-01-15,diclofenaco,55.0,927.5,0.0,38.7,61
2024-01-16,diclofenaco,68.0,859.5,0.0,33.7,37
2024-01-17,diclofenaco,40.0,819.5,0.0,32.8,49
2024-01-18,diclofenaco,50.0,769.5,0.0,28.6,47
2024-01-19,diclofenaco,50.0,719.5,0.0,26.8,48
2024-01-20,diclofenaco,55.0,664.5,0.0,39.9,75
2024-01-21,diclofenaco,63.0,601.5,0.0,40.7,81
2024-01-22,diclofenaco,66.0,535.5,0.0,22.5,37
2024-01-23,diclofenaco,64.0,471.5,0.0,38.6,48
2024-01-24,diclofenaco,78.0,393.5,0.0,36.8,46
2024-01-25,diclofenaco,78.0,315.5,0.0,33.2,43
2024-01-26,diclofenaco,71.0,244.5,0.0,26.7,48
2024-01-27,diclofenaco,64.0,180.5,0.0,47.1,86
2024-01-28,diclofenaco,60.0,120.5,0.0,40.6,70
2024-01-29,diclofenaco,81.0,39.5,0.0,51.4,103
2024-01-30,diclofenaco,72.0,875.0,907.5,35.7,49
2024-01-31,diclofenaco,59.0,816.0,0.0,46.2,86
2024-02-01,diclofenaco,65.0,751.0,0.0,34.4,51
2024-02-02,diclofenaco,83.0,668.0,0.0,29.8,39
2024-02-03,diclofenaco,58.0,610.0,0.0,40.2,72
2024-02-04,diclofenaco,66.0,544.0,0.0,31.0,70
2024-02-05,diclofenaco,59.0,485.0,0.0,39.8,74
2024-02-06,diclofenaco,64.0,421.0,0.0,29.2,51
2024-02-07,diclofenaco,74.0,347.0,0.0,34.0,73
2024-02-08,diclofenaco,64.0,283.0,0.0,42.0,62
2024-02-09,diclofenaco,50.0,1266.9285714285716,1033.9285714285716,51.3,88
2024-02-10,diclofenaco,85.0,1181.9285714285716,0.0,53.0,97
2024-02-11,diclofenaco,55.0,1126.9285714285716,0.0,59.8,129
2024-02-12,diclofenaco,70.0,1056.9285714285716,0.0,55.4,104
2024-02-13,diclofenaco,45.0,1011.9285714285716,0.0,46.5,94
2024-02-14,diclofenaco,83.0,928.9285714285716,0.0,40.7,75
2024-02-15,diclofenaco,46.0,882.9285714285716,0.0,42.8,96
2024-02-16,diclofenaco,71.0,811.9285714285716,0.0,55.8,116
2024-02-17,diclofenaco,96.0,715.9285714285716,0.0,58.6,128
2024-02-18,diclofenaco,78.0,637.9285714285716,0.0,72.4,183
2024-02-19,diclofenaco,71.0,566.9285714285716,0.0,61.3,137
2024-02-20,diclofenaco,59.0,507.92857142857156,0.0,55.3,120
2024-02-21,diclofenaco,62.0,445.92857142857156,0.0,73.6,151
2024-02-22,diclofenaco,47.0,398.92857142857156,0.0,49.7,93
2024-02-23,diclofenaco,53.0,345.92857142857156,0.0,56.0,121
2024-02-24,diclofenaco,51.0,294.92857142857156,0.0,60.4,131
2024-02-25,diclofenaco,63.0,1246.5714285714287,1014.6428571428571,65.6,148
2024-02-26,diclofenaco,49.0,1197.5714285714287,0.0,61.8,140
2024-02-27,diclofenaco,45.0,1152.5714285714287,0.0,56.9,136
2024-02-28,diclofenaco,56.0,1096.5714285714287,0.0,54.6,119
2024-02-29,diclofenaco,54.0,1042.5714285714287,0.0,63.8,152
2024-03-01,diclofenaco,65.0,977.5714285714287,0.0,50.9,121
2024-03-02,diclofenaco,52.0,925.5714285714287,0.0,63.2,136
2024-03-03,diclofenaco,82.0,843.5714285714287,0.0,64.2,140
2024-03-04,diclofenaco,71.0,772.5714285714287,0.0,60.3,154
2024-03-05,diclofenaco,47.0,725.5714285714287,0.0,58.6,130
2024-03-06,diclofenaco,57.0,668.5714285714287,0.0,59.9,121
2024-03-07,diclofenaco,80.0,588.5714285714287,0.0,56.7,111
2024-03-08,diclofenaco,51.0,537.5714285714287,0.0,60.7,123
2024-03-09,diclofenaco,69.0,468.57142857142867,0.0,83.7,200
2024-03-10,diclofenaco,40.0,428.57142857142867,0.0,70.4,172
2024-03-11,diclofenaco,54.0,374.57142857142867,0.0,58.3,140
2024-03-12,diclofenaco,70.0,304.57142857142867,0.0,54.9,114
2024-03-13,diclofenaco,55.0,249.57142857142867,0.0,53.3,109
2024-03-14,diclofenaco,60.0,189.57142857142867,0.0,70.9,149
2024-03-15,diclofenaco,75.0,1015.6428571428573,901.0714285714286,69.1,146
2024-03-16,diclofenaco,55.0,960.6428571428573,0.0,61.7,139
2024-03-17,diclofenaco,50.0,910.6428571428573,0.0,58.3,142
2024-03-18,diclofenaco,69.0,841.6428571428573,0.0,62.4,143
2024-03-19,diclofenaco,91.0,750.6428571428573,0.0,50.9,104
2024-03-20,diclofenaco,51.0,699.6428571428573,0.0,57.9,129
2024-03-21,diclofenaco,59.0,640.6428571428573,0.0,66.6,158
2024-03-22,diclofenaco,59.0,581.6428571428573,0.0,52.1,107
2024-03-23,diclofenaco,71.0,510.64285714285734,0.0,62.0,144
2024-03-24,diclofenaco,69.0,441.64285714285734,0.0,57.6,133
2024-03-25,diclofenaco,74.0,367.64285714285734,0.0,49.5,99
2024-03-26,diclofenaco,65.0,302.64285714285734,0.0,50.1,109
2024-03-27,diclofenaco,56.0,246.64285714285734,0.0,59.4,128
2024-03-28,diclofenaco,52.0,194.64285714285734,0.0,47.6,94
2024-03-29,diclofenaco,64.0,130.64285714285734,0.0,62.6,153
2024-03-30,diclofenaco,61.0,1021.0714285714289,951.4285714285714,66.3,156
2024-03-31,diclofenaco,82.0,939.0714285714289,0.0,77.8,167
2024-04-01,diclofenaco,62.0,877.0714285714289,0.0,53.0,126
2024-04-02,diclofenaco,59.0,818.0714285714289,0.0,32.8,79
2024-04-03,diclofenaco,72.0,746.0714285714289,0.0,53.0,134
2024-04-04,diclofenaco,60.0,686.0714285714289,0.0,51.5,108
2024-04-05,diclofenaco,60.0,626.0714285714289,0.0,47.7,97
2024-04-06,diclofenaco,56.0,570.0714285714289,0.0,59.3,132
2024-04-07,diclofenaco,71.0,499.0714285714289,0.0,48.9,87
2024-04-08,diclofenaco,79.0,420.0714285714289,0.0,51.9,140
2024-04-09,diclofenaco,58.0,362.0714285714289,0.0,51.6,104
2024-04-10,diclofenaco,61.0,301.0714285714289,0.0,67.4,136
2024-04-11,diclofenaco,51.0,250.0714285714289,0.0,56.3,135
2024-04-12,diclofenaco,86.0,1121.9285714285716,957.8571428571428,53.0,117
2024-04-13,diclofenaco,66.0,1055.9285714285716,0.0,62.0,147
2024-04-14,diclofenaco,88.0,967.9285714285716,0.0,47.8,108
2024-04-15,diclofenaco,76.0,891.9285714285716,0.0,47.3,100
2024-04-16,diclofenaco,58.0,833.9285714285716,0.0,56.7,107
2024-04-17,diclofenaco,64.0,769.9285714285716,0.0,45.4,70
2024-04-18,diclofenaco,74.0,695.9285714285716,0.0,48.6,104
2024-04-19,diclofenaco,86.0,609.9285714285716,0.0,58.0,105
2024-04-20,diclofenaco,63.0,546.9285714285716,0.0,56.8,123
2024-04-21,diclofenaco,73.0,473.92857142857156,0.0,86.4,188
2024-04-22,diclofenaco,55.0,418.92857142857156,0.0,38.8,73
2024-04-23,diclofenaco,63.0,355.92857142857156,0.0,37.6,67
2024-04-24,diclofenaco,63.0,292.92857142857156,0.0,42.4,78
2024-04-25,diclofenaco,53.0,239.92857142857156,0.0,53.3,77
2024-04-26,diclofenaco,40.0,1251.0,1051.0714285714284,43.6,76
2024-04-27,diclofenaco,75.0,1176.0,0.0,52.4,119
2024-04-28,diclofenaco,45.0,1131.0,0.0,60.2,122
2024-04-29,diclofenaco,79.0,1052.0,0.0,56.9,128
2024-04-30,diclofenaco,60.0,992.0,0.0,35.1,67
2024-05-01,diclofenaco,65.0,927.0,0.0,60.6,124
2024-05-02,diclofenaco,79.0,848.0,0.0,45.2,90
2024-05-03,diclofenaco,65.0,783.0,0.0,50.4,102
2024-05-04,diclofenaco,63.0,720.0,0.0,60.9,135
2024-05-05,diclofenaco,60.0,660.0,0.0,50.3,101
2024-05-06,diclofenaco,72.0,588.0,0.0,60.1,128
2024-05-07,diclofenaco,43.0,545.0,0.0,27.2,61
2024-05-08,diclofenaco,65.0,480.0,0.0,44.3,80
2024-05-09,diclofenaco,60.0,420.0,0.0,34.2,70
2024-05-10,diclofenaco,61.0,359.0,0.0,39.3,90
2024-05-11,diclofenaco,57.0,302.0,0.0,50.8,107
2024-05-12,diclofenaco,50.0,252.0,0.0,56.3,121
2024-05-13,diclofenaco,72.0,180.0,0.0,49.7,111
2024-05-14,diclofenaco,68.0,112.0,0.0,45.3,81
2024-05-15,diclofenaco,54.0,983.7142857142858,925.7142857142858,29.2,60
2024-05-16,diclofenaco,56.0,927.7142857142858,0.0,50.1,109
2024-05-17,diclofenaco,68.0,859.7142857142858,0.0,53.3,120
2024-05-18,diclofenaco,83.0,776.7142857142858,0.0,63.1,142
2024-05-19,diclofenaco,67.0,709.7142857142858,0.0,65.8,146
2024-05-20,diclofenaco,74.0,635.7142857142858,0.0,44.2,99
2024-05-21,diclofenaco,63.0,572.7142857142858,0.0,36.8,58
2024-05-22,diclofenaco,72.0,500.7142857142858,0.0,39.4,73
2024-05-23,diclofenaco,55.0,445.7142857142858,0.0,41.4,101
2024-05-24,diclofenaco,62.0,383.7142857142858,0.0,31.3,73
2024-05-25,diclofenaco,61.0,322.7142857142858,0.0,47.8,98
2024-05-26,diclofenaco,95.0,227.71428571428578,0.0,49.1,104
2024-05-27,diclofenaco,77.0,150.71428571428578,0.0,43.6,87
2024-05-28,diclofenaco,62.0,88.71428571428578,0.0,50.6,106
2024-05-29,diclofenaco,62.0,996.3571428571429,969.6428571428571,36.2,62
2024-05-30,diclofenaco,69.0,927.3571428571429,0.0,40.1,65
2024-05-31,diclofenaco,64.0,863.3571428571429,0.0,31.2,63
2024-06-01,diclofenaco,64.0,799.3571428571429,0.0,36.2,78
2024-06-02,diclofenaco,74.0,725.3571428571429,0.0,43.2,97
2024-06-03,diclofenaco,88.0,637.3571428571429,0.0,44.8,86
2024-06-04,diclofenaco,58.0,579.3571428571429,0.0,67.9,141
2024-06-05,diclofenaco,52.0,527.3571428571429,0.0,39.9,80
2024-06-06,diclofenaco,66.0,461.3571428571429,0.0,34.0,87
2024-06-07,diclofenaco,62.0,399.3571428571429,0.0,28.1,61
2024-06-08,diclofenaco,79.0,320.3571428571429,0.0,51.9,119
2024-06-09,diclofenaco,57.0,263.3571428571429,0.0,45.0,96
2024-06-10,diclofenaco,81.0,1192.7142857142858,1010.3571428571429,41.0,83
2024-06-11,diclofenaco,84.0,1108.7142857142858,0.0,47.7,97
2024-06-12,diclofenaco,46.0,1062.7142857142858,0.0,39.6,78
2024-06-13,diclofenaco,73.0,989.7142857142858,0.0,55.2,107
2024-06-14,diclofenaco,46.0,943.7142857142858,0.0,41.7,88
2024-06-15,diclofenaco,70.0,873.7142857142858,0.0,55.3,129
2024-06-16,diclofenaco,64.0,809.7142857142858,0.0,53.3,108
2024-06-17,diclofenaco,72.0,737.7142857142858,0.0,36.1,82
2024-06-18,diclofenaco,79.0,658.7142857142858,0.0,39.3,69
2024-06-19,diclofenaco,46.0,612.7142857142858,0.0,40.6,76
2024-06-20,diclofenaco,69.0,543.7142857142858,0.0,43.4,87
2024-06-21,diclofenaco,60.0,483.7142857142858,0.0,40.6,59
2024-06-22,diclofenaco,53.0,430.7142857142858,0.0,50.7,113
2024-06-23,diclofenaco,61.0,369.7142857142858,0.0,53.3,90
2024-06-24,diclofenaco,46.0,323.7142857142858,0.0,41.0,81
2024-06-25,diclofenaco,67.0,256.7142857142858,0.0,49.4,117
2024-06-26,diclofenaco,52.0,204.71428571428578,0.0,38.4,70
2024-06-27,diclofenaco,71.0,133.71428571428578,0.0,35.2,74
2024-06-28,diclofenaco,62.0,1063.857142857143,992.1428571428571,35.8,72
2024-06-29,diclofenaco,65.0,998.8571428571429,0.0,63.1,137
2024-06-30,diclofenaco,70.0,928.8571428571429,0.0,54.3,110
2024-07-01,diclofenaco,51.0,877.8571428571429,0.0,45.8,99
2024-07-02,diclofenaco,53.0,824.8571428571429,0.0,57.4,114
2024-07-03,diclofenaco,60.0,764.8571428571429,0.0,56.7,110
2024-07-04,diclofenaco,63.0,701.8571428571429,0.0,49.8,87
2024-07-05,diclofenaco,70.0,631.8571428571429,0.0,50.4,99
2024-07-06,diclofenaco,54.0,577.8571428571429,0.0,56.8,108
2024-07-07,diclofenaco,71.0,506.8571428571429,0.0,32.7,76
2024-07-08,diclofenaco,37.0,469.8571428571429,0.0,49.8,107
2024-07-09,diclofenaco,66.0,403.8571428571429,0.0,49.0,111
2024-07-10,diclofenaco,57.0,346.8571428571429,0.0,44.9,88
2024-07-11,diclofenaco,63.0,283.8571428571429,0.0,43.2,91
2024-07-12,diclofenaco,63.0,220.8571428571429,0.0,47.9,100
2024-07-13,diclofenaco,75.0,1052.2857142857142,906.4285714285714,51.6,87
2024-07-14,diclofenaco,64.0,988.2857142857142,0.0,52.8,114
2024-07-15,diclofenaco,62.0,926.2857142857142,0.0,48.5,95
2024-07-16,diclofenaco,60.0,866.2857142857142,0.0,42.1,84
2024-07-17,diclofenaco,59.0,807.2857142857142,0.0,39.8,74
2024-07-18,diclofenaco,66.0,741.2857142857142,0.0,39.5,74
2024-07-19,diclofenaco,43.0,698.2857142857142,0.0,39.9,70
2024-07-20,diclofenaco,57.0,641.2857142857142,0.0,74.3,160
2024-07-21,diclofenaco,62.0,579.2857142857142,0.0,51.7,90
2024-07-22,diclofenaco,57.0,522.2857142857142,0.0,41.4,76
2024-07-23,diclofenaco,50.0,472.2857142857142,0.0,35.9,57
2024-07-24,diclofenaco,52.0,420.2857142857142,0.0,34.2,72
2024-07-25,diclofenaco,73.0,347.2857142857142,0.0,37.7,70
2024-07-26,diclofenaco,59.0,288.2857142857142,0.0,35.6,52
2024-07-27,diclofenaco,61.0,227.28571428571422,0.0,51.4,98
2024-07-28,diclofenaco,73.0,1052.1428571428569,897.8571428571428,50.5,103
2024-07-29,diclofenaco,80.0,972.1428571428569,0.0,58.4,118
2024-07-30,diclofenaco,57.0,915.1428571428569,0.0,32.0,47
2024-07-31,diclofenaco,49.0,866.1428571428569,0.0,44.3,74
2024-08-01,diclofenaco,55.0,811.1428571428569,0.0,36.8,63
2024-08-02,diclofenaco,58.0,753.1428571428569,0.0,36.0,68
2024-08-03,diclofenaco,60.0,693.1428571428569,0.0,58.0,123
2024-08-04,diclofenaco,75.0,618.1428571428569,0.0,44.6,122
2024-08-05,diclofenaco,60.0,558.1428571428569,0.0,70.8,159
2024-08-06,diclofenaco,60.0,498.1428571428569,0.0,27.7,82
2024-08-07,diclofenaco,62.0,436.1428571428569,0.0,43.8,106
2024-08-08,diclofenaco,61.0,375.1428571428569,0.0,46.5,89
2024-08-09,diclofenaco,54.0,321.1428571428569,0.0,57.1,119
2024-08-10,diclofenaco,56.0,265.1428571428569,0.0,42.2,95
2024-08-11,diclofenaco,64.0,1135.428571428571,934.2857142857142,44.0,95
2024-08-12,diclofenaco,59.0,1076.428571428571,0.0,53.0,97
2024-08-13,diclofenaco,61.0,1015.4285714285711,0.0,45.6,97
2024-08-14,diclofenaco,49.0,966.4285714285711,0.0,62.1,113
2024-08-15,diclofenaco,57.0,909.4285714285711,0.0,41.6,80
2024-08-16,diclofenaco,56.0,853.4285714285711,0.0,41.5,75
2024-08-17,diclofenaco,68.0,785.4285714285711,0.0,60.0,114
2024-08-18,diclofenaco,62.0,723.4285714285711,0.0,42.1,80
2024-08-19,diclofenaco,61.0,662.4285714285711,0.0,44.6,100
2024-08-20,diclofenaco,79.0,583.4285714285711,0.0,42.2,83
2024-08-21,diclofenaco,47.0,536.4285714285711,0.0,48.1,99
2024-08-22,diclofenaco,58.0,478.4285714285711,0.0,27.7,56
2024-08-23,diclofenaco,55.0,423.4285714285711,0.0,35.7,66
2024-08-24,diclofenaco,61.0,362.4285714285711,0.0,42.1,90
2024-08-25,diclofenaco,56.0,306.4285714285711,0.0,43.9,76
2024-08-26,diclofenaco,78.0,228.4285714285711,0.0,45.9,92
2024-08-27,diclofenaco,62.0,166.4285714285711,0.0,47.1,99
2024-08-28,diclofenaco,60.0,997.8571428571427,891.4285714285714,38.4,72
2024-08-29,diclofenaco,67.0,930.8571428571427,0.0,43.5,83
2024-08-30,diclofenaco,43.0,887.8571428571427,0.0,35.7,56
2024-08-31,diclofenaco,66.0,821.8571428571427,0.0,36.5,77
2024-09-01,diclofenaco,67.0,754.8571428571427,0.0,58.8,141
2024-09-02,diclofenaco,66.0,688.8571428571427,0.0,42.2,69
2024-09-03,diclofenaco,60.0,628.8571428571427,0.0,36.1,69
2024-09-04,diclofenaco,78.0,550.8571428571427,0.0,41.9,97
2024-09-05,diclofenaco,74.0,476.85714285714266,0.0,52.8,107
2024-09-06,diclofenaco,60.0,416.85714285714266,0.0,39.2,68
2024-09-07,diclofenaco,63.0,353.85714285714266,0.0,58.9,147
2024-09-08,diclofenaco,58.0,295.85714285714266,0.0,55.8,118
2024-09-09,diclofenaco,76.0,219.85714285714266,0.0,59.9,124
2024-09-10,diclofenaco,61.0,158.85714285714266,0.0,43.4,81
2024-09-11,diclofenaco,74.0,1041.6428571428569,956.7857142857142,42.4,75
2024-09-12,diclofenaco,70.0,971.6428571428569,0.0,39.8,91
2024-09-13,diclofenaco,52.0,919.6428571428569,0.0,45.7,88
2024-09-14,diclofenaco,70.0,849.6428571428569,0.0,46.7,98
2024-09-15,diclofenaco,67.0,782.6428571428569,0.0,45.6,97
2024-09-16,diclofenaco,70.0,712.6428571428569,0.0,45.4,81
2024-09-17,diclofenaco,68.0,644.6428571428569,0.0,45.8,75
2024-09-18,diclofenaco,54.0,590.6428571428569,0.0,42.1,61
2024-09-19,diclofenaco,86.0,504.6428571428569,0.0,46.8,80
2024-09-20,diclofenaco,58.0,446.6428571428569,0.0,29.6,47
2024-09-21,diclofenaco,62.0,384.6428571428569,0.0,47.6,93
2024-09-22,diclofenaco,52.0,332.6428571428569,0.0,49.2,93
2024-09-23,diclofenaco,80.0,252.64285714285688,0.0,48.0,97
2024-09-24,diclofenaco,40.0,212.64285714285688,0.0,38.3,69
2024-09-25,diclofenaco,58.0,1149.9999999999998,995.3571428571429,35.1,52
2024-09-26,diclofenaco,58.0,1091.9999999999998,0.0,35.4,63
2024-09-27,diclofenaco,71.0,1020.9999999999998,0.0,32.7,63
2024-09-28,diclofenaco,77.0,943.9999999999998,0.0,43.1,89
2024-09-29,diclofenaco,85.0,858.9999999999998,0.0,45.2,83
2024-09-30,diclofenaco,68.0,790.9999999999998,0.0,47.9,98
2024-10-01,diclofenaco,64.0,726.9999999999998,0.0,38.1,66
2024-10-02,diclofenaco,55.0,671.9999999999998,0.0,40.1,68
2024-10-03,diclofenaco,68.0,603.9999999999998,0.0,35.5,67
2024-10-04,diclofenaco,54.0,549.9999999999998,0.0,34.1,50
2024-10-05,diclofenaco,83.0,466.9999999999998,0.0,47.7,93
2024-10-06,diclofenaco,89.0,377.9999999999998,0.0,49.3,116
2024-10-07,diclofenaco,65.0,312.9999999999998,0.0,46.0,76
2024-10-08,diclofenaco,49.0,263.9999999999998,0.0,32.2,59
2024-10-09,diclofenaco,82.0,181.99999999999977,0.0,34.3,78
2024-10-10,diclofenaco,51.0,130.99999999999977,0.0,38.1,82
2024-10-11,diclofenaco,58.0,72.99999999999977,0.0,36.8,78
2024-10-12,diclofenaco,78.0,973.2142857142853,978.2142857142857,59.3,130
2024-10-13,diclofenaco,65.0,908.2142857142853,0.0,43.3,88
2024-10-14,diclofenaco,58.0,850.2142857142853,0.0,44.1,91
2024-10-15,diclofenaco,67.0,783.2142857142853,0.0,40.9,71
2024-10-16,diclofenaco,59.0,724.2142857142853,0.0,41.5,76
2024-10-17,diclofenaco,70.0,654.2142857142853,0.0,40.4,73
2024-10-18,diclofenaco,52.0,602.2142857142853,0.0,35.9,59
2024-10-19,diclofenaco,71.0,531.2142857142853,0.0,57.0,117
2024-10-20,diclofenaco,72.0,459.2142857142853,0.0,24.8,56
2024-10-21,diclofenaco,59.0,400.2142857142853,0.0,37.7,73
2024-10-22,diclofenaco,65.0,335.2142857142853,0.0,31.5,76
2024-10-23,diclofenaco,69.0,266.2142857142853,0.0,39.6,74
2024-10-24,diclofenaco,54.0,212.21428571428532,0.0,36.7,66
2024-10-25,diclofenaco,82.0,130.21428571428532,0.0,42.6,71
2024-10-26,diclofenaco,57.0,1034.2857142857138,961.0714285714286,49.5,89
2024-10-27,diclofenaco,74.0,960.2857142857138,0.0,56.8,121
2024-10-28,diclofenaco,79.0,881.2857142857138,0.0,36.4,71
2024-10-29,diclofenaco,83.0,798.2857142857138,0.0,43.2,79
2024-10-30,diclofenaco,62.0,736.2857142857138,0.0,29.0,50
2024-10-31,diclofenaco,89.0,647.2857142857138,0.0,44.7,89
2024-11-01,diclofenaco,78.0,569.2857142857138,0.0,38.2,59
2024-11-02,diclofenaco,74.0,495.28571428571377,0.0,57.9,133
2024-11-03,diclofenaco,86.0,409.28571428571377,0.0,54.6,108
2024-11-04,diclofenaco,74.0,335.28571428571377,0.0,45.3,83
2024-11-05,diclofenaco,74.0,261.28571428571377,0.0,37.8,80
2024-11-06,diclofenaco,77.0,184.28571428571377,0.0,37.4,57
2024-11-07,diclofenaco,61.0,1191.4999999999993,1068.2142857142856,41.9,73
2024-11-08,diclofenaco,72.0,1119.4999999999993,0.0,41.6,79
2024-11-09,diclofenaco,78.0,1041.4999999999993,0.0,42.4,91
2024-11-10,diclofenaco,75.0,966.4999999999993,0.0,46.9,105
2024-11-11,diclofenaco,68.0,898.4999999999993,0.0,42.6,89
2024-11-12,diclofenaco,68.0,830.4999999999993,0.0,46.2,87
2024-11-13,diclofenaco,78.0,752.4999999999993,0.0,24.1,41
2024-11-14,diclofenaco,52.0,700.4999999999993,0.0,40.9,73
2024-11-15,diclofenaco,73.0,627.4999999999993,0.0,39.8,89
2024-11-16,diclofenaco,55.0,572.4999999999993,0.0,48.1,101
2024-11-17,diclofenaco,65.0,507.4999999999993,0.0,53.9,114
2024-11-18,diclofenaco,62.0,445.4999999999993,0.0,61.2,108
2024-11-19,diclofenaco,63.0,382.4999999999993,0.0,28.0,57
2024-11-20,diclofenaco,72.0,310.4999999999993,0.0,61.8,121
2024-11-21,diclofenaco,69.0,241.49999999999932,0.0,42.9,82
2024-11-22,diclofenaco,43.0,198.49999999999932,0.0,29.6,41
2024-11-23,diclofenaco,67.0,1170.7857142857138,1039.2857142857144,54.0,114
2024-11-24,diclofenaco,56.0,1114.7857142857138,0.0,40.6,72
2024-11-25,diclofenaco,58.0,1056.7857142857138,0.0,34.7,62
2024-11-26,diclofenaco,61.0,995.7857142857138,0.0,45.0,73
2024-11-27,diclofenaco,63.0,932.7857142857138,0.0,39.1,78
2024-11-28,diclofenaco,81.0,851.7857142857138,0.0,38.8,59
2024-11-29,diclofenaco,57.0,794.7857142857138,0.0,29.9,54
2024-11-30,diclofenaco,67.0,727.7857142857138,0.0,42.0,82
2024-12-01,diclofenaco,64.0,663.7857142857138,0.0,38.7,84
2024-12-02,diclofenaco,93.0,570.7857142857138,0.0,36.1,59
2024-12-03,diclofenaco,69.0,501.78571428571377,0.0,50.9,90
2024-12-04,diclofenaco,63.0,438.78571428571377,0.0,43.0,85
2024-12-05,diclofenaco,50.0,388.78571428571377,0.0,37.3,70
2024-12-06,diclofenaco,63.0,325.78571428571377,0.0,28.7,56
2024-12-07,diclofenaco,57.0,268.78571428571377,0.0,45.2,93
2024-12-08,diclofenaco,93.0,1161.4999999999995,985.7142857142857,48.2,117
2024-12-09,diclofenaco,73.0,1088.4999999999995,0.0,42.8,94
2024-12-10,diclofenaco,70.0,1018.4999999999995,0.0,51.6,106
2024-12-11,diclofenaco,76.0,942.4999999999995,0.0,30.1,32
2024-12-12,diclofenaco,56.0,886.4999999999995,0.0,40.9,46
2024-12-13,diclofenaco,70.0,816.4999999999995,0.0,39.6,81
2024-12-14,diclofenaco,87.0,729.4999999999995,0.0,42.8,67
2024-12-15,diclofenaco,75.0,654.4999999999995,0.0,52.7,109
2024-12-16,diclofenaco,56.0,598.4999999999995,0.0,40.6,79
2024-12-17,diclofenaco,60.0,538.4999999999995,0.0,38.8,67
2024-12-18,diclofenaco,64.0,474.49999999999955,0.0,36.2,64
2024-12-19,diclofenaco,72.0,402.49999999999955,0.0,35.7,62
2024-12-20,diclofenaco,62.0,340.49999999999955,0.0,34.4,64
2024-12-21,diclofenaco,86.0,254.49999999999955,0.0,43.7,102
2024-12-22,diclofenaco,76.0,178.49999999999955,0.0,42.4,100
2024-12-23,diclofenaco,57.0,1138.2857142857138,1016.7857142857143,45.3,83
2024-12-24,diclofenaco,49.0,1089.2857142857138,0.0,35.2,65
2024-12-25,diclofenaco,70.0,1019.2857142857138,0.0,38.5,78
2024-12-26,diclofenaco,62.0,957.2857142857138,0.0,32.9,55
2024-12-27,diclofenaco,78.0,879.2857142857138,0.0,45.1,81
2024-12-28,diclofenaco,59.0,820.2857142857138,0.0,53.9,113
2024-12-29,diclofenaco,61.0,759.2857142857138,0.0,38.3,78
2024-12-30,diclofenaco,61.0,698.2857142857138,0.0,51.0,93
2024-12-31,diclofenaco,52.0,646.2857142857138,0.0,43.7,68
2025-01-01,diclofenaco,66.0,580.2857142857138,0.0,50.9,101
2025-01-02,diclofenaco,58.0,522.2857142857138,0.0,43.7,75
2025-01-03,diclofenaco,69.0,453.28571428571377,0.0,45.2,76
2025-01-04,diclofenaco,82.0,371.28571428571377,0.0,50.7,93
2025-01-05,diclofenaco,67.0,304.28571428571377,0.0,49.6,96
2025-01-06,diclofenaco,86.0,218.28571428571377,0.0,49.6,96
2025-01-07,diclofenaco,68.0,150.28571428571377,0.0,44.7,83
2025-01-08,diclofenaco,68.0,82.28571428571377,0.0,36.2,77
2025-01-09,diclofenaco,76.0,974.8571428571422,968.5714285714286,41.2,71
2025-01-10,diclofenaco,71.0,903.8571428571422,0.0,46.3,109
2025-01-11,diclofenaco,71.0,832.8571428571422,0.0,40.9,87
2025-01-12,diclofenaco,42.0,790.8571428571422,0.0,41.6,65
2025-01-13,diclofenaco,78.0,712.8571428571422,0.0,60.7,125
2025-01-14,diclofenaco,34.0,678.8571428571422,0.0,39.8,58
2025-01-15,diclofenaco,59.0,619.8571428571422,0.0,29.7,49
2025-01-16,diclofenaco,50.0,569.8571428571422,0.0,34.9,74
2025-01-17,diclofenaco,63.0,506.8571428571422,0.0,31.9,55
2025-01-18,diclofenaco,64.0,442.8571428571422,0.0,39.9,74
2025-01-19,diclofenaco,66.0,376.8571428571422,0.0,33.2,55
2025-01-20,diclofenaco,58.0,318.8571428571422,0.0,50.0,91
2025-01-21,diclofenaco,57.0,261.8571428571422,0.0,34.5,64
2025-01-22,diclofenaco,79.0,1163.214285714285,980.3571428571429,43.3,81
2025-01-23,diclofenaco,76.0,1087.214285714285,0.0,37.3,79
2025-01-24,diclofenaco,63.0,1024.214285714285,0.0,34.6,55
2025-01-25,diclofenaco,81.0,943.2142857142851,0.0,43.4,85
2025-01-26,diclofenaco,72.0,871.2142857142851,0.0,43.8,95
2025-01-27,diclofenaco,59.0,812.2142857142851,0.0,37.5,71
2025-01-28,diclofenaco,68.0,744.2142857142851,0.0,40.2,78
2025-01-29,diclofenaco,66.0,678.2142857142851,0.0,41.9,84
2025-01-30,diclofenaco,61.0,617.2142857142851,0.0,36.4,45
2025-01-31,diclofenaco,60.0,557.2142857142851,0.0,40.5,78
2025-02-01,diclofenaco,76.0,481.2142857142851,0.0,43.4,88
2025-02-02,diclofenaco,55.0,426.2142857142851,0.0,40.5,101
2025-02-03,diclofenaco,64.0,362.2142857142851,0.0,33.1,66
2025-02-04,diclofenaco,57.0,305.2142857142851,0.0,37.0,70
2025-02-05,diclofenaco,70.0,235.2142857142851,0.0,38.5,79
2025-02-06,diclofenaco,58.0,177.2142857142851,0.0,52.0,94
2025-02-07,diclofenaco,68.0,1118.4999999999995,1009.2857142857143,30.8,51
2025-02-08,diclofenaco,75.0,1043.4999999999995,0.0,58.3,113
2025-02-09,diclofenaco,63.0,980.4999999999995,0.0,47.4,96
2025-02-10,diclofenaco,64.0,916.4999999999995,0.0,46.6,94
2025-02-11,diclofenaco,68.0,848.4999999999995,0.0,41.6,81
2025-02-12,diclofenaco,92.0,756.4999999999995,0.0,30.4,48
2025-02-13,diclofenaco,54.0,702.4999999999995,0.0,36.9,47
2025-02-14,diclofenaco,97.0,605.4999999999995,0.0,25.0,59
2025-02-15,diclofenaco,58.0,547.4999999999995,0.0,26.9,61
2025-02-16,diclofenaco,58.0,489.49999999999955,0.0,36.3,71
2025-02-17,diclofenaco,84.0,405.49999999999955,0.0,50.4,105
2025-02-18,diclofenaco,57.0,348.49999999999955,0.0,32.1,45
2025-02-19,diclofenaco,84.0,264.49999999999955,0.0,45.6,86
2025-02-20,diclofenaco,56.0,208.49999999999955,0.0,35.5,67
2025-02-21,diclofenaco,60.0,1162.071428571428,1013.5714285714286,43.6,74
2025-02-22,diclofenaco,80.0,1082.071428571428,0.0,47.1,84
2025-02-23,diclofenaco,72.0,1010.071428571428,0.0,56.3,120
2025-02-24,diclofenaco,57.0,953.071428571428,0.0,46.8,84
2025-02-25,diclofenaco,59.0,894.071428571428,0.0,28.0,38
2025-02-26,diclofenaco,69.0,825.071428571428,0.0,26.7,44
2025-02-27,diclofenaco,62.0,763.071428571428,0.0,39.8,67
2025-02-28,diclofenaco,68.0,695.071428571428,0.0,39.9,74
2025-03-01,diclofenaco,82.0,613.071428571428,0.0,46.1,93
2025-03-02,diclofenaco,56.0,557.071428571428,0.0,58.7,112
2025-03-03,diclofenaco,62.0,495.071428571428,0.0,42.3,110
2025-03-04,diclofenaco,90.0,405.071428571428,0.0,26.1,52
2025-03-05,diclofenaco,54.0,351.071428571428,0.0,31.9,66
2025-03-06,diclofenaco,69.0,282.071428571428,0.0,28.9,48
2025-03-07,diclofenaco,60.0,222.071428571428,0.0,33.6,60
2025-03-08,diclofenaco,63.0,159.071428571428,0.0,44.7,106
2025-03-09,diclofenaco,69.0,90.07142857142799,0.0,36.2,76
2025-03-10,diclofenaco,68.0,1012.071428571428,990.0,50.4,115
2025-03-11,diclofenaco,61.0,951.071428571428,0.0,45.8,64
2025-03-12,diclofenaco,50.0,901.071428571428,0.0,39.7,54
2025-03-13,diclofenaco,74.0,827.071428571428,0.0,41.3,84
2025-03-14,diclofenaco,58.0,769.071428571428,0.0,38.7,76
2025-03-15,diclofenaco,76.0,693.071428571428,0.0,46.1,106
2025-03-16,diclofenaco,43.0,650.071428571428,0.0,53.6,136
2025-03-17,diclofenaco,78.0,572.071428571428,0.0,50.6,107
2025-03-18,diclofenaco,57.0,515.071428571428,0.0,41.1,90
2025-03-19,diclofenaco,50.0,465.071428571428,0.0,46.9,96
2025-03-20,diclofenaco,67.0,398.071428571428,0.0,28.9,62
2025-03-21,diclofenaco,65.0,333.071428571428,0.0,28.4,51
2025-03-22,diclofenaco,71.0,262.071428571428,0.0,51.3,106
2025-03-23,diclofenaco,59.0,203.071428571428,0.0,46.9,91
2025-03-24,diclofenaco,59.0,144.071428571428,0.0,46.4,89
2025-03-25,diclofenaco,70.0,1012.6428571428564,938.5714285714286,36.3,80
2025-03-26,diclofenaco,68.0,944.6428571428564,0.0,39.4,64
2025-03-27,diclofenaco,77.0,867.6428571428564,0.0,43.6,95
2025-03-28,diclofenaco,59.0,808.6428571428564,0.0,50.8,99
2025-03-29,diclofenaco,92.0,716.6428571428564,0.0,54.8,118
2025-03-30,diclofenaco,52.0,664.6428571428564,0.0,44.1,103
2025-03-31,diclofenaco,52.0,612.6428571428564,0.0,43.1,88
2025-04-01,diclofenaco,49.0,563.6428571428564,0.0,45.2,86
2025-04-02,diclofenaco,39.0,524.6428571428564,0.0,38.1,63
2025-04-03,diclofenaco,71.0,453.6428571428564,0.0,43.1,86
2025-04-04,diclofenaco,67.0,386.6428571428564,0.0,48.4,82
2025-04-05,diclofenaco,64.0,322.6428571428564,0.0,50.9,95
2025-04-06,diclofenaco,66.0,256.6428571428564,0.0,47.9,101
2025-04-07,diclofenaco,80.0,176.64285714285643,0.0,53.7,106
2025-04-08,diclofenaco,60.0,116.64285714285643,0.0,51.4,86
2025-04-09,diclofenaco,53.0,1009.7142857142849,946.0714285714286,45.6,69
2025-04-10,diclofenaco,54.0,955.7142857142849,0.0,29.3,59
2025-04-11,diclofenaco,52.0,903.7142857142849,0.0,43.5,96
2025-04-12,diclofenaco,74.0,829.7142857142849,0.0,66.1,133
2025-04-13,diclofenaco,72.0,757.7142857142849,0.0,55.6,132
2025-04-14,diclofenaco,83.0,674.7142857142849,0.0,40.5,92
2025-04-15,diclofenaco,66.0,608.7142857142849,0.0,41.0,84
2025-04-16,diclofenaco,70.0,538.7142857142849,0.0,48.2,94
2025-04-17,diclofenaco,71.0,467.71428571428487,0.0,42.9,85
2025-04-18,diclofenaco,79.0,388.71428571428487,0.0,54.7,125
2025-04-19,diclofenaco,87.0,301.71428571428487,0.0,53.6,122
2025-04-20,diclofenaco,72.0,229.71428571428487,0.0,52.7,120
2025-04-21,diclofenaco,69.0,160.71428571428487,0.0,73.8,182
2025-04-22,diclofenaco,56.0,1103.2857142857133,998.5714285714286,50.4,79
2025-04-23,diclofenaco,78.0,1025.2857142857133,0.0,43.5,82
2025-04-24,diclofenaco,62.0,963.2857142857133,0.0,65.4,138
2025-04-25,diclofenaco,64.0,899.2857142857133,0.0,42.8,89
2025-04-26,diclofenaco,75.0,824.2857142857133,0.0,62.2,141
2025-04-27,diclofenaco,65.0,759.2857142857133,0.0,48.2,107
2025-04-28,diclofenaco,55.0,704.2857142857133,0.0,32.7,85
2025-04-29,diclofenaco,62.0,642.2857142857133,0.0,27.3,55
2025-04-30,diclofenaco,49.0,593.2857142857133,0.0,33.3,77
2025-05-01,diclofenaco,64.0,529.2857142857133,0.0,42.4,108
2025-05-02,diclofenaco,47.0,482.2857142857133,0.0,32.6,68
2025-05-03,diclofenaco,66.0,416.2857142857133,0.0,54.2,101
2025-05-04,diclofenaco,67.0,349.2857142857133,0.0,56.1,122
2025-05-05,diclofenaco,67.0,282.2857142857133,0.0,53.1,98
2025-05-06,diclofenaco,56.0,1230.2142857142849,1003.9285714285714,45.3,86
2025-05-07,diclofenaco,59.0,1171.2142857142849,0.0,43.0,75
2025-05-08,diclofenaco,65.0,1106.2142857142849,0.0,32.7,65
2025-05-09,diclofenaco,83.0,1023.2142857142849,0.0,37.7,63
2025-05-10,diclofenaco,52.0,971.2142857142849,0.0,54.7,109
2025-05-11,diclofenaco,59.0,912.2142857142849,0.0,47.0,102
2025-05-12,diclofenaco,41.0,871.2142857142849,0.0,38.9,66
2025-05-13,diclofenaco,74.0,797.2142857142849,0.0,38.3,64
2025-05-14,diclofenaco,67.0,730.2142857142849,0.0,40.1,82
2025-05-15,diclofenaco,83.0,647.2142857142849,0.0,46.5,107
2025-05-16,diclofenaco,61.0,586.2142857142849,0.0,45.3,104
2025-05-17,diclofenaco,66.0,520.2142857142849,0.0,53.5,113
2025-05-18,diclofenaco,83.0,437.21428571428487,0.0,49.5,99
2025-05-19,diclofenaco,52.0,385.21428571428487,0.0,30.0,56
2025-05-20,diclofenaco,68.0,317.21428571428487,0.0,48.3,99
2025-05-21,diclofenaco,71.0,246.21428571428487,0.0,52.3,104
2025-05-22,diclofenaco,62.0,184.21428571428487,0.0,40.2,69
2025-05-23,diclofenaco,67.0,117.21428571428487,0.0,52.7,94
2025-05-24,diclofenaco,98.0,1000.6428571428564,981.4285714285714,62.1,124
2025-05-25,diclofenaco,65.0,935.6428571428564,0.0,44.2,99
2025-05-26,diclofenaco,66.0,869.6428571428564,0.0,47.3,77
2025-05-27,diclofenaco,67.0,802.6428571428564,0.0,40.5,83
2025-05-28,diclofenaco,76.0,726.6428571428564,0.0,44.0,75
2025-05-29,diclofenaco,69.0,657.6428571428564,0.0,50.3,104
2025-05-30,diclofenaco,71.0,586.6428571428564,0.0,51.8,114
2025-05-31,diclofenaco,73.0,513.6428571428564,0.0,45.9,113
2025-06-01,diclofenaco,78.0,435.6428571428564,0.0,52.5,113
2025-06-02,diclofenaco,89.0,346.6428571428564,0.0,45.5,109
2025-06-03,diclofenaco,84.0,262.6428571428564,0.0,57.4,114
2025-06-04,diclofenaco,64.0,198.64285714285643,0.0,54.0,98
2025-06-05,diclofenaco,71.0,1186.2142857142849,1058.5714285714284,38.4,80
2025-06-06,diclofenaco,58.0,1128.2142857142849,0.0,51.9,106
2025-06-07,diclofenaco,60.0,1068.2142857142849,0.0,50.6,114
2025-06-08,diclofenaco,63.0,1005.2142857142849,0.0,59.4,138
2025-06-09,diclofenaco,51.0,954.2142857142849,0.0,46.1,84
2025-06-10,diclofenaco,47.0,907.2142857142849,0.0,48.4,100
2025-06-11,diclofenaco,69.0,838.2142857142849,0.0,42.2,62
2025-06-12,diclofenaco,63.0,775.2142857142849,0.0,40.4,82
2025-06-13,diclofenaco,65.0,710.2142857142849,0.0,50.8,95
2025-06-14,diclofenaco,70.0,640.2142857142849,0.0,53.9,114
2025-06-15,diclofenaco,53.0,587.2142857142849,0.0,53.5,105
2025-06-16,diclofenaco,93.0,494.21428571428487,0.0,42.6,88
2025-06-17,diclofenaco,85.0,409.21428571428487,0.0,37.9,70
2025-06-18,diclofenaco,59.0,350.21428571428487,0.0,39.7,76
2025-06-19,diclofenaco,66.0,284.21428571428487,0.0,37.9,79
2025-06-20,diclofenaco,67.0,217.21428571428487,0.0,43.5,78
2025-06-21,diclofenaco,82.0,135.21428571428487,0.0,60.6,127
2025-06-22,diclofenaco,63.0,1048.2857142857133,976.0714285714286,44.3,81
2025-06-23,diclofenaco,71.0,977.2857142857133,0.0,53.0,95
2025-06-24,diclofenaco,71.0,906.2857142857133,0.0,35.5,46
2025-06-25,diclofenaco,72.0,834.2857142857133,0.0,35.2,66
2025-06-26,diclofenaco,87.0,747.2857142857133,0.0,37.5,64
2025-06-27,diclofenaco,54.0,693.2857142857133,0.0,40.1,83
2025-06-28,diclofenaco,83.0,610.2857142857133,0.0,50.4,105
2025-06-29,diclofenaco,76.0,534.2857142857133,0.0,45.5,98
2025-06-30,diclofenaco,71.0,463.2857142857133,0.0,53.7,96
2025-07-01,diclofenaco,78.0,385.2857142857133,0.0,43.0,80
2025-07-02,diclofenaco,70.0,315.2857142857133,0.0,39.3,76
2025-07-03,diclofenaco,42.0,273.2857142857133,0.0,42.9,70
2025-07-04,diclofenaco,63.0,1312.7857142857133,1102.5,35.7,88
2025-07-05,diclofenaco,71.0,1241.7857142857133,0.0,43.0,107
2025-07-06,diclofenaco,82.0,1159.7857142857133,0.0,51.1,98
2025-07-07,diclofenaco,70.0,1089.7857142857133,0.0,54.1,115
2025-07-08,diclofenaco,66.0,1023.7857142857133,0.0,42.6,80
2025-07-09,diclofenaco,56.0,967.7857142857133,0.0,32.4,69
2025-07-10,diclofenaco,53.0,914.7857142857133,0.0,36.9,67
2025-07-11,diclofenaco,73.0,841.7857142857133,0.0,45.4,68
2025-07-12,diclofenaco,59.0,782.7857142857133,0.0,43.8,77
2025-07-13,diclofenaco,85.0,697.7857142857133,0.0,54.2,114
2025-07-14,diclofenaco,67.0,630.7857142857133,0.0,39.8,80
2025-07-15,diclofenaco,61.0,569.7857142857133,0.0,38.3,75
2025-07-16,diclofenaco,57.0,512.7857142857133,0.0,36.2,89
2025-07-17,diclofenaco,46.0,466.7857142857133,0.0,36.3,62
2025-07-18,diclofenaco,44.0,422.7857142857133,0.0,48.8,91
2025-07-19,diclofenaco,75.0,347.7857142857133,0.0,51.7,127
2025-07-20,diclofenaco,102.0,245.7857142857133,0.0,47.7,105
2025-07-21,diclofenaco,58.0,187.7857142857133,0.0,38.7,85
2025-07-22,diclofenaco,61.0,126.78571428571331,0.0,38.8,83
2025-07-23,diclofenaco,54.0,1042.4285714285704,969.6428571428571,46.0,92
2025-07-24,diclofenaco,79.0,963.4285714285704,0.0,20.7,44
2025-07-25,diclofenaco,77.0,886.4285714285704,0.0,39.1,66
2025-07-26,diclofenaco,80.0,806.4285714285704,0.0,59.3,122
2025-07-27,diclofenaco,75.0,731.4285714285704,0.0,48.3,102
2025-07-28,diclofenaco,75.0,656.4285714285704,0.0,40.8,106
2025-07-29,diclofenaco,75.0,581.4285714285704,0.0,31.7,63
2025-07-30,diclofenaco,62.0,519.4285714285704,0.0,50.0,90
2025-07-31,diclofenaco,83.0,436.4285714285704,0.0,31.5,83
2025-08-01,diclofenaco,63.0,373.4285714285704,0.0,31.1,54
2025-08-02,diclofenaco,73.0,300.4285714285704,0.0,49.8,117
2025-08-03,diclofenaco,57.0,243.42857142857042,0.0,37.8,60
2025-08-04,diclofenaco,72.0,171.42857142857042,0.0,41.7,88
2025-08-05,diclofenaco,73.0,98.42857142857042,0.0,57.6,121
2025-08-06,diclofenaco,75.0,1055.2142857142849,1031.7857142857144,37.6,62
2025-08-07,diclofenaco,62.0,993.2142857142849,0.0,52.8,91
2025-08-08,diclofenaco,59.0,934.2142857142849,0.0,39.4,76
2025-08-09,diclofenaco,70.0,864.2142857142849,0.0,43.8,82
2025-08-10,diclofenaco,58.0,806.2142857142849,0.0,42.3,99
2025-08-11,diclofenaco,93.0,713.2142857142849,0.0,52.3,97
2025-08-12,diclofenaco,64.0,649.2142857142849,0.0,44.1,96
2025-08-13,diclofenaco,49.0,600.2142857142849,0.0,27.8,47
2025-08-14,diclofenaco,70.0,530.2142857142849,0.0,49.9,104
2025-08-15,diclofenaco,65.0,465.21428571428487,0.0,44.4,106
2025-08-16,diclofenaco,80.0,385.21428571428487,0.0,52.3,108
2025-08-17,diclofenaco,71.0,314.21428571428487,0.0,51.8,98
2025-08-18,diclofenaco,63.0,251.21428571428487,0.0,55.7,117
2025-08-19,diclofenaco,39.0,212.21428571428487,0.0,30.3,66
2025-08-20,diclofenaco,59.0,1158.2142857142849,1005.0,47.7,99
2025-08-21,diclofenaco,70.0,1088.2142857142849,0.0,52.6,103
2025-08-22,diclofenaco,65.0,1023.2142857142849,0.0,28.5,64
2025-08-23,diclofenaco,73.0,950.2142857142849,0.0,54.8,130
2025-08-24,diclofenaco,62.0,888.2142857142849,0.0,46.5,84
2025-08-25,diclofenaco,84.0,804.2142857142849,0.0,52.5,108
2025-08-26,diclofenaco,65.0,739.2142857142849,0.0,39.4,69
2025-08-27,diclofenaco,64.0,675.2142857142849,0.0,42.4,61
2025-08-28,diclofenaco,60.0,615.2142857142849,0.0,40.0,70
2025-08-29,diclofenaco,79.0,536.2142857142849,0.0,49.5,95
2025-08-30,diclofenaco,76.0,460.21428571428487,0.0,64.0,113
2025-08-31,diclofenaco,54.0,406.21428571428487,0.0,43.9,89
2025-09-01,diclofenaco,64.0,342.21428571428487,0.0,52.4,120
2025-09-02,diclofenaco,50.0,292.21428571428487,0.0,40.5,72
2025-09-03,diclofenaco,49.0,243.21428571428487,0.0,41.2,74
2025-09-04,diclofenaco,59.0,184.21428571428487,0.0,36.0,70
2025-09-05,diclofenaco,58.0,126.21428571428487,0.0,42.4,94
2025-09-06,diclofenaco,96.0,1026.6428571428564,996.4285714285714,58.5,102
2025-09-07,diclofenaco,83.0,943.6428571428564,0.0,68.8,154
2025-09-08,diclofenaco,78.0,865.6428571428564,0.0,47.1,104
2025-09-09,diclofenaco,73.0,792.6428571428564,0.0,43.9,76
2025-09-10,diclofenaco,65.0,727.6428571428564,0.0,38.4,72
2025-09-11,diclofenaco,43.0,684.6428571428564,0.0,44.1,90
2025-09-12,diclofenaco,76.0,608.6428571428564,0.0,41.0,72
2025-09-13,diclofenaco,79.0,529.6428571428564,0.0,41.7,95
2025-09-14,diclofenaco,82.0,447.6428571428564,0.0,53.5,110
2025-09-15,diclofenaco,62.0,385.6428571428564,0.0,44.3,66
2025-09-16,diclofenaco,48.0,337.6428571428564,0.0,39.6,69
2025-09-17,diclofenaco,64.0,273.6428571428564,0.0,33.8,62
2025-09-18,diclofenaco,57.0,216.64285714285643,0.0,38.9,78
2025-09-19,diclofenaco,51.0,165.64285714285643,0.0,38.9,77
2025-09-20,diclofenaco,64.0,1094.8571428571422,993.2142857142857,47.2,99
2025-09-21,diclofenaco,82.0,1012.8571428571422,0.0,42.2,86
2025-09-22,diclofenaco,54.0,958.8571428571422,0.0,53.0,102
2025-09-23,diclofenaco,79.0,879.8571428571422,0.0,42.4,102
2025-09-24,diclofenaco,61.0,818.8571428571422,0.0,46.4,84
2025-09-25,diclofenaco,78.0,740.8571428571422,0.0,32.7,59
2025-09-26,diclofenaco,75.0,665.8571428571422,0.0,45.5,87
2025-09-27,diclofenaco,70.0,595.8571428571422,0.0,45.5,104
2025-09-28,diclofenaco,70.0,525.8571428571422,0.0,56.4,107
2025-09-29,diclofenaco,51.0,474.8571428571422,0.0,39.6,60
2025-09-30,diclofenaco,72.0,402.8571428571422,0.0,48.9,90
2025-10-01,diclofenaco,39.0,363.8571428571422,0.0,41.8,98
2025-10-02,diclofenaco,78.0,285.8571428571422,0.0,40.0,66
2025-10-03,diclofenaco,65.0,220.8571428571422,0.0,49.5,98
2025-10-04,diclofenaco,62.0,158.8571428571422,0.0,60.7,153
2025-10-05,diclofenaco,66.0,92.85714285714221,0.0,49.2,102
2025-10-06,diclofenaco,55.0,1006.4285714285706,968.5714285714286,42.3,78
2025-10-07,diclofenaco,76.0,930.4285714285706,0.0,40.0,69
2025-10-08,diclofenaco,85.0,845.4285714285706,0.0,52.4,109
2025-10-09,diclofenaco,55.0,790.4285714285706,0.0,38.6,68
2025-10-10,diclofenaco,60.0,730.4285714285706,0.0,35.6,46
2025-10-11,diclofenaco,55.0,675.4285714285706,0.0,60.5,120
2025-10-12,diclofenaco,64.0,611.4285714285706,0.0,68.6,190
2025-10-13,diclofenaco,75.0,536.4285714285706,0.0,48.0,102
2025-10-14,diclofenaco,61.0,475.42857142857065,0.0,55.3,121
2025-10-15,diclofenaco,75.0,400.42857142857065,0.0,26.5,57
2025-10-16,diclofenaco,60.0,340.42857142857065,0.0,51.4,107
2025-10-17,diclofenaco,64.0,276.42857142857065,0.0,46.6,80
2025-10-18,diclofenaco,87.0,189.42857142857065,0.0,42.1,94
2025-10-19,diclofenaco,61.0,128.42857142857065,0.0,49.9,100
2025-10-20,diclofenaco,70.0,58.42857142857065,0.0,51.9,120
2025-10-21,diclofenaco,52.0,966.4285714285706,960.0,36.8,74
2025-10-22,diclofenaco,81.0,885.4285714285706,0.0,39.8,58
2025-10-23,diclofenaco,59.0,826.4285714285706,0.0,38.0,76
2025-10-24,diclofenaco,65.0,761.4285714285706,0.0,42.7,78
2025-10-25,diclofenaco,77.0,684.4285714285706,0.0,49.5,124
2025-10-26,diclofenaco,85.0,599.4285714285706,0.0,60.6,113
2025-10-27,diclofenaco,66.0,533.4285714285706,0.0,42.3,75
2025-10-28,diclofenaco,63.0,470.42857142857065,0.0,29.0,46
2025-10-29,diclofenaco,65.0,405.42857142857065,0.0,45.6,85
2025-10-30,diclofenaco,54.0,351.42857142857065,0.0,29.3,61
2025-10-31,diclofenaco,83.0,268.42857142857065,0.0,41.8,67
2025-11-01,diclofenaco,44.0,224.42857142857065,0.0,50.8,110
2025-11-02,diclofenaco,58.0,166.42857142857065,0.0,61.1,138
2025-11-03,diclofenaco,69.0,1129.214285714285,1031.7857142857144,32.3,59
2025-11-04,diclofenaco,65.0,1064.214285714285,0.0,33.7,64
2025-11-05,diclofenaco,63.0,1001.2142857142851,0.0,47.2,88
2025-11-06,diclofenaco,67.0,934.2142857142851,0.0,40.5,74
2025-11-07,diclofenaco,83.0,851.2142857142851,0.0,56.8,116
2025-11-08,diclofenaco,76.0,775.2142857142851,0.0,51.4,108
2025-11-09,diclofenaco,101.0,674.2142857142851,0.0,58.3,122
2025-11-10,diclofenaco,73.0,601.2142857142851,0.0,36.4,70
2025-11-11,diclofenaco,59.0,542.2142857142851,0.0,54.0,90
2025-11-12,diclofenaco,75.0,467.2142857142851,0.0,31.8,70
2025-11-13,diclofenaco,51.0,416.2142857142851,0.0,59.2,116
2025-11-14,diclofenaco,65.0,351.2142857142851,0.0,41.5,64
2025-11-15,diclofenaco,88.0,263.2142857142851,0.0,58.1,137
2025-11-16,diclofenaco,66.0,197.2142857142851,0.0,53.3,88
2025-11-17,diclofenaco,85.0,112.2142857142851,0.0,56.1,110
2025-11-18,diclofenaco,52.0,1088.7857142857135,1028.5714285714284,40.2,65
2025-11-19,diclofenaco,71.0,1017.7857142857135,0.0,37.2,67
2025-11-20,diclofenaco,82.0,935.7857142857135,0.0,48.8,103
2025-11-21,diclofenaco,60.0,875.7857142857135,0.0,42.5,85
2025-11-22,diclofenaco,79.0,796.7857142857135,0.0,49.8,99
2025-11-23,diclofenaco,82.0,714.7857142857135,0.0,54.9,102
2025-11-24,diclofenaco,56.0,658.7857142857135,0.0,37.1,65
2025-11-25,diclofenaco,66.0,592.7857142857135,0.0,26.7,48
2025-11-26,diclofenaco,72.0,520.7857142857135,0.0,39.6,65
2025-11-27,diclofenaco,63.0,457.78571428571354,0.0,35.5,52
2025-11-28,diclofenaco,85.0,372.78571428571354,0.0,26.7,30
2025-11-29,diclofenaco,64.0,308.78571428571354,0.0,47.7,89
2025-11-30,diclofenaco,89.0,219.78571428571354,0.0,53.8,118
2025-12-01,diclofenaco,66.0,153.78571428571354,0.0,44.5,99
2025-12-02,diclofenaco,62.0,91.78571428571354,0.0,33.9,68
2025-12-03,diclofenaco,69.0,1067.4285714285706,1044.642857142857,28.7,62
2025-12-04,diclofenaco,85.0,982.4285714285706,0.0,48.8,98
2025-12-05,diclofenaco,88.0,894.4285714285706,0.0,47.6,98
2025-12-06,diclofenaco,79.0,815.4285714285706,0.0,38.4,76
2025-12-07,diclofenaco,88.0,727.4285714285706,0.0,36.8,100
2025-12-08,diclofenaco,78.0,649.4285714285706,0.0,46.1,107
2025-12-09,diclofenaco,69.0,580.4285714285706,0.0,41.2,66
2025-12-10,diclofenaco,52.0,528.4285714285706,0.0,43.8,94
2025-12-11,diclofenaco,64.0,464.42857142857065,0.0,43.4,81
2025-12-12,diclofenaco,53.0,411.42857142857065,0.0,32.5,70
2025-12-13,diclofenaco,73.0,338.42857142857065,0.0,47.3,80
2025-12-14,diclofenaco,79.0,259.42857142857065,0.0,44.2,89
2025-12-15,diclofenaco,60.0,199.42857142857065,0.0,34.0,55
2025-12-16,diclofenaco,57.0,1274.9285714285706,1132.5,41.8,54
2025-12-17,diclofenaco,60.0,1214.9285714285706,0.0,38.9,55
2025-12-18,diclofenaco,75.0,1139.9285714285706,0.0,36.9,70
2025-12-19,diclofenaco,57.0,1082.9285714285706,0.0,37.1,74
2025-12-20,diclofenaco,46.0,1036.9285714285706,0.0,43.4,89
2025-12-21,diclofenaco,63.0,973.9285714285706,0.0,48.9,95
2025-12-22,diclofenaco,84.0,889.9285714285706,0.0,49.2,103
2025-12-23,diclofenaco,46.0,843.9285714285706,0.0,29.2,49
2025-12-24,diclofenaco,54.0,789.9285714285706,0.0,38.0,53
2025-12-25,diclofenaco,73.0,716.9285714285706,0.0,53.7,116
2025-12-26,diclofenaco,66.0,650.9285714285706,0.0,52.2,84
2025-12-27,diclofenaco,64.0,586.9285714285706,0.0,40.9,77
2025-12-28,diclofenaco,67.0,519.9285714285706,0.0,62.0,118
2025-12-29,diclofenaco,55.0,464.92857142857065,0.0,38.5,67
2025-12-30,diclofenaco,56.0,408.92857142857065,0.0,36.0,53
2025-12-31,diclofenaco,60.0,348.92857142857065,0.0,36.6,74
2024-01-01,tramadol,26.0,442.0,0.0,52.7,111
2024-01-02,tramadol,11.0,431.0,0.0,33.6,51
2024-01-03,tramadol,18.0,413.0,0.0,34.2,61
2024-01-04,tramadol,22.0,391.0,0.0,32.6,51
2024-01-05,tramadol,18.0,373.0,0.0,24.7,30
2024-01-06,tramadol,20.0,353.0,0.0,41.6,71
2024-01-07,tramadol,22.0,331.0,0.0,51.5,99
2024-01-08,tramadol,23.0,308.0,0.0,29.9,65
2024-01-09,tramadol,19.0,289.0,0.0,20.0,44
2024-01-10,tramadol,21.0,268.0,0.0,37.5,57
2024-01-11,tramadol,16.0,252.0,0.0,49.8,90
2024-01-12,tramadol,19.0,233.0,0.0,37.9,81
2024-01-13,tramadol,19.0,214.0,0.0,34.2,80
2024-01-14,tramadol,26.0,188.0,0.0,43.7,85
2024-01-15,tramadol,17.0,171.0,0.0,38.7,61
2024-01-16,tramadol,18.0,153.0,0.0,33.7,37
2024-01-17,tramadol,18.0,135.0,0.0,32.8,49
2024-01-18,tramadol,20.0,115.0,0.0,28.6,47
2024-01-19,tramadol,19.0,96.0,0.0,26.8,48
2024-01-20,tramadol,28.0,68.0,0.0,39.9,75
2024-01-21,tramadol,14.0,54.0,0.0,40.7,81
2024-01-22,tramadol,23.0,31.0,0.0,22.5,37
2024-01-23,tramadol,19.0,363.69230769230774,351.69230769230774,38.6,48
2024-01-24,tramadol,18.0,345.69230769230774,0.0,36.8,46
2024-01-25,tramadol,27.0,318.69230769230774,0.0,33.2,43
2024-01-26,tramadol,16.0,302.69230769230774,0.0,26.7,48
2024-01-27,tramadol,32.0,270.69230769230774,0.0,47.1,86
2024-01-28,tramadol,26.0,244.69230769230774,0.0,40.6,70
2024-01-29,tramadol,16.0,228.69230769230774,0.0,51.4,103
2024-01-30,tramadol,18.0,210.69230769230774,0.0,35.7,49
2024-01-31,tramadol,29.0,181.69230769230774,0.0,46.2,86
2024-02-01,tramadol,18.0,163.69230769230774,0.0,34.4,51
2024-02-02,tramadol,14.0,149.69230769230774,0.0,29.8,39
2024-02-03,tramadol,27.0,122.69230769230774,0.0,40.2,72
2024-02-04,tramadol,21.0,101.69230769230774,0.0,31.0,70
2024-02-05,tramadol,23.0,78.69230769230774,0.0,39.8,74
2024-02-06,tramadol,17.0,61.692307692307736,0.0,29.2,51
2024-02-07,tramadol,18.0,421.69230769230774,378.0,34.0,73
2024-02-08,tramadol,15.0,406.69230769230774,0.0,42.0,62
2024-02-09,tramadol,28.0,378.69230769230774,0.0,51.3,88
2024-02-10,tramadol,23.0,355.69230769230774,0.0,53.0,97
2024-02-11,tramadol,25.0,330.69230769230774,0.0,59.8,129
2024-02-12,tramadol,22.0,308.69230769230774,0.0,55.4,104
2024-02-13,tramadol,23.0,285.69230769230774,0.0,46.5,94
2024-02-14,tramadol,16.0,269.69230769230774,0.0,40.7,75
2024-02-15,tramadol,16.0,253.69230769230774,0.0,42.8,96
2024-02-16,tramadol,17.0,236.69230769230774,0.0,55.8,116
2024-02-17,tramadol,28.0,208.69230769230774,0.0,58.6,128
2024-02-18,tramadol,21.0,187.69230769230774,0.0,72.4,183
2024-02-19,tramadol,26.0,161.69230769230774,0.0,61.3,137
2024-02-20,tramadol,19.0,142.69230769230774,0.0,55.3,120
2024-02-21,tramadol,18.0,124.69230769230774,0.0,73.6,151
2024-02-22,tramadol,15.0,109.69230769230774,0.0,49.7,93
2024-02-23,tramadol,25.0,84.69230769230774,0.0,56.0,121
2024-02-24,tramadol,13.0,71.69230769230774,0.0,60.4,131
2024-02-25,tramadol,18.0,429.1208791208792,375.42857142857144,65.6,148
2024-02-26,tramadol,19.0,410.1208791208792,0.0,61.8,140
2024-02-27,tramadol,17.0,393.1208791208792,0.0,56.9,136
2024-02-28,tramadol,17.0,376.1208791208792,0.0,54.6,119
2024-02-29,tramadol,17.0,359.1208791208792,0.0,63.8,152
2024-03-01,tramadol,19.0,340.1208791208792,0.0,50.9,121
2024-03-02,tramadol,18.0,322.1208791208792,0.0,63.2,136
2024-03-03,tramadol,20.0,302.1208791208792,0.0,64.2,140
2024-03-04,tramadol,14.0,288.1208791208792,0.0,60.3,154
2024-03-05,tramadol,20.0,268.1208791208792,0.0,58.6,130
2024-03-06,tramadol,12.0,256.1208791208792,0.0,59.9,121
2024-03-07,tramadol,17.0,239.12087912087918,0.0,56.7,111
2024-03-08,tramadol,18.0,221.12087912087918,0.0,60.7,123
2024-03-09,tramadol,17.0,204.12087912087918,0.0,83.7,200
2024-03-10,tramadol,30.0,174.12087912087918,0.0,70.4,172
2024-03-11,tramadol,30.0,144.12087912087918,0.0,58.3,140
2024-03-12,tramadol,24.0,120.12087912087918,0.0,54.9,114
2024-03-13,tramadol,12.0,108.12087912087918,0.0,53.3,109
2024-03-14,tramadol,27.0,81.12087912087918,0.0,70.9,149
2024-03-15,tramadol,12.0,69.12087912087918,0.0,69.1,146
2024-03-16,tramadol,20.0,49.12087912087918,0.0,61.7,139
2024-03-17,tramadol,29.0,20.12087912087918,0.0,58.3,142
2024-03-18,tramadol,20.0,0.12087912087918085,0.0,62.4,143
2024-03-19,tramadol,15.0,312.97802197802207,327.8571428571429,50.9,104
2024-03-20,tramadol,18.0,294.97802197802207,0.0,57.9,129
2024-03-21,tramadol,27.0,267.97802197802207,0.0,66.6,158
2024-03-22,tramadol,27.0,240.97802197802207,0.0,52.1,107
2024-03-23,tramadol,26.0,214.97802197802207,0.0,62.0,144
2024-03-24,tramadol,22.0,192.97802197802207,0.0,57.6,133
2024-03-25,tramadol,28.0,164.97802197802207,0.0,49.5,99
2024-03-26,tramadol,24.0,140.97802197802207,0.0,50.1,109
2024-03-27,tramadol,25.0,115.97802197802207,0.0,59.4,128
2024-03-28,tramadol,25.0,90.97802197802207,0.0,47.6,94
2024-03-29,tramadol,20.0,70.97802197802207,0.0,62.6,153
2024-03-30,tramadol,24.0,442.97802197802207,396.0,66.3,156
2024-03-31,tramadol,20.0,422.97802197802207,0.0,77.8,167
2024-04-01,tramadol,15.0,407.97802197802207,0.0,53.0,126
2024-04-02,tramadol,16.0,391.97802197802207,0.0,32.8,79
2024-04-03,tramadol,8.0,383.97802197802207,0.0,53.0,134
2024-04-04,tramadol,17.0,366.97802197802207,0.0,51.5,108
2024-04-05,tramadol,22.0,344.97802197802207,0.0,47.7,97
2024-04-06,tramadol,32.0,312.97802197802207,0.0,59.3,132
2024-04-07,tramadol,22.0,290.97802197802207,0.0,48.9,87
2024-04-08,tramadol,18.0,272.97802197802207,0.0,51.9,140
2024-04-09,tramadol,22.0,250.97802197802207,0.0,51.6,104
2024-04-10,tramadol,28.0,222.97802197802207,0.0,67.4,136
2024-04-11,tramadol,30.0,192.97802197802207,0.0,56.3,135
2024-04-12,tramadol,19.0,173.97802197802207,0.0,53.0,117
2024-04-13,tramadol,30.0,143.97802197802207,0.0,62.0,147
2024-04-14,tramadol,31.0,112.97802197802207,0.0,47.8,108
2024-04-15,tramadol,13.0,99.97802197802207,0.0,47.3,100
2024-04-16,tramadol,22.0,77.97802197802207,0.0,56.7,107
2024-04-17,tramadol,17.0,60.97802197802207,0.0,45.4,70
2024-04-18,tramadol,26.0,406.5494505494506,371.57142857142856,48.6,104
2024-04-19,tramadol,21.0,385.5494505494506,0.0,58.0,105
2024-04-20,tramadol,12.0,373.5494505494506,0.0,56.8,123
2024-04-21,tramadol,31.0,342.5494505494506,0.0,86.4,188
2024-04-22,tramadol,28.0,314.5494505494506,0.0,38.8,73
2024-04-23,tramadol,23.0,291.5494505494506,0.0,37.6,67
2024-04-24,tramadol,24.0,267.5494505494506,0.0,42.4,78
2024-04-25,tramadol,18.0,249.54945054945063,0.0,53.3,77
2024-04-26,tramadol,23.0,226.54945054945063,0.0,43.6,76
2024-04-27,tramadol,29.0,197.54945054945063,0.0,52.4,119
2024-04-28,tramadol,29.0,168.54945054945063,0.0,60.2,122
2024-04-29,tramadol,24.0,144.54945054945063,0.0,56.9,128
2024-04-30,tramadol,24.0,120.54945054945063,0.0,35.1,67
2024-05-01,tramadol,22.0,98.54945054945063,0.0,60.6,124
2024-05-02,tramadol,18.0,80.54945054945063,0.0,45.2,90
2024-05-03,tramadol,17.0,63.549450549450626,0.0,50.4,102
2024-05-04,tramadol,24.0,449.69230769230774,410.1428571428571,60.9,135
2024-05-05,tramadol,21.0,428.69230769230774,0.0,50.3,101
2024-05-06,tramadol,24.0,404.69230769230774,0.0,60.1,128
2024-05-07,tramadol,15.0,389.69230769230774,0.0,27.2,61
2024-05-08,tramadol,22.0,367.69230769230774,0.0,44.3,80
2024-05-09,tramadol,16.0,351.69230769230774,0.0,34.2,70
2024-05-10,tramadol,30.0,321.69230769230774,0.0,39.3,90
2024-05-11,tramadol,28.0,293.69230769230774,0.0,50.8,107
2024-05-12,tramadol,26.0,267.69230769230774,0.0,56.3,121
2024-05-13,tramadol,28.0,239.69230769230774,0.0,49.7,111
2024-05-14,tramadol,17.0,222.69230769230774,0.0,45.3,81
2024-05-15,tramadol,22.0,200.69230769230774,0.0,29.2,60
2024-05-16,tramadol,24.0,176.69230769230774,0.0,50.1,109
2024-05-17,tramadol,16.0,160.69230769230774,0.0,53.3,120
2024-05-18,tramadol,29.0,131.69230769230774,0.0,63.1,142
2024-05-19,tramadol,22.0,109.69230769230774,0.0,65.8,146
2024-05-20,tramadol,29.0,80.69230769230774,0.0,44.2,99
2024-05-21,tramadol,15.0,470.69230769230774,405.0,36.8,58
2024-05-22,tramadol,28.0,442.69230769230774,0.0,39.4,73
2024-05-23,tramadol,20.0,422.69230769230774,0.0,41.4,101
2024-05-24,tramadol,17.0,405.69230769230774,0.0,31.3,73
2024-05-25,tramadol,33.0,372.69230769230774,0.0,47.8,98
2024-05-26,tramadol,22.0,350.69230769230774,0.0,49.1,104
2024-05-27,tramadol,25.0,325.69230769230774,0.0,43.6,87
2024-05-28,tramadol,30.0,295.69230769230774,0.0,50.6,106
2024-05-29,tramadol,32.0,263.69230769230774,0.0,36.2,62
2024-05-30,tramadol,25.0,238.69230769230774,0.0,40.1,65
2024-05-31,tramadol,14.0,224.69230769230774,0.0,31.2,63
2024-06-01,tramadol,24.0,200.69230769230774,0.0,36.2,78
2024-06-02,tramadol,19.0,181.69230769230774,0.0,43.2,97
2024-06-03,tramadol,26.0,155.69230769230774,0.0,44.8,86
2024-06-04,tramadol,17.0,138.69230769230774,0.0,67.9,141
2024-06-05,tramadol,25.0,113.69230769230774,0.0,39.9,80
2024-06-06,tramadol,12.0,101.69230769230774,0.0,34.0,87
2024-06-07,tramadol,25.0,516.4065934065934,439.71428571428567,28.1,61
2024-06-08,tramadol,17.0,499.4065934065934,0.0,51.9,119
2024-06-09,tramadol,21.0,478.4065934065934,0.0,45.0,96
2024-06-10,tramadol,19.0,459.4065934065934,0.0,41.0,83
2024-06-11,tramadol,30.0,429.4065934065934,0.0,47.7,97
2024-06-12,tramadol,25.0,404.4065934065934,0.0,39.6,78
2024-06-13,tramadol,15.0,389.4065934065934,0.0,55.2,107
2024-06-14,tramadol,11.0,378.4065934065934,0.0,41.7,88
2024-06-15,tramadol,20.0,358.4065934065934,0.0,55.3,129
2024-06-16,tramadol,15.0,343.4065934065934,0.0,53.3,108
2024-06-17,tramadol,18.0,325.4065934065934,0.0,36.1,82
2024-06-18,tramadol,26.0,299.4065934065934,0.0,39.3,69
2024-06-19,tramadol,20.0,279.4065934065934,0.0,40.6,76
2024-06-20,tramadol,17.0,262.4065934065934,0.0,43.4,87
2024-06-21,tramadol,17.0,245.4065934065934,0.0,40.6,59
2024-06-22,tramadol,28.0,217.4065934065934,0.0,50.7,113
2024-06-23,tramadol,19.0,198.4065934065934,0.0,53.3,90
2024-06-24,tramadol,17.0,181.4065934065934,0.0,41.0,81
2024-06-25,tramadol,30.0,151.4065934065934,0.0,49.4,117
2024-06-26,tramadol,24.0,127.4065934065934,0.0,38.4,70
2024-06-27,tramadol,20.0,107.4065934065934,0.0,35.2,74
2024-06-28,tramadol,24.0,83.4065934065934,0.0,35.8,72
2024-06-29,tramadol,12.0,71.4065934065934,0.0,63.1,137
2024-06-30,tramadol,38.0,33.4065934065934,0.0,54.3,110
2024-07-01,tramadol,18.0,377.97802197802196,362.57142857142856,45.8,99
2024-07-02,tramadol,23.0,354.97802197802196,0.0,57.4,114
2024-07-03,tramadol,14.0,340.97802197802196,0.0,56.7,110
2024-07-04,tramadol,25.0,315.97802197802196,0.0,49.8,87
2024-07-05,tramadol,20.0,295.97802197802196,0.0,50.4,99
2024-07-06,tramadol,23.0,272.97802197802196,0.0,56.8,108
2024-07-07,tramadol,16.0,256.97802197802196,0.0,32.7,76
2024-07-08,tramadol,22.0,234.97802197802196,0.0,49.8,107
2024-07-09,tramadol,31.0,203.97802197802196,0.0,49.0,111
2024-07-10,tramadol,15.0,188.97802197802196,0.0,44.9,88
2024-07-11,tramadol,26.0,162.97802197802196,0.0,43.2,91
2024-07-12,tramadol,21.0,141.97802197802196,0.0,47.9,100
2024-07-13,tramadol,25.0,116.97802197802196,0.0,51.6,87
2024-07-14,tramadol,27.0,89.97802197802196,0.0,52.8,114
2024-07-15,tramadol,25.0,64.97802197802196,0.0,48.5,95
2024-07-16,tramadol,29.0,35.97802197802196,0.0,42.1,84
2024-07-17,tramadol,22.0,411.2637362637363,397.28571428571433,39.8,74
2024-07-18,tramadol,21.0,390.2637362637363,0.0,39.5,74
2024-07-19,tramadol,26.0,364.2637362637363,0.0,39.9,70
2024-07-20,tramadol,20.0,344.2637362637363,0.0,74.3,160
2024-07-21,tramadol,30.0,314.2637362637363,0.0,51.7,90
2024-07-22,tramadol,29.0,285.2637362637363,0.0,41.4,76
2024-07-23,tramadol,22.0,263.2637362637363,0.0,35.9,57
2024-07-24,tramadol,23.0,240.2637362637363,0.0,34.2,72
2024-07-25,tramadol,26.0,214.2637362637363,0.0,37.7,70
2024-07-26,tramadol,25.0,189.2637362637363,0.0,35.6,52
2024-07-27,tramadol,18.0,171.2637362637363,0.0,51.4,98
2024-07-28,tramadol,19.0,152.2637362637363,0.0,50.5,103
2024-07-29,tramadol,15.0,137.2637362637363,0.0,58.4,118
2024-07-30,tramadol,19.0,118.26373626373629,0.0,32.0,47
2024-07-31,tramadol,16.0,102.26373626373629,0.0,44.3,74
2024-08-01,tramadol,21.0,81.26373626373629,0.0,36.8,63
2024-08-02,tramadol,18.0,497.83516483516485,434.57142857142856,36.0,68
2024-08-03,tramadol,27.0,470.83516483516485,0.0,58.0,123
2024-08-04,tramadol,23.0,447.83516483516485,0.0,44.6,122
2024-08-05,tramadol,28.0,419.83516483516485,0.0,70.8,159
2024-08-06,tramadol,15.0,404.83516483516485,0.0,27.7,82
2024-08-07,tramadol,15.0,389.83516483516485,0.0,43.8,106
2024-08-08,tramadol,24.0,365.83516483516485,0.0,46.5,89
2024-08-09,tramadol,18.0,347.83516483516485,0.0,57.1,119
2024-08-10,tramadol,21.0,326.83516483516485,0.0,42.2,95
2024-08-11,tramadol,13.0,313.83516483516485,0.0,44.0,95
2024-08-12,tramadol,20.0,293.83516483516485,0.0,53.0,97
2024-08-13,tramadol,14.0,279.83516483516485,0.0,45.6,97
2024-08-14,tramadol,17.0,262.83516483516485,0.0,62.1,113
2024-08-15,tramadol,17.0,245.83516483516485,0.0,41.6,80
2024-08-16,tramadol,18.0,227.83516483516485,0.0,41.5,75
2024-08-17,tramadol,22.0,205.83516483516485,0.0,60.0,114
2024-08-18,tramadol,31.0,174.83516483516485,0.0,42.1,80
2024-08-19,tramadol,20.0,154.83516483516485,0.0,44.6,100
2024-08-20,tramadol,28.0,126.83516483516485,0.0,42.2,83
2024-08-21,tramadol,8.0,118.83516483516485,0.0,48.1,99
2024-08-22,tramadol,26.0,92.83516483516485,0.0,27.7,56
2024-08-23,tramadol,12.0,80.83516483516485,0.0,35.7,66
2024-08-24,tramadol,22.0,58.835164835164846,0.0,42.1,90
2024-08-25,tramadol,16.0,42.835164835164846,0.0,43.9,76
2024-08-26,tramadol,10.0,373.5494505494505,340.71428571428567,45.9,92
2024-08-27,tramadol,11.0,362.5494505494505,0.0,47.1,99
2024-08-28,tramadol,18.0,344.5494505494505,0.0,38.4,72
2024-08-29,tramadol,22.0,322.5494505494505,0.0,43.5,83
2024-08-30,tramadol,31.0,291.5494505494505,0.0,35.7,56
2024-08-31,tramadol,19.0,272.5494505494505,0.0,36.5,77
2024-09-01,tramadol,28.0,244.5494505494505,0.0,58.8,141
2024-09-02,tramadol,16.0,228.5494505494505,0.0,42.2,69
2024-09-03,tramadol,26.0,202.5494505494505,0.0,36.1,69
2024-09-04,tramadol,23.0,179.5494505494505,0.0,41.9,97
2024-09-05,tramadol,19.0,160.5494505494505,0.0,52.8,107
2024-09-06,tramadol,31.0,129.5494505494505,0.0,39.2,68
2024-09-07,tramadol,29.0,100.54945054945051,0.0,58.9,147
2024-09-08,tramadol,20.0,80.54945054945051,0.0,55.8,118
2024-09-09,tramadol,31.0,49.54945054945051,0.0,59.9,124
2024-09-10,tramadol,25.0,24.549450549450512,0.0,43.4,81
2024-09-11,tramadol,25.0,0.0,0.0,42.4,75
2024-09-12,tramadol,21.0,0.0,0.0,39.8,91
2024-09-13,tramadol,21.0,319.71428571428567,340.71428571428567,45.7,88
2024-09-14,tramadol,32.0,287.71428571428567,0.0,46.7,98
2024-09-15,tramadol,24.0,263.71428571428567,0.0,45.6,97
2024-09-16,tramadol,21.0,242.71428571428567,0.0,45.4,81
2024-09-17,tramadol,36.0,206.71428571428567,0.0,45.8,75
2024-09-18,tramadol,24.0,182.71428571428567,0.0,42.1,61
2024-09-19,tramadol,17.0,165.71428571428567,0.0,46.8,80
2024-09-20,tramadol,16.0,149.71428571428567,0.0,29.6,47
2024-09-21,tramadol,24.0,125.71428571428567,0.0,47.6,93
2024-09-22,tramadol,17.0,108.71428571428567,0.0,49.2,93
2024-09-23,tramadol,28.0,521.7142857142857,441.0,48.0,97
2024-09-24,tramadol,17.0,504.71428571428567,0.0,38.3,69
2024-09-25,tramadol,21.0,483.71428571428567,0.0,35.1,52
2024-09-26,tramadol,14.0,469.71428571428567,0.0,35.4,63
2024-09-27,tramadol,28.0,441.71428571428567,0.0,32.7,63
2024-09-28,tramadol,26.0,415.71428571428567,0.0,43.1,89
2024-09-29,tramadol,19.0,396.71428571428567,0.0,45.2,83
2024-09-30,tramadol,26.0,370.71428571428567,0.0,47.9,98
2024-10-01,tramadol,20.0,350.71428571428567,0.0,38.1,66
2024-10-02,tramadol,24.0,326.71428571428567,0.0,40.1,68
2024-10-03,tramadol,18.0,308.71428571428567,0.0,35.5,67
2024-10-04,tramadol,18.0,290.71428571428567,0.0,34.1,50
2024-10-05,tramadol,19.0,271.71428571428567,0.0,47.7,93
2024-10-06,tramadol,27.0,244.71428571428567,0.0,49.3,116
2024-10-07,tramadol,20.0,224.71428571428567,0.0,46.0,76
2024-10-08,tramadol,20.0,204.71428571428567,0.0,32.2,59
2024-10-09,tramadol,17.0,187.71428571428567,0.0,34.3,78
2024-10-10,tramadol,21.0,166.71428571428567,0.0,38.1,82
2024-10-11,tramadol,30.0,136.71428571428567,0.0,36.8,78
2024-10-12,tramadol,25.0,111.71428571428567,0.0,59.3,130
2024-10-13,tramadol,34.0,77.71428571428567,0.0,43.3,88
2024-10-14,tramadol,16.0,61.714285714285666,0.0,44.1,91
2024-10-15,tramadol,17.0,44.714285714285666,0.0,40.9,71
2024-10-16,tramadol,26.0,400.57142857142856,381.8571428571429,41.5,76
2024-10-17,tramadol,14.0,386.57142857142856,0.0,40.4,73
2024-10-18,tramadol,14.0,372.57142857142856,0.0,35.9,59
2024-10-19,tramadol,28.0,344.57142857142856,0.0,57.0,117
2024-10-20,tramadol,24.0,320.57142857142856,0.0,24.8,56
2024-10-21,tramadol,17.0,303.57142857142856,0.0,37.7,73
2024-10-22,tramadol,27.0,276.57142857142856,0.0,31.5,76
2024-10-23,tramadol,25.0,251.57142857142856,0.0,39.6,74
2024-10-24,tramadol,22.0,229.57142857142856,0.0,36.7,66
2024-10-25,tramadol,27.0,202.57142857142856,0.0,42.6,71
2024-10-26,tramadol,17.0,185.57142857142856,0.0,49.5,89
2024-10-27,tramadol,21.0,164.57142857142856,0.0,56.8,121
2024-10-28,tramadol,30.0,134.57142857142856,0.0,36.4,71
2024-10-29,tramadol,25.0,109.57142857142856,0.0,43.2,79
2024-10-30,tramadol,20.0,89.57142857142856,0.0,29.0,50
2024-10-31,tramadol,28.0,61.571428571428555,0.0,44.7,89
2024-11-01,tramadol,16.0,455.71428571428567,410.1428571428571,38.2,59
2024-11-02,tramadol,28.0,427.71428571428567,0.0,57.9,133
2024-11-03,tramadol,17.0,410.71428571428567,0.0,54.6,108
2024-11-04,tramadol,22.0,388.71428571428567,0.0,45.3,83
2024-11-05,tramadol,13.0,375.71428571428567,0.0,37.8,80
2024-11-06,tramadol,21.0,354.71428571428567,0.0,37.4,57
2024-11-07,tramadol,20.0,334.71428571428567,0.0,41.9,73
2024-11-08,tramadol,19.0,315.71428571428567,0.0,41.6,79
2024-11-09,tramadol,20.0,295.71428571428567,0.0,42.4,91
2024-11-10,tramadol,23.0,272.71428571428567,0.0,46.9,105
2024-11-11,tramadol,31.0,241.71428571428567,0.0,42.6,89
2024-11-12,tramadol,27.0,214.71428571428567,0.0,46.2,87
2024-11-13,tramadol,20.0,194.71428571428567,0.0,24.1,41
2024-11-14,tramadol,19.0,175.71428571428567,0.0,40.9,73
2024-11-15,tramadol,19.0,156.71428571428567,0.0,39.8,89
2024-11-16,tramadol,27.0,129.71428571428567,0.0,48.1,101
2024-11-17,tramadol,26.0,103.71428571428567,0.0,53.9,114
2024-11-18,tramadol,18.0,85.71428571428567,0.0,61.2,108
2024-11-19,tramadol,12.0,73.71428571428567,0.0,28.0,57
2024-11-20,tramadol,25.0,440.8571428571428,392.1428571428571,61.8,121
2024-11-21,tramadol,18.0,422.8571428571428,0.0,42.9,82
2024-11-22,tramadol,17.0,405.8571428571428,0.0,29.6,41
2024-11-23,tramadol,24.0,381.8571428571428,0.0,54.0,114
2024-11-24,tramadol,15.0,366.8571428571428,0.0,40.6,72
2024-11-25,tramadol,22.0,344.8571428571428,0.0,34.7,62
2024-11-26,tramadol,17.0,327.8571428571428,0.0,45.0,73
2024-11-27,tramadol,25.0,302.8571428571428,0.0,39.1,78
2024-11-28,tramadol,18.0,284.8571428571428,0.0,38.8,59
2024-11-29,tramadol,19.0,265.8571428571428,0.0,29.9,54
2024-11-30,tramadol,27.0,238.85714285714278,0.0,42.0,82
2024-12-01,tramadol,38.0,200.85714285714278,0.0,38.7,84
2024-12-02,tramadol,16.0,184.85714285714278,0.0,36.1,59
2024-12-03,tramadol,22.0,162.85714285714278,0.0,50.9,90
2024-12-04,tramadol,17.0,145.85714285714278,0.0,43.0,85
2024-12-05,tramadol,29.0,116.85714285714278,0.0,37.3,70
2024-12-06,tramadol,13.0,103.85714285714278,0.0,28.7,56
2024-12-07,tramadol,20.0,83.85714285714278,0.0,45.2,93
2024-12-08,tramadol,34.0,49.857142857142776,0.0,48.2,117
2024-12-09,tramadol,35.0,14.857142857142776,0.0,42.8,94
2024-12-10,tramadol,25.0,369.1428571428571,379.28571428571433,51.6,106
2024-12-11,tramadol,20.0,349.1428571428571,0.0,30.1,32
2024-12-12,tramadol,21.0,328.1428571428571,0.0,40.9,46
2024-12-13,tramadol,21.0,307.1428571428571,0.0,39.6,81
2024-12-14,tramadol,28.0,279.1428571428571,0.0,42.8,67
2024-12-15,tramadol,20.0,259.1428571428571,0.0,52.7,109
2024-12-16,tramadol,30.0,229.1428571428571,0.0,40.6,79
2024-12-17,tramadol,21.0,208.1428571428571,0.0,38.8,67
2024-12-18,tramadol,17.0,191.1428571428571,0.0,36.2,64
2024-12-19,tramadol,20.0,171.1428571428571,0.0,35.7,62
2024-12-20,tramadol,17.0,154.1428571428571,0.0,34.4,64
2024-12-21,tramadol,35.0,119.14285714285711,0.0,43.7,102
2024-12-22,tramadol,13.0,106.14285714285711,0.0,42.4,100
2024-12-23,tramadol,42.0,64.14285714285711,0.0,45.3,83
2024-12-24,tramadol,19.0,475.8571428571428,430.71428571428567,35.2,65
2024-12-25,tramadol,20.0,455.8571428571428,0.0,38.5,78
2024-12-26,tramadol,19.0,436.8571428571428,0.0,32.9,55
2024-12-27,tramadol,20.0,416.8571428571428,0.0,45.1,81
2024-12-28,tramadol,23.0,393.8571428571428,0.0,53.9,113
2024-12-29,tramadol,19.0,374.8571428571428,0.0,38.3,78
2024-12-30,tramadol,17.0,357.8571428571428,0.0,51.0,93
2024-12-31,tramadol,17.0,340.8571428571428,0.0,43.7,68
2025-01-01,tramadol,23.0,317.8571428571428,0.0,50.9,101
2025-01-02,tramadol,16.0,301.8571428571428,0.0,43.7,75
2025-01-03,tramadol,32.0,269.8571428571428,0.0,45.2,76
2025-01-04,tramadol,25.0,244.85714285714278,0.0,50.7,93
2025-01-05,tramadol,13.0,231.85714285714278,0.0,49.6,96
2025-01-06,tramadol,24.0,207.85714285714278,0.0,49.6,96
2025-01-07,tramadol,25.0,182.85714285714278,0.0,44.7,83
2025-01-08,tramadol,25.0,157.85714285714278,0.0,36.2,77
2025-01-09,tramadol,26.0,131.85714285714278,0.0,41.2,71
2025-01-10,tramadol,23.0,108.85714285714278,0.0,46.3,109
2025-01-11,tramadol,23.0,85.85714285714278,0.0,40.9,87
2025-01-12,tramadol,14.0,71.85714285714278,0.0,41.6,65
2025-01-13,tramadol,20.0,51.857142857142776,0.0,60.7,125
2025-01-14,tramadol,21.0,30.857142857142776,0.0,39.8,58
2025-01-15,tramadol,20.0,402.9999999999999,392.1428571428571,29.7,49
2025-01-16,tramadol,15.0,387.9999999999999,0.0,34.9,74
2025-01-17,tramadol,28.0,359.9999999999999,0.0,31.9,55
2025-01-18,tramadol,29.0,330.9999999999999,0.0,39.9,74
2025-01-19,tramadol,30.0,300.9999999999999,0.0,33.2,55
2025-01-20,tramadol,19.0,281.9999999999999,0.0,50.0,91
2025-01-21,tramadol,16.0,265.9999999999999,0.0,34.5,64
2025-01-22,tramadol,22.0,243.9999999999999,0.0,43.3,81
2025-01-23,tramadol,17.0,226.9999999999999,0.0,37.3,79
2025-01-24,tramadol,24.0,202.9999999999999,0.0,34.6,55
2025-01-25,tramadol,21.0,181.9999999999999,0.0,43.4,85
2025-01-26,tramadol,15.0,166.9999999999999,0.0,43.8,95
2025-01-27,tramadol,23.0,143.9999999999999,0.0,37.5,71
2025-01-28,tramadol,16.0,127.99999999999989,0.0,40.2,78
2025-01-29,tramadol,23.0,104.99999999999989,0.0,41.9,84
2025-01-30,tramadol,18.0,86.99999999999989,0.0,36.4,45
2025-01-31,tramadol,22.0,64.99999999999989,0.0,40.5,78
2025-02-01,tramadol,16.0,48.999999999999886,0.0,43.4,88
2025-02-02,tramadol,21.0,409.8571428571428,381.8571428571429,40.5,101
2025-02-03,tramadol,36.0,373.8571428571428,0.0,33.1,66
2025-02-04,tramadol,25.0,348.8571428571428,0.0,37.0,70
2025-02-05,tramadol,17.0,331.8571428571428,0.0,38.5,79
2025-02-06,tramadol,13.0,318.8571428571428,0.0,52.0,94
2025-02-07,tramadol,26.0,292.8571428571428,0.0,30.8,51
2025-02-08,tramadol,26.0,266.8571428571428,0.0,58.3,113
2025-02-09,tramadol,24.0,242.85714285714278,0.0,47.4,96
2025-02-10,tramadol,19.0,223.85714285714278,0.0,46.6,94
2025-02-11,tramadol,26.0,197.85714285714278,0.0,41.6,81
2025-02-12,tramadol,16.0,181.85714285714278,0.0,30.4,48
2025-02-13,tramadol,29.0,152.85714285714278,0.0,36.9,47
2025-02-14,tramadol,16.0,136.85714285714278,0.0,25.0,59
2025-02-15,tramadol,30.0,106.85714285714278,0.0,26.9,61
2025-02-16,tramadol,9.0,97.85714285714278,0.0,36.3,71
2025-02-17,tramadol,17.0,80.85714285714278,0.0,50.4,105
2025-02-18,tramadol,14.0,66.85714285714278,0.0,32.1,45
2025-02-19,tramadol,14.0,441.1428571428571,388.28571428571433,45.6,86
2025-02-20,tramadol,27.0,414.1428571428571,0.0,35.5,67
2025-02-21,tramadol,16.0,398.1428571428571,0.0,43.6,74
2025-02-22,tramadol,22.0,376.1428571428571,0.0,47.1,84
2025-02-23,tramadol,22.0,354.1428571428571,0.0,56.3,120
2025-02-24,tramadol,27.0,327.1428571428571,0.0,46.8,84
2025-02-25,tramadol,28.0,299.1428571428571,0.0,28.0,38
2025-02-26,tramadol,26.0,273.1428571428571,0.0,26.7,44
2025-02-27,tramadol,12.0,261.1428571428571,0.0,39.8,67
2025-02-28,tramadol,32.0,229.1428571428571,0.0,39.9,74
2025-03-01,tramadol,25.0,204.1428571428571,0.0,46.1,93
2025-03-02,tramadol,22.0,182.1428571428571,0.0,58.7,112
2025-03-03,tramadol,20.0,162.1428571428571,0.0,42.3,110
2025-03-04,tramadol,17.0,145.1428571428571,0.0,26.1,52
2025-03-05,tramadol,24.0,121.14285714285711,0.0,31.9,66
2025-03-06,tramadol,21.0,100.14285714285711,0.0,28.9,48
2025-03-07,tramadol,25.0,75.14285714285711,0.0,33.6,60
2025-03-08,tramadol,29.0,46.14285714285711,0.0,44.7,106
2025-03-09,tramadol,21.0,25.14285714285711,0.0,36.2,76
2025-03-10,tramadol,22.0,383.71428571428567,380.57142857142856,50.4,115
2025-03-11,tramadol,24.0,359.71428571428567,0.0,45.8,64
2025-03-12,tramadol,20.0,339.71428571428567,0.0,39.7,54
2025-03-13,tramadol,18.0,321.71428571428567,0.0,41.3,84
2025-03-14,tramadol,11.0,310.71428571428567,0.0,38.7,76
2025-03-15,tramadol,24.0,286.71428571428567,0.0,46.1,106
2025-03-16,tramadol,19.0,267.71428571428567,0.0,53.6,136
2025-03-17,tramadol,16.0,251.71428571428567,0.0,50.6,107
2025-03-18,tramadol,17.0,234.71428571428567,0.0,41.1,90
2025-03-19,tramadol,21.0,213.71428571428567,0.0,46.9,96
2025-03-20,tramadol,19.0,194.71428571428567,0.0,28.9,62
2025-03-21,tramadol,24.0,170.71428571428567,0.0,28.4,51
2025-03-22,tramadol,26.0,144.71428571428567,0.0,51.3,106
2025-03-23,tramadol,24.0,120.71428571428567,0.0,46.9,91
2025-03-24,tramadol,22.0,98.71428571428567,0.0,46.4,89
2025-03-25,tramadol,13.0,85.71428571428567,0.0,36.3,80
2025-03-26,tramadol,18.0,67.71428571428567,0.0,39.4,64
2025-03-27,tramadol,24.0,414.0,370.28571428571433,43.6,95
2025-03-28,tramadol,21.0,393.0,0.0,50.8,99
2025-03-29,tramadol,20.0,373.0,0.0,54.8,118
2025-03-30,tramadol,27.0,346.0,0.0,44.1,103
2025-03-31,tramadol,22.0,324.0,0.0,43.1,88
2025-04-01,tramadol,16.0,308.0,0.0,45.2,86
2025-04-02,tramadol,24.0,284.0,0.0,38.1,63
2025-04-03,tramadol,18.0,266.0,0.0,43.1,86
2025-04-04,tramadol,20.0,246.0,0.0,48.4,82
2025-04-05,tramadol,16.0,230.0,0.0,50.9,95
2025-04-06,tramadol,26.0,204.0,0.0,47.9,101
2025-04-07,tramadol,14.0,190.0,0.0,53.7,106
2025-04-08,tramadol,20.0,170.0,0.0,51.4,86
2025-04-09,tramadol,17.0,153.0,0.0,45.6,69
2025-04-10,tramadol,13.0,140.0,0.0,29.3,59
2025-04-11,tramadol,18.0,122.0,0.0,43.5,96
2025-04-12,tramadol,27.0,95.0,0.0,66.1,133
2025-04-13,tramadol,20.0,75.0,0.0,55.6,132
2025-04-14,tramadol,33.0,411.0,369.0,40.5,92
2025-04-15,tramadol,19.0,392.0,0.0,41.0,84
2025-04-16,tramadol,23.0,369.0,0.0,48.2,94
2025-04-17,tramadol,19.0,350.0,0.0,42.9,85
2025-04-18,tramadol,25.0,325.0,0.0,54.7,125
2025-04-19,tramadol,26.0,299.0,0.0,53.6,122
2025-04-20,tramadol,17.0,282.0,0.0,52.7,120
2025-04-21,tramadol,25.0,257.0,0.0,73.8,182
2025-04-22,tramadol,23.0,234.0,0.0,50.4,79
2025-04-23,tramadol,24.0,210.0,0.0,43.5,82
2025-04-24,tramadol,21.0,189.0,0.0,65.4,138
2025-04-25,tramadol,18.0,171.0,0.0,42.8,89
2025-04-26,tramadol,20.0,151.0,0.0,62.2,141
2025-04-27,tramadol,22.0,129.0,0.0,48.2,107
2025-04-28,tramadol,20.0,109.0,0.0,32.7,85
2025-04-29,tramadol,21.0,88.0,0.0,27.3,55
2025-04-30,tramadol,28.0,60.0,0.0,33.3,77
2025-05-01,tramadol,27.0,425.1428571428571,392.1428571428571,42.4,108
2025-05-02,tramadol,10.0,415.1428571428571,0.0,32.6,68
2025-05-03,tramadol,21.0,394.1428571428571,0.0,54.2,101
2025-05-04,tramadol,26.0,368.1428571428571,0.0,56.1,122
2025-05-05,tramadol,22.0,346.1428571428571,0.0,53.1,98
2025-05-06,tramadol,25.0,321.1428571428571,0.0,45.3,86
2025-05-07,tramadol,21.0,300.1428571428571,0.0,43.0,75
2025-05-08,tramadol,16.0,284.1428571428571,0.0,32.7,65
2025-05-09,tramadol,26.0,258.1428571428571,0.0,37.7,63
2025-05-10,tramadol,12.0,246.1428571428571,0.0,54.7,109
2025-05-11,tramadol,19.0,227.1428571428571,0.0,47.0,102
2025-05-12,tramadol,18.0,209.1428571428571,0.0,38.9,66
2025-05-13,tramadol,18.0,191.1428571428571,0.0,38.3,64
2025-05-14,tramadol,25.0,166.1428571428571,0.0,40.1,82
2025-05-15,tramadol,24.0,142.1428571428571,0.0,46.5,107
2025-05-16,tramadol,18.0,124.14285714285711,0.0,45.3,104
2025-05-17,tramadol,22.0,102.14285714285711,0.0,53.5,113
2025-05-18,tramadol,23.0,79.14285714285711,0.0,49.5,99
2025-05-19,tramadol,30.0,49.14285714285711,0.0,30.0,56
2025-05-20,tramadol,12.0,37.14285714285711,0.0,48.3,99
2025-05-21,tramadol,16.0,399.1428571428571,378.0,52.3,104
2025-05-22,tramadol,22.0,377.1428571428571,0.0,40.2,69
2025-05-23,tramadol,26.0,351.1428571428571,0.0,52.7,94
2025-05-24,tramadol,17.0,334.1428571428571,0.0,62.1,124
2025-05-25,tramadol,26.0,308.1428571428571,0.0,44.2,99
2025-05-26,tramadol,21.0,287.1428571428571,0.0,47.3,77
2025-05-27,tramadol,19.0,268.1428571428571,0.0,40.5,83
2025-05-28,tramadol,17.0,251.1428571428571,0.0,44.0,75
2025-05-29,tramadol,22.0,229.1428571428571,0.0,50.3,104
2025-05-30,tramadol,13.0,216.1428571428571,0.0,51.8,114
2025-05-31,tramadol,21.0,195.1428571428571,0.0,45.9,113
2025-06-01,tramadol,27.0,168.1428571428571,0.0,52.5,113
2025-06-02,tramadol,20.0,148.1428571428571,0.0,45.5,109
2025-06-03,tramadol,22.0,126.14285714285711,0.0,57.4,114
2025-06-04,tramadol,18.0,108.14285714285711,0.0,54.0,98
2025-06-05,tramadol,18.0,90.14285714285711,0.0,38.4,80
2025-06-06,tramadol,25.0,65.14285714285711,0.0,51.9,106
2025-06-07,tramadol,27.0,38.14285714285711,0.0,50.6,114
2025-06-08,tramadol,39.0,0.0,0.0,59.4,138
2025-06-09,tramadol,20.0,347.71428571428567,367.71428571428567,46.1,84
2025-06-10,tramadol,19.0,328.71428571428567,0.0,48.4,100
2025-06-11,tramadol,14.0,314.71428571428567,0.0,42.2,62
2025-06-12,tramadol,16.0,298.71428571428567,0.0,40.4,82
2025-06-13,tramadol,30.0,268.71428571428567,0.0,50.8,95
2025-06-14,tramadol,25.0,243.71428571428567,0.0,53.9,114
2025-06-15,tramadol,29.0,214.71428571428567,0.0,53.5,105
2025-06-16,tramadol,23.0,191.71428571428567,0.0,42.6,88
2025-06-17,tramadol,15.0,176.71428571428567,0.0,37.9,70
2025-06-18,tramadol,30.0,146.71428571428567,0.0,39.7,76
2025-06-19,tramadol,13.0,133.71428571428567,0.0,37.9,79
2025-06-20,tramadol,26.0,107.71428571428567,0.0,43.5,78
2025-06-21,tramadol,29.0,78.71428571428567,0.0,60.6,127
2025-06-22,tramadol,28.0,50.714285714285666,0.0,44.3,81
2025-06-23,tramadol,16.0,446.1428571428571,411.42857142857144,53.0,95
2025-06-24,tramadol,15.0,431.1428571428571,0.0,35.5,46
2025-06-25,tramadol,16.0,415.1428571428571,0.0,35.2,66
2025-06-26,tramadol,16.0,399.1428571428571,0.0,37.5,64
2025-06-27,tramadol,22.0,377.1428571428571,0.0,40.1,83
2025-06-28,tramadol,19.0,358.1428571428571,0.0,50.4,105
2025-06-29,tramadol,31.0,327.1428571428571,0.0,45.5,98
2025-06-30,tramadol,26.0,301.1428571428571,0.0,53.7,96
2025-07-01,tramadol,13.0,288.1428571428571,0.0,43.0,80
2025-07-02,tramadol,17.0,271.1428571428571,0.0,39.3,76
2025-07-03,tramadol,11.0,260.1428571428571,0.0,42.9,70
2025-07-04,tramadol,23.0,237.1428571428571,0.0,35.7,88
2025-07-05,tramadol,24.0,213.1428571428571,0.0,43.0,107
2025-07-06,tramadol,27.0,186.1428571428571,0.0,51.1,98
2025-07-07,tramadol,22.0,164.1428571428571,0.0,54.1,115
2025-07-08,tramadol,22.0,142.1428571428571,0.0,42.6,80
2025-07-09,tramadol,15.0,127.14285714285711,0.0,32.4,69
2025-07-10,tramadol,21.0,106.14285714285711,0.0,36.9,67
2025-07-11,tramadol,19.0,87.14285714285711,0.0,45.4,68
2025-07-12,tramadol,18.0,69.14285714285711,0.0,43.8,77
2025-07-13,tramadol,23.0,402.2857142857142,356.1428571428571,54.2,114
2025-07-14,tramadol,25.0,377.2857142857142,0.0,39.8,80
2025-07-15,tramadol,18.0,359.2857142857142,0.0,38.3,75
2025-07-16,tramadol,16.0,343.2857142857142,0.0,36.2,89
2025-07-17,tramadol,27.0,316.2857142857142,0.0,36.3,62
2025-07-18,tramadol,24.0,292.2857142857142,0.0,48.8,91
2025-07-19,tramadol,17.0,275.2857142857142,0.0,51.7,127
2025-07-20,tramadol,23.0,252.28571428571422,0.0,47.7,105
2025-07-21,tramadol,22.0,230.28571428571422,0.0,38.7,85
2025-07-22,tramadol,18.0,212.28571428571422,0.0,38.8,83
2025-07-23,tramadol,18.0,194.28571428571422,0.0,46.0,92
2025-07-24,tramadol,13.0,181.28571428571422,0.0,20.7,44
2025-07-25,tramadol,22.0,159.28571428571422,0.0,39.1,66
2025-07-26,tramadol,16.0,143.28571428571422,0.0,59.3,122
2025-07-27,tramadol,16.0,127.28571428571422,0.0,48.3,102
2025-07-28,tramadol,12.0,115.28571428571422,0.0,40.8,106
2025-07-29,tramadol,18.0,97.28571428571422,0.0,31.7,63
2025-07-30,tramadol,16.0,81.28571428571422,0.0,50.0,90
2025-07-31,tramadol,25.0,423.9999999999999,367.71428571428567,31.5,83
2025-08-01,tramadol,23.0,400.9999999999999,0.0,31.1,54
2025-08-02,tramadol,28.0,372.9999999999999,0.0,49.8,117
2025-08-03,tramadol,23.0,349.9999999999999,0.0,37.8,60
2025-08-04,tramadol,18.0,331.9999999999999,0.0,41.7,88
2025-08-05,tramadol,29.0,302.9999999999999,0.0,57.6,121
2025-08-06,tramadol,31.0,271.9999999999999,0.0,37.6,62
2025-08-07,tramadol,25.0,246.9999999999999,0.0,52.8,91
2025-08-08,tramadol,13.0,233.9999999999999,0.0,39.4,76
2025-08-09,tramadol,25.0,208.9999999999999,0.0,43.8,82
2025-08-10,tramadol,23.0,185.9999999999999,0.0,42.3,99
2025-08-11,tramadol,16.0,169.9999999999999,0.0,52.3,97
2025-08-12,tramadol,29.0,140.9999999999999,0.0,44.1,96
2025-08-13,tramadol,16.0,124.99999999999989,0.0,27.8,47
2025-08-14,tramadol,9.0,115.99999999999989,0.0,49.9,104
2025-08-15,tramadol,24.0,91.99999999999989,0.0,44.4,106
2025-08-16,tramadol,24.0,67.99999999999989,0.0,52.3,108
2025-08-17,tramadol,31.0,425.2857142857142,388.28571428571433,51.8,98
2025-08-18,tramadol,18.0,407.2857142857142,0.0,55.7,117
2025-08-19,tramadol,31.0,376.2857142857142,0.0,30.3,66
2025-08-20,tramadol,34.0,342.2857142857142,0.0,47.7,99
2025-08-21,tramadol,16.0,326.2857142857142,0.0,52.6,103
2025-08-22,tramadol,31.0,295.2857142857142,0.0,28.5,64
2025-08-23,tramadol,24.0,271.2857142857142,0.0,54.8,130
2025-08-24,tramadol,28.0,243.28571428571422,0.0,46.5,84
2025-08-25,tramadol,17.0,226.28571428571422,0.0,52.5,108
2025-08-26,tramadol,20.0,206.28571428571422,0.0,39.4,69
2025-08-27,tramadol,21.0,185.28571428571422,0.0,42.4,61
2025-08-28,tramadol,21.0,164.28571428571422,0.0,40.0,70
2025-08-29,tramadol,20.0,144.28571428571422,0.0,49.5,95
2025-08-30,tramadol,25.0,119.28571428571422,0.0,64.0,113
2025-08-31,tramadol,39.0,80.28571428571422,0.0,43.9,89
2025-09-01,tramadol,23.0,482.8571428571428,425.57142857142856,52.4,120
2025-09-02,tramadol,23.0,459.8571428571428,0.0,40.5,72
2025-09-03,tramadol,21.0,438.8571428571428,0.0,41.2,74
2025-09-04,tramadol,15.0,423.8571428571428,0.0,36.0,70
2025-09-05,tramadol,20.0,403.8571428571428,0.0,42.4,94
2025-09-06,tramadol,30.0,373.8571428571428,0.0,58.5,102
2025-09-07,tramadol,22.0,351.8571428571428,0.0,68.8,154
2025-09-08,tramadol,18.0,333.8571428571428,0.0,47.1,104
2025-09-09,tramadol,16.0,317.8571428571428,0.0,43.9,76
2025-09-10,tramadol,21.0,296.8571428571428,0.0,38.4,72
2025-09-11,tramadol,26.0,270.8571428571428,0.0,44.1,90
2025-09-12,tramadol,16.0,254.85714285714278,0.0,41.0,72
2025-09-13,tramadol,30.0,224.85714285714278,0.0,41.7,95
2025-09-14,tramadol,31.0,193.85714285714278,0.0,53.5,110
2025-09-15,tramadol,26.0,167.85714285714278,0.0,44.3,66
2025-09-16,tramadol,18.0,149.85714285714278,0.0,39.6,69
2025-09-17,tramadol,23.0,126.85714285714278,0.0,33.8,62
2025-09-18,tramadol,26.0,100.85714285714278,0.0,38.9,78
2025-09-19,tramadol,21.0,79.85714285714278,0.0,38.9,77
2025-09-20,tramadol,16.0,63.857142857142776,0.0,47.2,99
2025-09-21,tramadol,32.0,443.2857142857142,411.42857142857144,42.2,86
2025-09-22,tramadol,22.0,421.2857142857142,0.0,53.0,102
2025-09-23,tramadol,16.0,405.2857142857142,0.0,42.4,102
2025-09-24,tramadol,46.0,359.2857142857142,0.0,46.4,84
2025-09-25,tramadol,22.0,337.2857142857142,0.0,32.7,59
2025-09-26,tramadol,25.0,312.2857142857142,0.0,45.5,87
2025-09-27,tramadol,31.0,281.2857142857142,0.0,45.5,104
2025-09-28,tramadol,33.0,248.28571428571422,0.0,56.4,107
2025-09-29,tramadol,24.0,224.28571428571422,0.0,39.6,60
2025-09-30,tramadol,27.0,197.28571428571422,0.0,48.9,90
2025-10-01,tramadol,23.0,174.28571428571422,0.0,41.8,98
2025-10-02,tramadol,17.0,157.28571428571422,0.0,40.0,66
2025-10-03,tramadol,15.0,142.28571428571422,0.0,49.5,98
2025-10-04,tramadol,28.0,114.28571428571422,0.0,60.7,153
2025-10-05,tramadol,31.0,83.28571428571422,0.0,49.2,102
2025-10-06,tramadol,21.0,62.28571428571422,0.0,42.3,78
2025-10-07,tramadol,15.0,47.28571428571422,0.0,40.0,69
2025-10-08,tramadol,20.0,486.2857142857142,459.0,52.4,109
2025-10-09,tramadol,33.0,453.2857142857142,0.0,38.6,68
2025-10-10,tramadol,38.0,415.2857142857142,0.0,35.6,46
2025-10-11,tramadol,30.0,385.2857142857142,0.0,60.5,120
2025-10-12,tramadol,22.0,363.2857142857142,0.0,68.6,190
2025-10-13,tramadol,27.0,336.2857142857142,0.0,48.0,102
2025-10-14,tramadol,26.0,310.2857142857142,0.0,55.3,121
2025-10-15,tramadol,31.0,279.2857142857142,0.0,26.5,57
2025-10-16,tramadol,16.0,263.2857142857142,0.0,51.4,107
2025-10-17,tramadol,24.0,239.28571428571422,0.0,46.6,80
2025-10-18,tramadol,26.0,213.28571428571422,0.0,42.1,94
2025-10-19,tramadol,20.0,193.28571428571422,0.0,49.9,100
2025-10-20,tramadol,20.0,173.28571428571422,0.0,51.9,120
2025-10-21,tramadol,19.0,154.28571428571422,0.0,36.8,74
2025-10-22,tramadol,23.0,131.28571428571422,0.0,39.8,58
2025-10-23,tramadol,18.0,113.28571428571422,0.0,38.0,76
2025-10-24,tramadol,25.0,88.28571428571422,0.0,42.7,78
2025-10-25,tramadol,17.0,71.28571428571422,0.0,49.5,124
2025-10-26,tramadol,26.0,499.1428571428571,453.8571428571429,60.6,113
2025-10-27,tramadol,22.0,477.1428571428571,0.0,42.3,75
2025-10-28,tramadol,23.0,454.1428571428571,0.0,29.0,46
2025-10-29,tramadol,35.0,419.1428571428571,0.0,45.6,85
2025-10-30,tramadol,19.0,400.1428571428571,0.0,29.3,61
2025-10-31,tramadol,24.0,376.1428571428571,0.0,41.8,67
2025-11-01,tramadol,28.0,348.1428571428571,0.0,50.8,110
2025-11-02,tramadol,28.0,320.1428571428571,0.0,61.1,138
2025-11-03,tramadol,17.0,303.1428571428571,0.0,32.3,59
2025-11-04,tramadol,18.0,285.1428571428571,0.0,33.7,64
2025-11-05,tramadol,25.0,260.1428571428571,0.0,47.2,88
2025-11-06,tramadol,22.0,238.1428571428571,0.0,40.5,74
2025-11-07,tramadol,18.0,220.1428571428571,0.0,56.8,116
2025-11-08,tramadol,21.0,199.1428571428571,0.0,51.4,108
2025-11-09,tramadol,24.0,175.1428571428571,0.0,58.3,122
2025-11-10,tramadol,29.0,146.1428571428571,0.0,36.4,70
2025-11-11,tramadol,22.0,124.14285714285711,0.0,54.0,90
2025-11-12,tramadol,22.0,102.14285714285711,0.0,31.8,70
2025-11-13,tramadol,27.0,75.14285714285711,0.0,59.2,116
2025-11-14,tramadol,29.0,46.14285714285711,0.0,41.5,64
2025-11-15,tramadol,21.0,448.1428571428571,423.0,58.1,137
2025-11-16,tramadol,23.0,425.1428571428571,0.0,53.3,88
2025-11-17,tramadol,28.0,397.1428571428571,0.0,56.1,110
2025-11-18,tramadol,21.0,376.1428571428571,0.0,40.2,65
2025-11-19,tramadol,14.0,362.1428571428571,0.0,37.2,67
2025-11-20,tramadol,21.0,341.1428571428571,0.0,48.8,103
2025-11-21,tramadol,22.0,319.1428571428571,0.0,42.5,85
2025-11-22,tramadol,16.0,303.1428571428571,0.0,49.8,99
2025-11-23,tramadol,17.0,286.1428571428571,0.0,54.9,102
2025-11-24,tramadol,18.0,268.1428571428571,0.0,37.1,65
2025-11-25,tramadol,20.0,248.1428571428571,0.0,26.7,48
2025-11-26,tramadol,21.0,227.1428571428571,0.0,39.6,65
2025-11-27,tramadol,25.0,202.1428571428571,0.0,35.5,52
2025-11-28,tramadol,19.0,183.1428571428571,0.0,26.7,30
2025-11-29,tramadol,23.0,160.1428571428571,0.0,47.7,89
2025-11-30,tramadol,25.0,135.1428571428571,0.0,53.8,118
2025-12-01,tramadol,31.0,104.14285714285711,0.0,44.5,99
2025-12-02,tramadol,14.0,90.14285714285711,0.0,33.9,68
2025-12-03,tramadol,21.0,69.14285714285711,0.0,28.7,62
2025-12-04,tramadol,18.0,51.14285714285711,0.0,48.8,98
2025-12-05,tramadol,13.0,421.2857142857142,383.1428571428571,47.6,98
2025-12-06,tramadol,27.0,394.2857142857142,0.0,38.4,76
2025-12-07,tramadol,22.0,372.2857142857142,0.0,36.8,100
2025-12-08,tramadol,18.0,354.2857142857142,0.0,46.1,107
2025-12-09,tramadol,26.0,328.2857142857142,0.0,41.2,66
2025-12-10,tramadol,18.0,310.2857142857142,0.0,43.8,94
2025-12-11,tramadol,22.0,288.2857142857142,0.0,43.4,81
2025-12-12,tramadol,21.0,267.2857142857142,0.0,32.5,70
2025-12-13,tramadol,24.0,243.28571428571422,0.0,47.3,80
2025-12-14,tramadol,28.0,215.28571428571422,0.0,44.2,89
2025-12-15,tramadol,16.0,199.28571428571422,0.0,34.0,55
2025-12-16,tramadol,26.0,173.28571428571422,0.0,41.8,54
2025-12-17,tramadol,20.0,153.28571428571422,0.0,38.9,55
2025-12-18,tramadol,18.0,135.28571428571422,0.0,36.9,70
2025-12-19,tramadol,22.0,113.28571428571422,0.0,37.1,74
2025-12-20,tramadol,24.0,89.28571428571422,0.0,43.4,89
2025-12-21,tramadol,22.0,67.28571428571422,0.0,48.9,95
2025-12-22,tramadol,22.0,434.8571428571428,389.57142857142856,49.2,103
2025-12-23,tramadol,32.0,402.8571428571428,0.0,29.2,49
2025-12-24,tramadol,21.0,381.8571428571428,0.0,38.0,53
2025-12-25,tramadol,34.0,347.8571428571428,0.0,53.7,116
2025-12-26,tramadol,28.0,319.8571428571428,0.0,52.2,84
2025-12-27,tramadol,29.0,290.8571428571428,0.0,40.9,77
2025-12-28,tramadol,28.0,262.8571428571428,0.0,62.0,118
2025-12-29,tramadol,24.0,238.85714285714278,0.0,38.5,67
2025-12-30,tramadol,14.0,224.85714285714278,0.0,36.0,53
2025-12-31,tramadol,23.0,201.85714285714278,0.0,36.6,74
2024-01-01,loratadina,28.0,420.0,0.0,52.7,111
2024-01-02,loratadina,34.0,386.0,0.0,33.6,51
2024-01-03,loratadina,18.0,368.0,0.0,34.2,61
2024-01-04,loratadina,25.0,343.0,0.0,32.6,51
2024-01-05,loratadina,20.0,323.0,0.0,24.7,30
2024-01-06,loratadina,34.0,289.0,0.0,41.6,71
2024-01-07,loratadina,24.0,265.0,0.0,51.5,99
2024-01-08,loratadina,23.0,242.0,0.0,29.9,65
2024-01-09,loratadina,21.0,221.0,0.0,20.0,44
2024-01-10,loratadina,24.0,197.0,0.0,37.5,57
2024-01-11,loratadina,32.0,165.0,0.0,49.8,90
2024-01-12,loratadina,32.0,133.0,0.0,37.9,81
2024-01-13,loratadina,31.0,102.0,0.0,34.2,80
2024-01-14,loratadina,26.0,76.0,0.0,43.7,85
2024-01-15,loratadina,29.0,47.0,0.0,38.7,61
2024-01-16,loratadina,20.0,27.0,0.0,33.7,37
2024-01-17,loratadina,11.0,419.55555555555554,403.55555555555554,32.8,49
2024-01-18,loratadina,29.0,390.55555555555554,0.0,28.6,47
2024-01-19,loratadina,21.0,369.55555555555554,0.0,26.8,48
2024-01-20,loratadina,16.0,353.55555555555554,0.0,39.9,75
2024-01-21,loratadina,28.0,325.55555555555554,0.0,40.7,81
2024-01-22,loratadina,25.0,300.55555555555554,0.0,22.5,37
2024-01-23,loratadina,33.0,267.55555555555554,0.0,38.6,48
2024-01-24,loratadina,20.0,247.55555555555554,0.0,36.8,46
2024-01-25,loratadina,31.0,216.55555555555554,0.0,33.2,43
2024-01-26,loratadina,25.0,191.55555555555554,0.0,26.7,48
2024-01-27,loratadina,30.0,161.55555555555554,0.0,47.1,86
2024-01-28,loratadina,18.0,143.55555555555554,0.0,40.6,70
2024-01-29,loratadina,28.0,115.55555555555554,0.0,51.4,103
2024-01-30,loratadina,27.0,88.55555555555554,0.0,35.7,49
2024-01-31,loratadina,33.0,457.8412698412698,402.2857142857143,46.2,86
2024-02-01,loratadina,25.0,432.8412698412698,0.0,34.4,51
2024-02-02,loratadina,15.0,417.8412698412698,0.0,29.8,39
2024-02-03,loratadina,32.0,385.8412698412698,0.0,40.2,72
2024-02-04,loratadina,17.0,368.8412698412698,0.0,31.0,70
2024-02-05,loratadina,21.0,347.8412698412698,0.0,39.8,74
2024-02-06,loratadina,24.0,323.8412698412698,0.0,29.2,51
2024-02-07,loratadina,31.0,292.8412698412698,0.0,34.0,73
2024-02-08,loratadina,17.0,275.8412698412698,0.0,42.0,62
2024-02-09,loratadina,27.0,248.84126984126982,0.0,51.3,88
2024-02-10,loratadina,25.0,223.84126984126982,0.0,53.0,97
2024-02-11,loratadina,39.0,184.84126984126982,0.0,59.8,129
2024-02-12,loratadina,15.0,169.84126984126982,0.0,55.4,104
2024-02-13,loratadina,28.0,141.84126984126982,0.0,46.5,94
2024-02-14,loratadina,29.0,112.84126984126982,0.0,40.7,75
2024-02-15,loratadina,25.0,87.84126984126982,0.0,42.8,96
2024-02-16,loratadina,28.0,59.84126984126982,0.0,55.8,116
2024-02-17,loratadina,24.0,35.84126984126982,0.0,58.6,128
2024-02-18,loratadina,35.0,413.4126984126984,412.57142857142856,72.4,183
2024-02-19,loratadina,24.0,389.4126984126984,0.0,61.3,137
2024-02-20,loratadina,32.0,357.4126984126984,0.0,55.3,120
2024-02-21,loratadina,33.0,324.4126984126984,0.0,73.6,151
2024-02-22,loratadina,28.0,296.4126984126984,0.0,49.7,93
2024-02-23,loratadina,28.0,268.4126984126984,0.0,56.0,121
2024-02-24,loratadina,25.0,243.41269841269838,0.0,60.4,131
2024-02-25,loratadina,43.0,200.41269841269838,0.0,65.6,148
2024-02-26,loratadina,19.0,181.41269841269838,0.0,61.8,140
2024-02-27,loratadina,17.0,164.41269841269838,0.0,56.9,136
2024-02-28,loratadina,23.0,141.41269841269838,0.0,54.6,119
2024-02-29,loratadina,37.0,104.41269841269838,0.0,63.8,152
2024-03-01,loratadina,42.0,511.55555555555554,449.14285714285717,50.9,121
2024-03-02,loratadina,30.0,481.55555555555554,0.0,63.2,136
2024-03-03,loratadina,26.0,455.55555555555554,0.0,64.2,140
2024-03-04,loratadina,29.0,426.55555555555554,0.0,60.3,154
2024-03-05,loratadina,14.0,412.55555555555554,0.0,58.6,130
2024-03-06,loratadina,35.0,377.55555555555554,0.0,59.9,121
2024-03-07,loratadina,17.0,360.55555555555554,0.0,56.7,111
2024-03-08,loratadina,31.0,329.55555555555554,0.0,60.7,123
2024-03-09,loratadina,32.0,297.55555555555554,0.0,83.7,200
2024-03-10,loratadina,39.0,258.55555555555554,0.0,70.4,172
2024-03-11,loratadina,24.0,234.55555555555554,0.0,58.3,140
2024-03-12,loratadina,29.0,205.55555555555554,0.0,54.9,114
2024-03-13,loratadina,24.0,181.55555555555554,0.0,53.3,109
2024-03-14,loratadina,35.0,146.55555555555554,0.0,70.9,149
2024-03-15,loratadina,24.0,122.55555555555554,0.0,69.1,146
2024-03-16,loratadina,31.0,91.55555555555554,0.0,61.7,139
2024-03-17,loratadina,34.0,510.1269841269841,452.57142857142856,58.3,142
2024-03-18,loratadina,35.0,475.1269841269841,0.0,62.4,143
2024-03-19,loratadina,21.0,454.1269841269841,0.0,50.9,104
2024-03-20,loratadina,18.0,436.1269841269841,0.0,57.9,129
2024-03-21,loratadina,21.0,415.1269841269841,0.0,66.6,158
2024-03-22,loratadina,15.0,400.1269841269841,0.0,52.1,107
2024-03-23,loratadina,27.0,373.1269841269841,0.0,62.0,144
2024-03-24,loratadina,27.0,346.1269841269841,0.0,57.6,133
2024-03-25,loratadina,21.0,325.1269841269841,0.0,49.5,99
2024-03-26,loratadina,28.0,297.1269841269841,0.0,50.1,109
2024-03-27,loratadina,20.0,277.1269841269841,0.0,59.4,128
2024-03-28,loratadina,27.0,250.1269841269841,0.0,47.6,94
2024-03-29,loratadina,35.0,215.1269841269841,0.0,62.6,153
2024-03-30,loratadina,35.0,180.1269841269841,0.0,66.3,156
2024-03-31,loratadina,36.0,144.1269841269841,0.0,77.8,167
2024-04-01,loratadina,36.0,108.1269841269841,0.0,53.0,126
2024-04-02,loratadina,20.0,88.1269841269841,0.0,32.8,79
2024-04-03,loratadina,37.0,51.1269841269841,0.0,53.0,134
2024-04-04,loratadina,32.0,19.126984126984098,0.0,51.5,108
2024-04-05,loratadina,38.0,392.55555555555554,411.42857142857144,47.7,97
2024-04-06,loratadina,28.0,364.55555555555554,0.0,59.3,132
2024-04-07,loratadina,28.0,336.55555555555554,0.0,48.9,87
2024-04-08,loratadina,24.0,312.55555555555554,0.0,51.9,140
2024-04-09,loratadina,39.0,273.55555555555554,0.0,51.6,104
2024-04-10,loratadina,25.0,248.55555555555554,0.0,67.4,136
2024-04-11,loratadina,42.0,206.55555555555554,0.0,56.3,135
2024-04-12,loratadina,38.0,168.55555555555554,0.0,53.0,117
2024-04-13,loratadina,28.0,140.55555555555554,0.0,62.0,147
2024-04-14,loratadina,40.0,100.55555555555554,0.0,47.8,108
2024-04-15,loratadina,32.0,68.55555555555554,0.0,47.3,100
2024-04-16,loratadina,30.0,535.6984126984128,497.14285714285717,56.7,107
2024-04-17,loratadina,36.0,499.69841269841277,0.0,45.4,70
2024-04-18,loratadina,25.0,474.69841269841277,0.0,48.6,104
2024-04-19,loratadina,32.0,442.69841269841277,0.0,58.0,105
2024-04-20,loratadina,39.0,403.69841269841277,0.0,56.8,123
2024-04-21,loratadina,42.0,361.69841269841277,0.0,86.4,188
2024-04-22,loratadina,41.0,320.69841269841277,0.0,38.8,73
2024-04-23,loratadina,26.0,294.69841269841277,0.0,37.6,67
2024-04-24,loratadina,31.0,263.69841269841277,0.0,42.4,78
2024-04-25,loratadina,24.0,239.69841269841277,0.0,53.3,77
2024-04-26,loratadina,32.0,207.69841269841277,0.0,43.6,76
2024-04-27,loratadina,24.0,183.69841269841277,0.0,52.4,119
2024-04-28,loratadina,34.0,149.69841269841277,0.0,60.2,122
2024-04-29,loratadina,40.0,109.69841269841277,0.0,56.9,128
2024-04-30,loratadina,21.0,88.69841269841277,0.0,35.1,67
2024-05-01,loratadina,32.0,600.6984126984128,544.0,60.6,124
2024-05-02,loratadina,23.0,577.6984126984128,0.0,45.2,90
2024-05-03,loratadina,19.0,558.6984126984128,0.0,50.4,102
2024-05-04,loratadina,26.0,532.6984126984128,0.0,60.9,135
2024-05-05,loratadina,19.0,513.6984126984128,0.0,50.3,101
2024-05-06,loratadina,31.0,482.69841269841277,0.0,60.1,128
2024-05-07,loratadina,30.0,452.69841269841277,0.0,27.2,61
2024-05-08,loratadina,42.0,410.69841269841277,0.0,44.3,80
2024-05-09,loratadina,30.0,380.69841269841277,0.0,34.2,70
2024-05-10,loratadina,30.0,350.69841269841277,0.0,39.3,90
2024-05-11,loratadina,30.0,320.69841269841277,0.0,50.8,107
2024-05-12,loratadina,27.0,293.69841269841277,0.0,56.3,121
2024-05-13,loratadina,34.0,259.69841269841277,0.0,49.7,111
2024-05-14,loratadina,33.0,226.69841269841277,0.0,45.3,81
2024-05-15,loratadina,24.0,202.69841269841277,0.0,29.2,60
2024-05-16,loratadina,28.0,174.69841269841277,0.0,50.1,109
2024-05-17,loratadina,31.0,143.69841269841277,0.0,53.3,120
2024-05-18,loratadina,43.0,100.69841269841277,0.0,63.1,142
2024-05-19,loratadina,27.0,73.69841269841277,0.0,65.8,146
2024-05-20,loratadina,42.0,31.698412698412767,0.0,44.2,99
2024-05-21,loratadina,24.0,471.69841269841277,464.0,36.8,58
2024-05-22,loratadina,25.0,446.69841269841277,0.0,39.4,73
2024-05-23,loratadina,33.0,413.69841269841277,0.0,41.4,101
2024-05-24,loratadina,42.0,371.69841269841277,0.0,31.3,73
2024-05-25,loratadina,34.0,337.69841269841277,0.0,47.8,98
2024-05-26,loratadina,34.0,303.69841269841277,0.0,49.1,104
2024-05-27,loratadina,33.0,270.69841269841277,0.0,43.6,87
2024-05-28,loratadina,35.0,235.69841269841277,0.0,50.6,106
2024-05-29,loratadina,24.0,211.69841269841277,0.0,36.2,62
2024-05-30,loratadina,33.0,178.69841269841277,0.0,40.1,65
2024-05-31,loratadina,29.0,149.69841269841277,0.0,31.2,63
2024-06-01,loratadina,43.0,106.69841269841277,0.0,36.2,78
2024-06-02,loratadina,30.0,76.69841269841277,0.0,43.2,97
2024-06-03,loratadina,39.0,555.4126984126984,517.7142857142857,44.8,86
2024-06-04,loratadina,41.0,514.4126984126984,0.0,67.9,141
2024-06-05,loratadina,24.0,490.41269841269843,0.0,39.9,80
2024-06-06,loratadina,19.0,471.41269841269843,0.0,34.0,87
2024-06-07,loratadina,31.0,440.41269841269843,0.0,28.1,61
2024-06-08,loratadina,35.0,405.41269841269843,0.0,51.9,119
2024-06-09,loratadina,26.0,379.41269841269843,0.0,45.0,96
2024-06-10,loratadina,29.0,350.41269841269843,0.0,41.0,83
2024-06-11,loratadina,31.0,319.41269841269843,0.0,47.7,97
2024-06-12,loratadina,26.0,293.41269841269843,0.0,39.6,78
2024-06-13,loratadina,29.0,264.41269841269843,0.0,55.2,107
2024-06-14,loratadina,49.0,215.41269841269843,0.0,41.7,88
2024-06-15,loratadina,35.0,180.41269841269843,0.0,55.3,129
2024-06-16,loratadina,26.0,154.41269841269843,0.0,53.3,108
2024-06-17,loratadina,48.0,106.41269841269843,0.0,36.1,82
2024-06-18,loratadina,27.0,79.41269841269843,0.0,39.3,69
2024-06-19,loratadina,44.0,529.1269841269841,493.7142857142857,40.6,76
2024-06-20,loratadina,46.0,483.1269841269841,0.0,43.4,87
2024-06-21,loratadina,30.0,453.1269841269841,0.0,40.6,59
2024-06-22,loratadina,39.0,414.1269841269841,0.0,50.7,113
2024-06-23,loratadina,40.0,374.1269841269841,0.0,53.3,90
2024-06-24,loratadina,34.0,340.1269841269841,0.0,41.0,81
2024-06-25,loratadina,43.0,297.1269841269841,0.0,49.4,117
2024-06-26,loratadina,32.0,265.1269841269841,0.0,38.4,70
2024-06-27,loratadina,35.0,230.1269841269841,0.0,35.2,74
2024-06-28,loratadina,28.0,202.1269841269841,0.0,35.8,72
2024-06-29,loratadina,35.0,167.1269841269841,0.0,63.1,137
2024-06-30,loratadina,41.0,126.1269841269841,0.0,54.3,110
2024-07-01,loratadina,53.0,73.1269841269841,0.0,45.8,99
2024-07-02,loratadina,40.0,33.1269841269841,0.0,57.4,114
2024-07-03,loratadina,31.0,591.8412698412698,589.7142857142857,56.7,110
2024-07-04,loratadina,46.0,545.8412698412698,0.0,49.8,87
2024-07-05,loratadina,34.0,511.84126984126976,0.0,50.4,99
2024-07-06,loratadina,36.0,475.84126984126976,0.0,56.8,108
2024-07-07,loratadina,25.0,450.84126984126976,0.0,32.7,76
2024-07-08,loratadina,43.0,407.84126984126976,0.0,49.8,107
2024-07-09,loratadina,36.0,371.84126984126976,0.0,49.0,111
2024-07-10,loratadina,55.0,316.84126984126976,0.0,44.9,88
2024-07-11,loratadina,45.0,271.84126984126976,0.0,43.2,91
2024-07-12,loratadina,56.0,215.84126984126976,0.0,47.9,100
2024-07-13,loratadina,38.0,177.84126984126976,0.0,51.6,87
2024-07-14,loratadina,47.0,130.84126984126976,0.0,52.8,114
2024-07-15,loratadina,29.0,101.84126984126976,0.0,48.5,95
2024-07-16,loratadina,29.0,687.6984126984127,614.8571428571429,42.1,84
2024-07-17,loratadina,32.0,655.6984126984127,0.0,39.8,74
2024-07-18,loratadina,29.0,626.6984126984127,0.0,39.5,74
2024-07-19,loratadina,25.0,601.6984126984127,0.0,39.9,70
2024-07-20,loratadina,38.0,563.6984126984127,0.0,74.3,160
2024-07-21,loratadina,49.0,514.6984126984127,0.0,51.7,90
2024-07-22,loratadina,41.0,473.69841269841265,0.0,41.4,76
2024-07-23,loratadina,34.0,439.69841269841265,0.0,35.9,57
2024-07-24,loratadina,35.0,404.69841269841265,0.0,34.2,72
2024-07-25,loratadina,32.0,372.69841269841265,0.0,37.7,70
2024-07-26,loratadina,33.0,339.69841269841265,0.0,35.6,52
2024-07-27,loratadina,34.0,305.69841269841265,0.0,51.4,98
2024-07-28,loratadina,40.0,265.69841269841265,0.0,50.5,103
2024-07-29,loratadina,45.0,220.69841269841265,0.0,58.4,118
2024-07-30,loratadina,34.0,186.69841269841265,0.0,32.0,47
2024-07-31,loratadina,39.0,147.69841269841265,0.0,44.3,74
2024-08-01,loratadina,38.0,109.69841269841265,0.0,36.8,63
2024-08-02,loratadina,36.0,73.69841269841265,0.0,36.0,68
2024-08-03,loratadina,31.0,599.2698412698412,556.5714285714286,58.0,123
2024-08-04,loratadina,55.0,544.2698412698412,0.0,44.6,122
2024-08-05,loratadina,65.0,479.2698412698412,0.0,70.8,159
2024-08-06,loratadina,42.0,437.2698412698412,0.0,27.7,82
2024-08-07,loratadina,33.0,404.2698412698412,0.0,43.8,106
2024-08-08,loratadina,41.0,363.2698412698412,0.0,46.5,89
2024-08-09,loratadina,32.0,331.2698412698412,0.0,57.1,119
2024-08-10,loratadina,43.0,288.2698412698412,0.0,42.2,95
2024-08-11,loratadina,35.0,253.2698412698412,0.0,44.0,95
2024-08-12,loratadina,27.0,226.2698412698412,0.0,53.0,97
2024-08-13,loratadina,49.0,177.2698412698412,0.0,45.6,97
2024-08-14,loratadina,44.0,780.1269841269841,646.8571428571429,62.1,113
2024-08-15,loratadina,32.0,748.1269841269841,0.0,41.6,80
2024-08-16,loratadina,29.0,719.1269841269841,0.0,41.5,75
2024-08-17,loratadina,34.0,685.1269841269841,0.0,60.0,114
2024-08-18,loratadina,36.0,649.1269841269841,0.0,42.1,80
2024-08-19,loratadina,56.0,593.1269841269841,0.0,44.6,100
2024-08-20,loratadina,33.0,560.1269841269841,0.0,42.2,83
2024-08-21,loratadina,51.0,509.1269841269841,0.0,48.1,99
2024-08-22,loratadina,39.0,470.1269841269841,0.0,27.7,56
2024-08-23,loratadina,46.0,424.1269841269841,0.0,35.7,66
2024-08-24,loratadina,41.0,383.1269841269841,0.0,42.1,90
2024-08-25,loratadina,22.0,361.1269841269841,0.0,43.9,76
2024-08-26,loratadina,35.0,326.1269841269841,0.0,45.9,92
2024-08-27,loratadina,38.0,288.1269841269841,0.0,47.1,99
2024-08-28,loratadina,44.0,244.1269841269841,0.0,38.4,72
2024-08-29,loratadina,40.0,204.1269841269841,0.0,43.5,83
2024-08-30,loratadina,35.0,169.1269841269841,0.0,35.7,56
2024-08-31,loratadina,43.0,126.1269841269841,0.0,36.5,77
2024-09-01,loratadina,44.0,82.1269841269841,0.0,58.8,141
2024-09-02,loratadina,41.0,666.2698412698412,625.1428571428571,42.2,69
2024-09-03,loratadina,26.0,640.2698412698412,0.0,36.1,69
2024-09-04,loratadina,36.0,604.2698412698412,0.0,41.9,97
2024-09-05,loratadina,41.0,563.2698412698412,0.0,52.8,107
2024-09-06,loratadina,28.0,535.2698412698412,0.0,39.2,68
2024-09-07,loratadina,48.0,487.2698412698412,0.0,58.9,147
2024-09-08,loratadina,38.0,449.2698412698412,0.0,55.8,118
2024-09-09,loratadina,38.0,411.2698412698412,0.0,59.9,124
2024-09-10,loratadina,37.0,374.2698412698412,0.0,43.4,81
2024-09-11,loratadina,24.0,350.2698412698412,0.0,42.4,75
2024-09-12,loratadina,40.0,310.2698412698412,0.0,39.8,91
2024-09-13,loratadina,31.0,279.2698412698412,0.0,45.7,88
2024-09-14,loratadina,36.0,243.2698412698412,0.0,46.7,98
2024-09-15,loratadina,42.0,201.2698412698412,0.0,45.6,97
2024-09-16,loratadina,31.0,170.2698412698412,0.0,45.4,81
2024-09-17,loratadina,46.0,124.26984126984121,0.0,45.8,75
2024-09-18,loratadina,31.0,686.4126984126983,593.1428571428571,42.1,61
2024-09-19,loratadina,57.0,629.4126984126983,0.0,46.8,80
2024-09-20,loratadina,27.0,602.4126984126983,0.0,29.6,47
2024-09-21,loratadina,35.0,567.4126984126983,0.0,47.6,93
2024-09-22,loratadina,36.0,531.4126984126983,0.0,49.2,93
2024-09-23,loratadina,27.0,504.4126984126983,0.0,48.0,97
2024-09-24,loratadina,40.0,464.4126984126983,0.0,38.3,69
2024-09-25,loratadina,30.0,434.4126984126983,0.0,35.1,52
2024-09-26,loratadina,41.0,393.4126984126983,0.0,35.4,63
2024-09-27,loratadina,33.0,360.4126984126983,0.0,32.7,63
2024-09-28,loratadina,39.0,321.4126984126983,0.0,43.1,89
2024-09-29,loratadina,47.0,274.4126984126983,0.0,45.2,83
2024-09-30,loratadina,36.0,238.41269841269832,0.0,47.9,98
2024-10-01,loratadina,27.0,211.41269841269832,0.0,38.1,66
2024-10-02,loratadina,43.0,168.41269841269832,0.0,40.1,68
2024-10-03,loratadina,43.0,125.41269841269832,0.0,35.5,67
2024-10-04,loratadina,28.0,685.9841269841269,588.5714285714286,34.1,50
2024-10-05,loratadina,24.0,661.9841269841269,0.0,47.7,93
2024-10-06,loratadina,26.0,635.9841269841269,0.0,49.3,116
2024-10-07,loratadina,27.0,608.9841269841269,0.0,46.0,76
2024-10-08,loratadina,22.0,586.9841269841269,0.0,32.2,59
2024-10-09,loratadina,31.0,555.9841269841269,0.0,34.3,78
2024-10-10,loratadina,26.0,529.9841269841269,0.0,38.1,82
2024-10-11,loratadina,31.0,498.9841269841269,0.0,36.8,78
2024-10-12,loratadina,38.0,460.9841269841269,0.0,59.3,130
2024-10-13,loratadina,32.0,428.9841269841269,0.0,43.3,88
2024-10-14,loratadina,31.0,397.9841269841269,0.0,44.1,91
2024-10-15,loratadina,42.0,355.9841269841269,0.0,40.9,71
2024-10-16,loratadina,36.0,319.9841269841269,0.0,41.5,76
2024-10-17,loratadina,37.0,282.9841269841269,0.0,40.4,73
2024-10-18,loratadina,28.0,254.98412698412687,0.0,35.9,59
2024-10-19,loratadina,24.0,230.98412698412687,0.0,57.0,117
2024-10-20,loratadina,36.0,194.98412698412687,0.0,24.8,56
2024-10-21,loratadina,30.0,164.98412698412687,0.0,37.7,73
2024-10-22,loratadina,41.0,123.98412698412687,0.0,31.5,76
2024-10-23,loratadina,24.0,99.98412698412687,0.0,39.6,74
2024-10-24,loratadina,27.0,565.5555555555554,492.57142857142856,36.7,66
2024-10-25,loratadina,29.0,536.5555555555554,0.0,42.6,71
2024-10-26,loratadina,30.0,506.55555555555543,0.0,49.5,89
2024-10-27,loratadina,39.0,467.55555555555543,0.0,56.8,121
2024-10-28,loratadina,37.0,430.55555555555543,0.0,36.4,71
2024-10-29,loratadina,37.0,393.55555555555543,0.0,43.2,79
2024-10-30,loratadina,29.0,364.55555555555543,0.0,29.0,50
2024-10-31,loratadina,35.0,329.55555555555543,0.0,44.7,89
2024-11-01,loratadina,33.0,296.55555555555543,0.0,38.2,59
2024-11-02,loratadina,42.0,254.55555555555543,0.0,57.9,133
2024-11-03,loratadina,38.0,216.55555555555543,0.0,54.6,108
2024-11-04,loratadina,21.0,195.55555555555543,0.0,45.3,83
2024-11-05,loratadina,35.0,160.55555555555543,0.0,37.8,80
2024-11-06,loratadina,25.0,135.55555555555543,0.0,37.4,57
2024-11-07,loratadina,32.0,103.55555555555543,0.0,41.9,73
2024-11-08,loratadina,38.0,65.55555555555543,0.0,41.6,79
2024-11-09,loratadina,40.0,25.55555555555543,0.0,42.4,91
2024-11-10,loratadina,32.0,529.5555555555554,536.0,46.9,105
2024-11-11,loratadina,38.0,491.55555555555543,0.0,42.6,89
2024-11-12,loratadina,27.0,464.55555555555543,0.0,46.2,87
2024-11-13,loratadina,25.0,439.55555555555543,0.0,24.1,41
2024-11-14,loratadina,20.0,419.55555555555543,0.0,40.9,73
2024-11-15,loratadina,38.0,381.55555555555543,0.0,39.8,89
2024-11-16,loratadina,28.0,353.55555555555543,0.0,48.1,101
2024-11-17,loratadina,47.0,306.55555555555543,0.0,53.9,114
2024-11-18,loratadina,42.0,264.55555555555543,0.0,61.2,108
2024-11-19,loratadina,34.0,230.55555555555543,0.0,28.0,57
2024-11-20,loratadina,23.0,207.55555555555543,0.0,61.8,121
2024-11-21,loratadina,24.0,183.55555555555543,0.0,42.9,82
2024-11-22,loratadina,40.0,143.55555555555543,0.0,29.6,41
2024-11-23,loratadina,31.0,112.55555555555543,0.0,54.0,114
2024-11-24,loratadina,31.0,81.55555555555543,0.0,40.6,72
2024-11-25,loratadina,11.0,70.55555555555543,0.0,34.7,62
2024-11-26,loratadina,25.0,579.2698412698411,533.7142857142857,45.0,73
2024-11-27,loratadina,27.0,552.2698412698411,0.0,39.1,78
2024-11-28,loratadina,43.0,509.2698412698411,0.0,38.8,59
2024-11-29,loratadina,28.0,481.2698412698411,0.0,29.9,54
2024-11-30,loratadina,23.0,458.2698412698411,0.0,42.0,82
2024-12-01,loratadina,41.0,417.2698412698411,0.0,38.7,84
2024-12-02,loratadina,37.0,380.2698412698411,0.0,36.1,59
2024-12-03,loratadina,32.0,348.2698412698411,0.0,50.9,90
2024-12-04,loratadina,37.0,311.2698412698411,0.0,43.0,85
2024-12-05,loratadina,26.0,285.2698412698411,0.0,37.3,70
2024-12-06,loratadina,44.0,241.2698412698411,0.0,28.7,56
2024-12-07,loratadina,25.0,216.2698412698411,0.0,45.2,93
2024-12-08,loratadina,39.0,177.2698412698411,0.0,48.2,117
2024-12-09,loratadina,41.0,136.2698412698411,0.0,42.8,94
2024-12-10,loratadina,41.0,95.2698412698411,0.0,51.6,106
2024-12-11,loratadina,27.0,68.2698412698411,0.0,30.1,32
2024-12-12,loratadina,31.0,37.269841269841095,0.0,40.9,46
2024-12-13,loratadina,20.0,17.269841269841095,0.0,39.6,81
2024-12-14,loratadina,48.0,467.55555555555543,498.2857142857143,42.8,67
2024-12-15,loratadina,25.0,442.55555555555543,0.0,52.7,109
2024-12-16,loratadina,32.0,410.55555555555543,0.0,40.6,79
2024-12-17,loratadina,36.0,374.55555555555543,0.0,38.8,67
2024-12-18,loratadina,25.0,349.55555555555543,0.0,36.2,64
2024-12-19,loratadina,25.0,324.55555555555543,0.0,35.7,62
2024-12-20,loratadina,28.0,296.55555555555543,0.0,34.4,64
2024-12-21,loratadina,45.0,251.55555555555543,0.0,43.7,102
2024-12-22,loratadina,34.0,217.55555555555543,0.0,42.4,100
2024-12-23,loratadina,24.0,193.55555555555543,0.0,45.3,83
2024-12-24,loratadina,43.0,150.55555555555543,0.0,35.2,65
2024-12-25,loratadina,29.0,121.55555555555543,0.0,38.5,78
2024-12-26,loratadina,38.0,83.55555555555543,0.0,32.9,55
2024-12-27,loratadina,31.0,581.6984126984125,529.1428571428571,45.1,81
2024-12-28,loratadina,32.0,549.6984126984125,0.0,53.9,113
2024-12-29,loratadina,32.0,517.6984126984125,0.0,38.3,78
2024-12-30,loratadina,30.0,487.69841269841254,0.0,51.0,93
2024-12-31,loratadina,26.0,461.69841269841254,0.0,43.7,68
2025-01-01,loratadina,35.0,426.69841269841254,0.0,50.9,101
2025-01-02,loratadina,34.0,392.69841269841254,0.0,43.7,75
2025-01-03,loratadina,39.0,353.69841269841254,0.0,45.2,76
2025-01-04,loratadina,32.0,321.69841269841254,0.0,50.7,93
2025-01-05,loratadina,29.0,292.69841269841254,0.0,49.6,96
2025-01-06,loratadina,24.0,268.69841269841254,0.0,49.6,96
2025-01-07,loratadina,40.0,228.69841269841254,0.0,44.7,83
2025-01-08,loratadina,30.0,198.69841269841254,0.0,36.2,77
2025-01-09,loratadina,24.0,174.69841269841254,0.0,41.2,71
2025-01-10,loratadina,27.0,147.69841269841254,0.0,46.3,109
2025-01-11,loratadina,32.0,115.69841269841254,0.0,40.9,87
2025-01-12,loratadina,39.0,595.5555555555554,518.8571428571429,41.6,65
2025-01-13,loratadina,42.0,553.5555555555554,0.0,60.7,125
2025-01-14,loratadina,39.0,514.5555555555554,0.0,39.8,58
2025-01-15,loratadina,24.0,490.55555555555543,0.0,29.7,49
2025-01-16,loratadina,28.0,462.55555555555543,0.0,34.9,74
2025-01-17,loratadina,23.0,439.55555555555543,0.0,31.9,55
2025-01-18,loratadina,32.0,407.55555555555543,0.0,39.9,74
2025-01-19,loratadina,40.0,367.55555555555543,0.0,33.2,55
2025-01-20,loratadina,47.0,320.55555555555543,0.0,50.0,91
2025-01-21,loratadina,24.0,296.55555555555543,0.0,34.5,64
2025-01-22,loratadina,27.0,269.55555555555543,0.0,43.3,81
2025-01-23,loratadina,28.0,241.55555555555543,0.0,37.3,79
2025-01-24,loratadina,31.0,210.55555555555543,0.0,34.6,55
2025-01-25,loratadina,29.0,181.55555555555543,0.0,43.4,85
2025-01-26,loratadina,32.0,149.55555555555543,0.0,43.8,95
2025-01-27,loratadina,29.0,120.55555555555543,0.0,37.5,71
2025-01-28,loratadina,24.0,608.5555555555554,512.0,40.2,78
2025-01-29,loratadina,24.0,584.5555555555554,0.0,41.9,84
2025-01-30,loratadina,45.0,539.5555555555554,0.0,36.4,45
2025-01-31,loratadina,21.0,518.5555555555554,0.0,40.5,78
2025-02-01,loratadina,33.0,485.55555555555543,0.0,43.4,88
2025-02-02,loratadina,30.0,455.55555555555543,0.0,40.5,101
2025-02-03,loratadina,28.0,427.55555555555543,0.0,33.1,66
2025-02-04,loratadina,46.0,381.55555555555543,0.0,37.0,70
2025-02-05,loratadina,48.0,333.55555555555543,0.0,38.5,79
2025-02-06,loratadina,37.0,296.55555555555543,0.0,52.0,94
2025-02-07,loratadina,28.0,268.55555555555543,0.0,30.8,51
2025-02-08,loratadina,30.0,238.55555555555543,0.0,58.3,113
2025-02-09,loratadina,42.0,196.55555555555543,0.0,47.4,96
2025-02-10,loratadina,42.0,154.55555555555543,0.0,46.6,94
2025-02-11,loratadina,26.0,128.55555555555543,0.0,41.6,81
2025-02-12,loratadina,20.0,108.55555555555543,0.0,30.4,48
2025-02-13,loratadina,26.0,82.55555555555543,0.0,36.9,47
2025-02-14,loratadina,29.0,53.55555555555543,0.0,25.0,59
2025-02-15,loratadina,42.0,530.4126984126983,518.8571428571429,26.9,61
2025-02-16,loratadina,35.0,495.4126984126983,0.0,36.3,71
2025-02-17,loratadina,34.0,461.4126984126983,0.0,50.4,105
2025-02-18,loratadina,36.0,425.4126984126983,0.0,32.1,45
2025-02-19,loratadina,37.0,388.4126984126983,0.0,45.6,86
2025-02-20,loratadina,27.0,361.4126984126983,0.0,35.5,67
2025-02-21,loratadina,33.0,328.4126984126983,0.0,43.6,74
2025-02-22,loratadina,33.0,295.4126984126983,0.0,47.1,84
2025-02-23,loratadina,40.0,255.41269841269832,0.0,56.3,120
2025-02-24,loratadina,30.0,225.41269841269832,0.0,46.8,84
2025-02-25,loratadina,23.0,202.41269841269832,0.0,28.0,38
2025-02-26,loratadina,25.0,177.41269841269832,0.0,26.7,44
2025-02-27,loratadina,43.0,134.41269841269832,0.0,39.8,67
2025-02-28,loratadina,31.0,103.41269841269832,0.0,39.9,74
2025-03-01,loratadina,42.0,589.4126984126983,528.0,46.1,93
2025-03-02,loratadina,33.0,556.4126984126983,0.0,58.7,112
2025-03-03,loratadina,36.0,520.4126984126983,0.0,42.3,110
2025-03-04,loratadina,47.0,473.4126984126983,0.0,26.1,52
2025-03-05,loratadina,31.0,442.4126984126983,0.0,31.9,66
2025-03-06,loratadina,33.0,409.4126984126983,0.0,28.9,48
2025-03-07,loratadina,48.0,361.4126984126983,0.0,33.6,60
2025-03-08,loratadina,25.0,336.4126984126983,0.0,44.7,106
2025-03-09,loratadina,36.0,300.4126984126983,0.0,36.2,76
2025-03-10,loratadina,45.0,255.41269841269832,0.0,50.4,115
2025-03-11,loratadina,36.0,219.41269841269832,0.0,45.8,64
2025-03-12,loratadina,19.0,200.41269841269832,0.0,39.7,54
2025-03-13,loratadina,25.0,175.41269841269832,0.0,41.3,84
2025-03-14,loratadina,33.0,142.41269841269832,0.0,38.7,76
2025-03-15,loratadina,30.0,664.4126984126983,552.0,46.1,106
2025-03-16,loratadina,55.0,609.4126984126983,0.0,53.6,136
2025-03-17,loratadina,34.0,575.4126984126983,0.0,50.6,107
2025-03-18,loratadina,36.0,539.4126984126983,0.0,41.1,90
2025-03-19,loratadina,20.0,519.4126984126983,0.0,46.9,96
2025-03-20,loratadina,43.0,476.4126984126983,0.0,28.9,62
2025-03-21,loratadina,34.0,442.4126984126983,0.0,28.4,51
2025-03-22,loratadina,25.0,417.4126984126983,0.0,51.3,106
2025-03-23,loratadina,26.0,391.4126984126983,0.0,46.9,91
2025-03-24,loratadina,36.0,355.4126984126983,0.0,46.4,89
2025-03-25,loratadina,29.0,326.4126984126983,0.0,36.3,80
2025-03-26,loratadina,22.0,304.4126984126983,0.0,39.4,64
2025-03-27,loratadina,38.0,266.4126984126983,0.0,43.6,95
2025-03-28,loratadina,36.0,230.41269841269832,0.0,50.8,99
2025-03-29,loratadina,16.0,214.41269841269832,0.0,54.8,118
2025-03-30,loratadina,42.0,172.41269841269832,0.0,44.1,103
2025-03-31,loratadina,22.0,150.41269841269832,0.0,43.1,88
2025-04-01,loratadina,26.0,124.41269841269832,0.0,45.2,86
2025-04-02,loratadina,22.0,629.2698412698412,526.8571428571429,38.1,63
2025-04-03,loratadina,27.0,602.2698412698412,0.0,43.1,86
2025-04-04,loratadina,22.0,580.2698412698412,0.0,48.4,82
2025-04-05,loratadina,37.0,543.2698412698412,0.0,50.9,95
2025-04-06,loratadina,35.0,508.2698412698412,0.0,47.9,101
2025-04-07,loratadina,26.0,482.2698412698412,0.0,53.7,106
2025-04-08,loratadina,25.0,457.2698412698412,0.0,51.4,86
2025-04-09,loratadina,29.0,428.2698412698412,0.0,45.6,69
2025-04-10,loratadina,24.0,404.2698412698412,0.0,29.3,59
2025-04-11,loratadina,35.0,369.2698412698412,0.0,43.5,96
2025-04-12,loratadina,20.0,349.2698412698412,0.0,66.1,133
2025-04-13,loratadina,31.0,318.2698412698412,0.0,55.6,132
2025-04-14,loratadina,20.0,298.2698412698412,0.0,40.5,92
2025-04-15,loratadina,20.0,278.2698412698412,0.0,41.0,84
2025-04-16,loratadina,35.0,243.2698412698412,0.0,48.2,94
2025-04-17,loratadina,26.0,217.2698412698412,0.0,42.9,85
2025-04-18,loratadina,25.0,192.2698412698412,0.0,54.7,125
2025-04-19,loratadina,36.0,156.2698412698412,0.0,53.6,122
2025-04-20,loratadina,37.0,119.26984126984121,0.0,52.7,120
2025-04-21,loratadina,43.0,76.26984126984121,0.0,73.8,182
2025-04-22,loratadina,37.0,39.26984126984121,0.0,50.4,79
2025-04-23,loratadina,25.0,455.4126984126984,441.14285714285717,43.5,82
2025-04-24,loratadina,40.0,415.4126984126984,0.0,65.4,138
2025-04-25,loratadina,22.0,393.4126984126984,0.0,42.8,89
2025-04-26,loratadina,32.0,361.4126984126984,0.0,62.2,141
2025-04-27,loratadina,32.0,329.4126984126984,0.0,48.2,107
2025-04-28,loratadina,34.0,295.4126984126984,0.0,32.7,85
2025-04-29,loratadina,21.0,274.4126984126984,0.0,27.3,55
2025-04-30,loratadina,22.0,252.41269841269838,0.0,33.3,77
2025-05-01,loratadina,35.0,217.41269841269838,0.0,42.4,108
2025-05-02,loratadina,24.0,193.41269841269838,0.0,32.6,68
2025-05-03,loratadina,48.0,145.41269841269838,0.0,54.2,101
2025-05-04,loratadina,41.0,104.41269841269838,0.0,56.1,122
2025-05-05,loratadina,27.0,77.41269841269838,0.0,53.1,98
2025-05-06,loratadina,23.0,54.412698412698376,0.0,45.3,86
2025-05-07,loratadina,21.0,541.984126984127,508.57142857142856,43.0,75
2025-05-08,loratadina,27.0,514.984126984127,0.0,32.7,65
2025-05-09,loratadina,34.0,480.984126984127,0.0,37.7,63
2025-05-10,loratadina,37.0,443.984126984127,0.0,54.7,109
2025-05-11,loratadina,35.0,408.984126984127,0.0,47.0,102
2025-05-12,loratadina,24.0,384.984126984127,0.0,38.9,66
2025-05-13,loratadina,38.0,346.984126984127,0.0,38.3,64
2025-05-14,loratadina,29.0,317.984126984127,0.0,40.1,82
2025-05-15,loratadina,43.0,274.984126984127,0.0,46.5,107
2025-05-16,loratadina,35.0,239.984126984127,0.0,45.3,104
2025-05-17,loratadina,34.0,205.984126984127,0.0,53.5,113
2025-05-18,loratadina,43.0,162.984126984127,0.0,49.5,99
2025-05-19,loratadina,24.0,138.984126984127,0.0,30.0,56
2025-05-20,loratadina,41.0,97.98412698412699,0.0,48.3,99
2025-05-21,loratadina,48.0,49.98412698412699,0.0,52.3,104
2025-05-22,loratadina,38.0,11.984126984126988,0.0,40.2,69
2025-05-23,loratadina,44.0,483.41269841269843,515.4285714285714,52.7,94
2025-05-24,loratadina,41.0,442.41269841269843,0.0,62.1,124
2025-05-25,loratadina,50.0,392.41269841269843,0.0,44.2,99
2025-05-26,loratadina,30.0,362.41269841269843,0.0,47.3,77
2025-05-27,loratadina,34.0,328.41269841269843,0.0,40.5,83
2025-05-28,loratadina,24.0,304.41269841269843,0.0,44.0,75
2025-05-29,loratadina,28.0,276.41269841269843,0.0,50.3,104
2025-05-30,loratadina,41.0,235.41269841269843,0.0,51.8,114
2025-05-31,loratadina,42.0,193.41269841269843,0.0,45.9,113
2025-06-01,loratadina,43.0,150.41269841269843,0.0,52.5,113
2025-06-02,loratadina,24.0,736.6984126984128,610.2857142857143,45.5,109
2025-06-03,loratadina,36.0,700.6984126984128,0.0,57.4,114
2025-06-04,loratadina,40.0,660.6984126984128,0.0,54.0,98
2025-06-05,loratadina,40.0,620.6984126984128,0.0,38.4,80
2025-06-06,loratadina,48.0,572.6984126984128,0.0,51.9,106
2025-06-07,loratadina,34.0,538.6984126984128,0.0,50.6,114
2025-06-08,loratadina,30.0,508.69841269841277,0.0,59.4,138
2025-06-09,loratadina,39.0,469.69841269841277,0.0,46.1,84
2025-06-10,loratadina,37.0,432.69841269841277,0.0,48.4,100
2025-06-11,loratadina,22.0,410.69841269841277,0.0,42.2,62
2025-06-12,loratadina,37.0,373.69841269841277,0.0,40.4,82
2025-06-13,loratadina,46.0,327.69841269841277,0.0,50.8,95
2025-06-14,loratadina,44.0,283.69841269841277,0.0,53.9,114
2025-06-15,loratadina,31.0,252.69841269841277,0.0,53.5,105
2025-06-16,loratadina,35.0,217.69841269841277,0.0,42.6,88
2025-06-17,loratadina,36.0,181.69841269841277,0.0,37.9,70
2025-06-18,loratadina,33.0,148.69841269841277,0.0,39.7,76
2025-06-19,loratadina,29.0,119.69841269841277,0.0,37.9,79
2025-06-20,loratadina,47.0,664.6984126984128,592.0,43.5,78
2025-06-21,loratadina,46.0,618.6984126984128,0.0,60.6,127
2025-06-22,loratadina,37.0,581.6984126984128,0.0,44.3,81
2025-06-23,loratadina,32.0,549.6984126984128,0.0,53.0,95
2025-06-24,loratadina,41.0,508.69841269841277,0.0,35.5,46
2025-06-25,loratadina,42.0,466.69841269841277,0.0,35.2,66
2025-06-26,loratadina,32.0,434.69841269841277,0.0,37.5,64
2025-06-27,loratadina,19.0,415.69841269841277,0.0,40.1,83
2025-06-28,loratadina,39.0,376.69841269841277,0.0,50.4,105
2025-06-29,loratadina,66.0,310.69841269841277,0.0,45.5,98
2025-06-30,loratadina,38.0,272.69841269841277,0.0,53.7,96
2025-07-01,loratadina,49.0,223.69841269841277,0.0,43.0,80
2025-07-02,loratadina,32.0,191.69841269841277,0.0,39.3,76
2025-07-03,loratadina,35.0,156.69841269841277,0.0,42.9,70
2025-07-04,loratadina,39.0,117.69841269841277,0.0,35.7,88
2025-07-05,loratadina,36.0,691.9841269841271,610.2857142857143,43.0,107
2025-07-06,loratadina,37.0,654.9841269841271,0.0,51.1,98
2025-07-07,loratadina,51.0,603.9841269841271,0.0,54.1,115
2025-07-08,loratadina,20.0,583.9841269841271,0.0,42.6,80
2025-07-09,loratadina,38.0,545.9841269841271,0.0,32.4,69
2025-07-10,loratadina,37.0,508.9841269841271,0.0,36.9,67
2025-07-11,loratadina,39.0,469.9841269841271,0.0,45.4,68
2025-07-12,loratadina,39.0,430.9841269841271,0.0,43.8,77
2025-07-13,loratadina,35.0,395.9841269841271,0.0,54.2,114
2025-07-14,loratadina,47.0,348.9841269841271,0.0,39.8,80
2025-07-15,loratadina,47.0,301.9841269841271,0.0,38.3,75
2025-07-16,loratadina,48.0,253.9841269841271,0.0,36.2,89
2025-07-17,loratadina,34.0,219.9841269841271,0.0,36.3,62
2025-07-18,loratadina,43.0,176.9841269841271,0.0,48.8,91
2025-07-19,loratadina,51.0,125.9841269841271,0.0,51.7,127
2025-07-20,loratadina,37.0,88.9841269841271,0.0,47.7,105
2025-07-21,loratadina,36.0,52.9841269841271,0.0,38.7,85
2025-07-22,loratadina,42.0,618.9841269841271,608.0,38.8,83
2025-07-23,loratadina,41.0,577.9841269841271,0.0,46.0,92
2025-07-24,loratadina,36.0,541.9841269841271,0.0,20.7,44
2025-07-25,loratadina,37.0,504.9841269841271,0.0,39.1,66
2025-07-26,loratadina,28.0,476.9841269841271,0.0,59.3,122
2025-07-27,loratadina,45.0,431.9841269841271,0.0,48.3,102
2025-07-28,loratadina,62.0,369.9841269841271,0.0,40.8,106
2025-07-29,loratadina,39.0,330.9841269841271,0.0,31.7,63
2025-07-30,loratadina,36.0,294.9841269841271,0.0,50.0,90
2025-07-31,loratadina,33.0,261.9841269841271,0.0,31.5,83
2025-08-01,loratadina,24.0,237.9841269841271,0.0,31.1,54
2025-08-02,loratadina,26.0,211.9841269841271,0.0,49.8,117
2025-08-03,loratadina,40.0,842.84126984127,670.8571428571429,37.8,60
2025-08-04,loratadina,48.0,794.84126984127,0.0,41.7,88
2025-08-05,loratadina,37.0,757.84126984127,0.0,57.6,121
2025-08-06,loratadina,26.0,731.84126984127,0.0,37.6,62
2025-08-07,loratadina,38.0,693.84126984127,0.0,52.8,91
2025-08-08,loratadina,33.0,660.84126984127,0.0,39.4,76
2025-08-09,loratadina,41.0,619.84126984127,0.0,43.8,82
2025-08-10,loratadina,40.0,579.84126984127,0.0,42.3,99
2025-08-11,loratadina,35.0,544.84126984127,0.0,52.3,97
2025-08-12,loratadina,42.0,502.84126984127,0.0,44.1,96
2025-08-13,loratadina,38.0,464.84126984127,0.0,27.8,47
2025-08-14,loratadina,50.0,414.84126984127,0.0,49.9,104
2025-08-15,loratadina,53.0,361.84126984127,0.0,44.4,106
2025-08-16,loratadina,50.0,311.84126984127,0.0,52.3,108
2025-08-17,loratadina,42.0,269.84126984127,0.0,51.8,98
2025-08-18,loratadina,33.0,236.84126984127,0.0,55.7,117
2025-08-19,loratadina,47.0,189.84126984127,0.0,30.3,66
2025-08-20,loratadina,46.0,143.84126984127,0.0,47.7,99
2025-08-21,loratadina,33.0,110.84126984126999,0.0,52.6,103
2025-08-22,loratadina,40.0,70.84126984126999,0.0,28.5,64
2025-08-23,loratadina,56.0,14.841269841269991,0.0,54.8,130
2025-08-24,loratadina,41.0,626.4126984126985,652.5714285714286,46.5,84
2025-08-25,loratadina,27.0,599.4126984126985,0.0,52.5,108
2025-08-26,loratadina,48.0,551.4126984126985,0.0,39.4,69
2025-08-27,loratadina,31.0,520.4126984126985,0.0,42.4,61
2025-08-28,loratadina,41.0,479.41269841269855,0.0,40.0,70
2025-08-29,loratadina,42.0,437.41269841269855,0.0,49.5,95
2025-08-30,loratadina,45.0,392.41269841269855,0.0,64.0,113
2025-08-31,loratadina,40.0,352.41269841269855,0.0,43.9,89
2025-09-01,loratadina,40.0,312.41269841269855,0.0,52.4,120
2025-09-02,loratadina,31.0,281.41269841269855,0.0,40.5,72
2025-09-03,loratadina,54.0,227.41269841269855,0.0,41.2,74
2025-09-04,loratadina,45.0,182.41269841269855,0.0,36.0,70
2025-09-05,loratadina,26.0,156.41269841269855,0.0,42.4,94
2025-09-06,loratadina,46.0,761.84126984127,651.4285714285714,58.5,102
2025-09-07,loratadina,45.0,716.84126984127,0.0,68.8,154
2025-09-08,loratadina,47.0,669.84126984127,0.0,47.1,104
2025-09-09,loratadina,42.0,627.84126984127,0.0,43.9,76
2025-09-10,loratadina,42.0,585.84126984127,0.0,38.4,72
2025-09-11,loratadina,25.0,560.84126984127,0.0,44.1,90
2025-09-12,loratadina,39.0,521.84126984127,0.0,41.0,72
2025-09-13,loratadina,31.0,490.84126984127,0.0,41.7,95
2025-09-14,loratadina,32.0,458.84126984127,0.0,53.5,110
2025-09-15,loratadina,30.0,428.84126984127,0.0,44.3,66
2025-09-16,loratadina,30.0,398.84126984127,0.0,39.6,69
2025-09-17,loratadina,32.0,366.84126984127,0.0,33.8,62
2025-09-18,loratadina,49.0,317.84126984127,0.0,38.9,78
2025-09-19,loratadina,28.0,289.84126984127,0.0,38.9,77
2025-09-20,loratadina,39.0,250.84126984127,0.0,47.2,99
2025-09-21,loratadina,48.0,202.84126984127,0.0,42.2,86
2025-09-22,loratadina,35.0,167.84126984127,0.0,53.0,102
2025-09-23,loratadina,23.0,144.84126984127,0.0,42.4,102
2025-09-24,loratadina,26.0,118.84126984126999,0.0,46.4,84
2025-09-25,loratadina,29.0,679.5555555555557,589.7142857142857,32.7,59
2025-09-26,loratadina,32.0,647.5555555555557,0.0,45.5,87
2025-09-27,loratadina,41.0,606.5555555555557,0.0,45.5,104
2025-09-28,loratadina,42.0,564.5555555555557,0.0,56.4,107
2025-09-29,loratadina,36.0,528.5555555555557,0.0,39.6,60
2025-09-30,loratadina,32.0,496.55555555555566,0.0,48.9,90
2025-10-01,loratadina,49.0,447.55555555555566,0.0,41.8,98
2025-10-02,loratadina,36.0,411.55555555555566,0.0,40.0,66
2025-10-03,loratadina,43.0,368.55555555555566,0.0,49.5,98
2025-10-04,loratadina,46.0,322.55555555555566,0.0,60.7,153
2025-10-05,loratadina,43.0,279.55555555555566,0.0,49.2,102
2025-10-06,loratadina,41.0,238.55555555555566,0.0,42.3,78
2025-10-07,loratadina,34.0,204.55555555555566,0.0,40.0,69
2025-10-08,loratadina,40.0,164.55555555555566,0.0,52.4,109
2025-10-09,loratadina,31.0,133.55555555555566,0.0,38.6,68
2025-10-10,loratadina,38.0,95.55555555555566,0.0,35.6,46
2025-10-11,loratadina,39.0,648.5555555555557,592.0,60.5,120
2025-10-12,loratadina,50.0,598.5555555555557,0.0,68.6,190
2025-10-13,loratadina,38.0,560.5555555555557,0.0,48.0,102
2025-10-14,loratadina,43.0,517.5555555555557,0.0,55.3,121
2025-10-15,loratadina,28.0,489.55555555555566,0.0,26.5,57
2025-10-16,loratadina,38.0,451.55555555555566,0.0,51.4,107
2025-10-17,loratadina,23.0,428.55555555555566,0.0,46.6,80
2025-10-18,loratadina,40.0,388.55555555555566,0.0,42.1,94
2025-10-19,loratadina,32.0,356.55555555555566,0.0,49.9,100
2025-10-20,loratadina,42.0,314.55555555555566,0.0,51.9,120
2025-10-21,loratadina,29.0,285.55555555555566,0.0,36.8,74
2025-10-22,loratadina,30.0,255.55555555555566,0.0,39.8,58
2025-10-23,loratadina,41.0,214.55555555555566,0.0,38.0,76
2025-10-24,loratadina,38.0,176.55555555555566,0.0,42.7,78
2025-10-25,loratadina,32.0,144.55555555555566,0.0,49.5,124
2025-10-26,loratadina,42.0,102.55555555555566,0.0,60.6,113
2025-10-27,loratadina,30.0,662.2698412698413,589.7142857142857,42.3,75
2025-10-28,loratadina,35.0,627.2698412698413,0.0,29.0,46
2025-10-29,loratadina,25.0,602.2698412698413,0.0,45.6,85
2025-10-30,loratadina,36.0,566.2698412698413,0.0,29.3,61
2025-10-31,loratadina,47.0,519.2698412698413,0.0,41.8,67
2025-11-01,loratadina,35.0,484.2698412698413,0.0,50.8,110
2025-11-02,loratadina,33.0,451.2698412698413,0.0,61.1,138
2025-11-03,loratadina,42.0,409.2698412698413,0.0,32.3,59
2025-11-04,loratadina,27.0,382.2698412698413,0.0,33.7,64
2025-11-05,loratadina,34.0,348.2698412698413,0.0,47.2,88
2025-11-06,loratadina,26.0,322.2698412698413,0.0,40.5,74
2025-11-07,loratadina,28.0,294.2698412698413,0.0,56.8,116
2025-11-08,loratadina,36.0,258.2698412698413,0.0,51.4,108
2025-11-09,loratadina,39.0,219.26984126984132,0.0,58.3,122
2025-11-10,loratadina,32.0,187.26984126984132,0.0,36.4,70
2025-11-11,loratadina,29.0,158.26984126984132,0.0,54.0,90
2025-11-12,loratadina,34.0,124.26984126984132,0.0,31.8,70
2025-11-13,loratadina,27.0,97.26984126984132,0.0,59.2,116
2025-11-14,loratadina,29.0,607.6984126984128,539.4285714285714,41.5,64
2025-11-15,loratadina,19.0,588.6984126984128,0.0,58.1,137
2025-11-16,loratadina,28.0,560.6984126984128,0.0,53.3,88
2025-11-17,loratadina,24.0,536.6984126984128,0.0,56.1,110
2025-11-18,loratadina,32.0,504.69841269841277,0.0,40.2,65
2025-11-19,loratadina,28.0,476.69841269841277,0.0,37.2,67
2025-11-20,loratadina,45.0,431.69841269841277,0.0,48.8,103
2025-11-21,loratadina,26.0,405.69841269841277,0.0,42.5,85
2025-11-22,loratadina,34.0,371.69841269841277,0.0,49.8,99
2025-11-23,loratadina,42.0,329.69841269841277,0.0,54.9,102
2025-11-24,loratadina,31.0,298.69841269841277,0.0,37.1,65
2025-11-25,loratadina,27.0,271.69841269841277,0.0,26.7,48
2025-11-26,loratadina,24.0,247.69841269841277,0.0,39.6,65
2025-11-27,loratadina,27.0,220.69841269841277,0.0,35.5,52
2025-11-28,loratadina,23.0,197.69841269841277,0.0,26.7,30
2025-11-29,loratadina,39.0,158.69841269841277,0.0,47.7,89
2025-11-30,loratadina,35.0,123.69841269841277,0.0,53.8,118
2025-12-01,loratadina,27.0,583.5555555555557,486.85714285714283,44.5,99
2025-12-02,loratadina,26.0,557.5555555555557,0.0,33.9,68
2025-12-03,loratadina,29.0,528.5555555555557,0.0,28.7,62
2025-12-04,loratadina,46.0,482.55555555555566,0.0,48.8,98
2025-12-05,loratadina,25.0,457.55555555555566,0.0,47.6,98
2025-12-06,loratadina,46.0,411.55555555555566,0.0,38.4,76
2025-12-07,loratadina,28.0,383.55555555555566,0.0,36.8,100
2025-12-08,loratadina,34.0,349.55555555555566,0.0,46.1,107
2025-12-09,loratadina,22.0,327.55555555555566,0.0,41.2,66
2025-12-10,loratadina,35.0,292.55555555555566,0.0,43.8,94
2025-12-11,loratadina,32.0,260.55555555555566,0.0,43.4,81
2025-12-12,loratadina,29.0,231.55555555555566,0.0,32.5,70
2025-12-13,loratadina,28.0,203.55555555555566,0.0,47.3,80
2025-12-14,loratadina,37.0,166.55555555555566,0.0,44.2,89
2025-12-15,loratadina,25.0,141.55555555555566,0.0,34.0,55
2025-12-16,loratadina,36.0,105.55555555555566,0.0,41.8,54
2025-12-17,loratadina,28.0,77.55555555555566,0.0,38.9,55
2025-12-18,loratadina,41.0,36.55555555555566,0.0,36.9,70
2025-12-19,loratadina,28.0,519.4126984126985,510.85714285714283,37.1,74
2025-12-20,loratadina,41.0,478.41269841269855,0.0,43.4,89
2025-12-21,loratadina,29.0,449.41269841269855,0.0,48.9,95
2025-12-22,loratadina,22.0,427.41269841269855,0.0,49.2,103
2025-12-23,loratadina,31.0,396.41269841269855,0.0,29.2,49
2025-12-24,loratadina,24.0,372.41269841269855,0.0,38.0,53
2025-12-25,loratadina,37.0,335.41269841269855,0.0,53.7,116
2025-12-26,loratadina,32.0,303.41269841269855,0.0,52.2,84
2025-12-27,loratadina,31.0,272.41269841269855,0.0,40.9,77
2025-12-28,loratadina,44.0,228.41269841269855,0.0,62.0,118
2025-12-29,loratadina,37.0,191.41269841269855,0.0,38.5,67
2025-12-30,loratadina,20.0,171.41269841269855,0.0,36.0,53
2025-12-31,loratadina,23.0,148.41269841269855,0.0,36.6,74
2024-01-01,soro_antitermico_infantil,42.0,630.0,0.0,52.7,111
2024-01-02,soro_antitermico_infantil,67.0,563.0,0.0,33.6,51
2024-01-03,soro_antitermico_infantil,60.0,503.0,0.0,34.2,61
2024-01-04,soro_antitermico_infantil,29.0,474.0,0.0,32.6,51
2024-01-05,soro_antitermico_infantil,40.0,434.0,0.0,24.7,30
2024-01-06,soro_antitermico_infantil,44.0,390.0,0.0,41.6,71
2024-01-07,soro_antitermico_infantil,50.0,340.0,0.0,51.5,99
2024-01-08,soro_antitermico_infantil,46.0,294.0,0.0,29.9,65
2024-01-09,soro_antitermico_infantil,56.0,238.0,0.0,20.0,44
2024-01-10,soro_antitermico_infantil,42.0,1097.3333333333335,901.3333333333334,37.5,57
2024-01-11,soro_antitermico_infantil,55.0,1042.3333333333335,0.0,49.8,90
2024-01-12,soro_antitermico_infantil,55.0,987.3333333333335,0.0,37.9,81
2024-01-13,soro_antitermico_infantil,59.0,928.3333333333335,0.0,34.2,80
2024-01-14,soro_antitermico_infantil,57.0,871.3333333333335,0.0,43.7,85
2024-01-15,soro_antitermico_infantil,35.0,836.3333333333335,0.0,38.7,61
2024-01-16,soro_antitermico_infantil,46.0,790.3333333333335,0.0,33.7,37
2024-01-17,soro_antitermico_infantil,33.0,757.3333333333335,0.0,32.8,49
2024-01-18,soro_antitermico_infantil,46.0,711.3333333333335,0.0,28.6,47
2024-01-19,soro_antitermico_infantil,53.0,658.3333333333335,0.0,26.8,48
2024-01-20,soro_antitermico_infantil,36.0,622.3333333333335,0.0,39.9,75
2024-01-21,soro_antitermico_infantil,40.0,582.3333333333335,0.0,40.7,81
2024-01-22,soro_antitermico_infantil,52.0,530.3333333333335,0.0,22.5,37
2024-01-23,soro_antitermico_infantil,42.0,488.3333333333335,0.0,38.6,48
2024-01-24,soro_antitermico_infantil,35.0,453.3333333333335,0.0,36.8,46
2024-01-25,soro_antitermico_infantil,46.0,407.3333333333335,0.0,33.2,43
2024-01-26,soro_antitermico_infantil,43.0,364.3333333333335,0.0,26.7,48
2024-01-27,soro_antitermico_infantil,37.0,327.3333333333335,0.0,47.1,86
2024-01-28,soro_antitermico_infantil,37.0,290.3333333333335,0.0,40.6,70
2024-01-29,soro_antitermico_infantil,57.0,233.33333333333348,0.0,51.4,103
2024-01-30,soro_antitermico_infantil,55.0,178.33333333333348,0.0,35.7,49
2024-01-31,soro_antitermico_infantil,41.0,137.33333333333348,0.0,46.2,86
2024-02-01,soro_antitermico_infantil,45.0,818.0476190476192,725.7142857142857,34.4,51
2024-02-02,soro_antitermico_infantil,45.0,773.0476190476192,0.0,29.8,39
2024-02-03,soro_antitermico_infantil,50.0,723.0476190476192,0.0,40.2,72
2024-02-04,soro_antitermico_infantil,34.0,689.0476190476192,0.0,31.0,70
2024-02-05,soro_antitermico_infantil,39.0,650.0476190476192,0.0,39.8,74
2024-02-06,soro_antitermico_infantil,39.0,611.0476190476192,0.0,29.2,51
2024-02-07,soro_antitermico_infantil,39.0,572.0476190476192,0.0,34.0,73
2024-02-08,soro_antitermico_infantil,45.0,527.0476190476192,0.0,42.0,62
2024-02-09,soro_antitermico_infantil,53.0,474.04761904761915,0.0,51.3,88
2024-02-10,soro_antitermico_infantil,42.0,432.04761904761915,0.0,53.0,97
2024-02-11,soro_antitermico_infantil,57.0,375.04761904761915,0.0,59.8,129
2024-02-12,soro_antitermico_infantil,61.0,314.04761904761915,0.0,55.4,104
2024-02-13,soro_antitermico_infantil,55.0,259.04761904761915,0.0,46.5,94
2024-02-14,soro_antitermico_infantil,61.0,198.04761904761915,0.0,40.7,75
2024-02-15,soro_antitermico_infantil,52.0,146.04761904761915,0.0,42.8,96
2024-02-16,soro_antitermico_infantil,36.0,110.04761904761915,0.0,55.8,116
2024-02-17,soro_antitermico_infantil,67.0,43.04761904761915,0.0,58.6,128
2024-02-18,soro_antitermico_infantil,95.0,680.6190476190477,732.5714285714286,72.4,183
2024-02-19,soro_antitermico_infantil,74.0,606.6190476190477,0.0,61.3,137
2024-02-20,soro_antitermico_infantil,55.0,551.6190476190477,0.0,55.3,120
2024-02-21,soro_antitermico_infantil,70.0,481.6190476190477,0.0,73.6,151
2024-02-22,soro_antitermico_infantil,67.0,414.6190476190477,0.0,49.7,93
2024-02-23,soro_antitermico_infantil,56.0,358.6190476190477,0.0,56.0,121
2024-02-24,soro_antitermico_infantil,77.0,281.6190476190477,0.0,60.4,131
2024-02-25,soro_antitermico_infantil,100.0,181.6190476190477,0.0,65.6,148
2024-02-26,soro_antitermico_infantil,72.0,109.6190476190477,0.0,61.8,140
2024-02-27,soro_antitermico_infantil,78.0,972.1904761904761,940.5714285714286,56.9,136
2024-02-28,soro_antitermico_infantil,79.0,893.1904761904761,0.0,54.6,119
2024-02-29,soro_antitermico_infantil,75.0,818.1904761904761,0.0,63.8,152
2024-03-01,soro_antitermico_infantil,66.0,752.1904761904761,0.0,50.9,121
2024-03-02,soro_antitermico_infantil,65.0,687.1904761904761,0.0,63.2,136
2024-03-03,soro_antitermico_infantil,62.0,625.1904761904761,0.0,64.2,140
2024-03-04,soro_antitermico_infantil,70.0,555.1904761904761,0.0,60.3,154
2024-03-05,soro_antitermico_infantil,73.0,482.19047619047615,0.0,58.6,130
2024-03-06,soro_antitermico_infantil,61.0,421.19047619047615,0.0,59.9,121
2024-03-07,soro_antitermico_infantil,54.0,367.19047619047615,0.0,56.7,111
2024-03-08,soro_antitermico_infantil,55.0,312.19047619047615,0.0,60.7,123
2024-03-09,soro_antitermico_infantil,82.0,230.19047619047615,0.0,83.7,200
2024-03-10,soro_antitermico_infantil,67.0,163.19047619047615,0.0,70.4,172
2024-03-11,soro_antitermico_infantil,73.0,1228.4761904761904,1138.2857142857142,58.3,140
2024-03-12,soro_antitermico_infantil,79.0,1149.4761904761904,0.0,54.9,114
2024-03-13,soro_antitermico_infantil,92.0,1057.4761904761904,0.0,53.3,109
2024-03-14,soro_antitermico_infantil,71.0,986.4761904761904,0.0,70.9,149
2024-03-15,soro_antitermico_infantil,67.0,919.4761904761904,0.0,69.1,146
2024-03-16,soro_antitermico_infantil,54.0,865.4761904761904,0.0,61.7,139
2024-03-17,soro_antitermico_infantil,74.0,791.4761904761904,0.0,58.3,142
2024-03-18,soro_antitermico_infantil,75.0,716.4761904761904,0.0,62.4,143
2024-03-19,soro_antitermico_infantil,42.0,674.4761904761904,0.0,50.9,104
2024-03-20,soro_antitermico_infantil,58.0,616.4761904761904,0.0,57.9,129
2024-03-21,soro_antitermico_infantil,49.0,567.4761904761904,0.0,66.6,158
2024-03-22,soro_antitermico_infantil,56.0,511.47619047619037,0.0,52.1,107
2024-03-23,soro_antitermico_infantil,76.0,435.47619047619037,0.0,62.0,144
2024-03-24,soro_antitermico_infantil,76.0,359.47619047619037,0.0,57.6,133
2024-03-25,soro_antitermico_infantil,79.0,280.47619047619037,0.0,49.5,99
2024-03-26,soro_antitermico_infantil,59.0,221.47619047619037,0.0,50.1,109
2024-03-27,soro_antitermico_infantil,91.0,130.47619047619037,0.0,59.4,128
2024-03-28,soro_antitermico_infantil,64.0,1138.4761904761904,1072.0,47.6,94
2024-03-29,soro_antitermico_infantil,70.0,1068.4761904761904,0.0,62.6,153
2024-03-30,soro_antitermico_infantil,68.0,1000.4761904761904,0.0,66.3,156
2024-03-31,soro_antitermico_infantil,84.0,916.4761904761904,0.0,77.8,167
2024-04-01,soro_antitermico_infantil,78.0,838.4761904761904,0.0,53.0,126
2024-04-02,soro_antitermico_infantil,60.0,778.4761904761904,0.0,32.8,79
2024-04-03,soro_antitermico_infantil,64.0,714.4761904761904,0.0,53.0,134
2024-04-04,soro_antitermico_infantil,67.0,647.4761904761904,0.0,51.5,108
2024-04-05,soro_antitermico_infantil,61.0,586.4761904761904,0.0,47.7,97
2024-04-06,soro_antitermico_infantil,60.0,526.4761904761904,0.0,59.3,132
2024-04-07,soro_antitermico_infantil,61.0,465.47619047619037,0.0,48.9,87
2024-04-08,soro_antitermico_infantil,76.0,389.47619047619037,0.0,51.9,140
2024-04-09,soro_antitermico_infantil,75.0,314.47619047619037,0.0,51.6,104
2024-04-10,soro_antitermico_infantil,92.0,222.47619047619037,0.0,67.4,136
2024-04-11,soro_antitermico_infantil,71.0,1290.9047619047617,1139.4285714285713,56.3,135
2024-04-12,soro_antitermico_infantil,87.0,1203.9047619047617,0.0,53.0,117
2024-04-13,soro_antitermico_infantil,60.0,1143.9047619047617,0.0,62.0,147
2024-04-14,soro_antitermico_infantil,62.0,1081.9047619047617,0.0,47.8,108
2024-04-15,soro_antitermico_infantil,64.0,1017.9047619047617,0.0,47.3,100
2024-04-16,soro_antitermico_infantil,55.0,962.9047619047617,0.0,56.7,107
2024-04-17,soro_antitermico_infantil,67.0,895.9047619047617,0.0,45.4,70
2024-04-18,soro_antitermico_infantil,70.0,825.9047619047617,0.0,48.6,104
2024-04-19,soro_antitermico_infantil,70.0,755.9047619047617,0.0,58.0,105
2024-04-20,soro_antitermico_infantil,58.0,697.9047619047617,0.0,56.8,123
2024-04-21,soro_antitermico_infantil,64.0,633.9047619047617,0.0,86.4,188
2024-04-22,soro_antitermico_infantil,46.0,587.9047619047617,0.0,38.8,73
2024-04-23,soro_antitermico_infantil,52.0,535.9047619047617,0.0,37.6,67
2024-04-24,soro_antitermico_infantil,50.0,485.9047619047617,0.0,42.4,78
2024-04-25,soro_antitermico_infantil,44.0,441.9047619047617,0.0,53.3,77
2024-04-26,soro_antitermico_infantil,47.0,394.9047619047617,0.0,43.6,76
2024-04-27,soro_antitermico_infantil,50.0,344.9047619047617,0.0,52.4,119
2024-04-28,soro_antitermico_infantil,74.0,1346.333333333333,1075.4285714285713,60.2,122
2024-04-29,soro_antitermico_infantil,77.0,1269.333333333333,0.0,56.9,128
2024-04-30,soro_antitermico_infantil,38.0,1231.333333333333,0.0,35.1,67
2024-05-01,soro_antitermico_infantil,65.0,1166.333333333333,0.0,60.6,124
2024-05-02,soro_antitermico_infantil,45.0,1121.333333333333,0.0,45.2,90
2024-05-03,soro_antitermico_infantil,51.0,1070.333333333333,0.0,50.4,102
2024-05-04,soro_antitermico_infantil,71.0,999.333333333333,0.0,60.9,135
2024-05-05,soro_antitermico_infantil,56.0,943.333333333333,0.0,50.3,101
2024-05-06,soro_antitermico_infantil,48.0,895.333333333333,0.0,60.1,128
2024-05-07,soro_antitermico_infantil,76.0,819.333333333333,0.0,27.2,61
2024-05-08,soro_antitermico_infantil,69.0,750.333333333333,0.0,44.3,80
2024-05-09,soro_antitermico_infantil,62.0,688.333333333333,0.0,34.2,70
2024-05-10,soro_antitermico_infantil,55.0,633.333333333333,0.0,39.3,90
2024-05-11,soro_antitermico_infantil,57.0,576.333333333333,0.0,50.8,107
2024-05-12,soro_antitermico_infantil,68.0,508.33333333333303,0.0,56.3,121
2024-05-13,soro_antitermico_infantil,63.0,445.33333333333303,0.0,49.7,111
2024-05-14,soro_antitermico_infantil,57.0,388.33333333333303,0.0,45.3,81
2024-05-15,soro_antitermico_infantil,53.0,335.33333333333303,0.0,29.2,60
2024-05-16,soro_antitermico_infantil,63.0,272.33333333333303,0.0,50.1,109
2024-05-17,soro_antitermico_infantil,69.0,203.33333333333303,0.0,53.3,120
2024-05-18,soro_antitermico_infantil,58.0,145.33333333333303,0.0,63.1,142
2024-05-19,soro_antitermico_infantil,52.0,93.33333333333303,0.0,65.8,146
2024-05-20,soro_antitermico_infantil,78.0,973.0476190476188,957.7142857142857,44.2,99
2024-05-21,soro_antitermico_infantil,56.0,917.0476190476188,0.0,36.8,58
2024-05-22,soro_antitermico_infantil,48.0,869.0476190476188,0.0,39.4,73
2024-05-23,soro_antitermico_infantil,55.0,814.0476190476188,0.0,41.4,101
2024-05-24,soro_antitermico_infantil,45.0,769.0476190476188,0.0,31.3,73
2024-05-25,soro_antitermico_infantil,49.0,720.0476190476188,0.0,47.8,98
2024-05-26,soro_antitermico_infantil,61.0,659.0476190476188,0.0,49.1,104
2024-05-27,soro_antitermico_infantil,69.0,590.0476190476188,0.0,43.6,87
2024-05-28,soro_antitermico_infantil,64.0,526.0476190476188,0.0,50.6,106
2024-05-29,soro_antitermico_infantil,58.0,468.0476190476188,0.0,36.2,62
2024-05-30,soro_antitermico_infantil,63.0,405.0476190476188,0.0,40.1,65
2024-05-31,soro_antitermico_infantil,37.0,368.0476190476188,0.0,31.2,63
2024-06-01,soro_antitermico_infantil,72.0,296.0476190476188,0.0,36.2,78
2024-06-02,soro_antitermico_infantil,57.0,239.0476190476188,0.0,43.2,97
2024-06-03,soro_antitermico_infantil,67.0,172.0476190476188,0.0,44.8,86
2024-06-04,soro_antitermico_infantil,76.0,1033.190476190476,937.1428571428571,67.9,141
2024-06-05,soro_antitermico_infantil,65.0,968.1904761904759,0.0,39.9,80
2024-06-06,soro_antitermico_infantil,44.0,924.1904761904759,0.0,34.0,87
2024-06-07,soro_antitermico_infantil,45.0,879.1904761904759,0.0,28.1,61
2024-06-08,soro_antitermico_infantil,71.0,808.1904761904759,0.0,51.9,119
2024-06-09,soro_antitermico_infantil,53.0,755.1904761904759,0.0,45.0,96
2024-06-10,soro_antitermico_infantil,57.0,698.1904761904759,0.0,41.0,83
2024-06-11,soro_antitermico_infantil,52.0,646.1904761904759,0.0,47.7,97
2024-06-12,soro_antitermico_infantil,47.0,599.1904761904759,0.0,39.6,78
2024-06-13,soro_antitermico_infantil,75.0,524.1904761904759,0.0,55.2,107
2024-06-14,soro_antitermico_infantil,56.0,468.1904761904759,0.0,41.7,88
2024-06-15,soro_antitermico_infantil,82.0,386.1904761904759,0.0,55.3,129
2024-06-16,soro_antitermico_infantil,69.0,317.1904761904759,0.0,53.3,108
2024-06-17,soro_antitermico_infantil,46.0,271.1904761904759,0.0,36.1,82
2024-06-18,soro_antitermico_infantil,59.0,212.19047619047592,0.0,39.3,69
2024-06-19,soro_antitermico_infantil,77.0,135.19047619047592,0.0,40.6,76
2024-06-20,soro_antitermico_infantil,59.0,76.19047619047592,0.0,43.4,87
2024-06-21,soro_antitermico_infantil,71.0,940.0476190476188,934.8571428571429,40.6,59
2024-06-22,soro_antitermico_infantil,94.0,846.0476190476188,0.0,50.7,113
2024-06-23,soro_antitermico_infantil,67.0,779.0476190476188,0.0,53.3,90
2024-06-24,soro_antitermico_infantil,53.0,726.0476190476188,0.0,41.0,81
2024-06-25,soro_antitermico_infantil,76.0,650.0476190476188,0.0,49.4,117
2024-06-26,soro_antitermico_infantil,45.0,605.0476190476188,0.0,38.4,70
2024-06-27,soro_antitermico_infantil,50.0,555.0476190476188,0.0,35.2,74
2024-06-28,soro_antitermico_infantil,60.0,495.0476190476188,0.0,35.8,72
2024-06-29,soro_antitermico_infantil,89.0,406.0476190476188,0.0,63.1,137
2024-06-30,soro_antitermico_infantil,70.0,336.0476190476188,0.0,54.3,110
2024-07-01,soro_antitermico_infantil,74.0,262.0476190476188,0.0,45.8,99
2024-07-02,soro_antitermico_infantil,70.0,192.0476190476188,0.0,57.4,114
2024-07-03,soro_antitermico_infantil,65.0,127.04761904761881,0.0,56.7,110
2024-07-04,soro_antitermico_infantil,63.0,64.04761904761881,0.0,49.8,87
2024-07-05,soro_antitermico_infantil,56.0,1041.190476190476,1033.142857142857,50.4,99
2024-07-06,soro_antitermico_infantil,77.0,964.1904761904759,0.0,56.8,108
2024-07-07,soro_antitermico_infantil,74.0,890.1904761904759,0.0,32.7,76
2024-07-08,soro_antitermico_infantil,91.0,799.1904761904759,0.0,49.8,107
2024-07-09,soro_antitermico_infantil,55.0,744.1904761904759,0.0,49.0,111
2024-07-10,soro_antitermico_infantil,59.0,685.1904761904759,0.0,44.9,88
2024-07-11,soro_antitermico_infantil,61.0,624.1904761904759,0.0,43.2,91
2024-07-12,soro_antitermico_infantil,70.0,554.1904761904759,0.0,47.9,100
2024-07-13,soro_antitermico_infantil,75.0,479.1904761904759,0.0,51.6,87
2024-07-14,soro_antitermico_infantil,83.0,396.1904761904759,0.0,52.8,114
2024-07-15,soro_antitermico_infantil,64.0,332.1904761904759,0.0,48.5,95
2024-07-16,soro_antitermico_infantil,70.0,262.1904761904759,0.0,42.1,84
2024-07-17,soro_antitermico_infantil,59.0,203.19047619047592,0.0,39.8,74
2024-07-18,soro_antitermico_infantil,44.0,1272.333333333333,1113.142857142857,39.5,74
2024-07-19,soro_antitermico_infantil,61.0,1211.333333333333,0.0,39.9,70
2024-07-20,soro_antitermico_infantil,87.0,1124.333333333333,0.0,74.3,160
2024-07-21,soro_antitermico_infantil,62.0,1062.333333333333,0.0,51.7,90
2024-07-22,soro_antitermico_infantil,65.0,997.333333333333,0.0,41.4,76
2024-07-23,soro_antitermico_infantil,79.0,918.333333333333,0.0,35.9,57
2024-07-24,soro_antitermico_infantil,45.0,873.333333333333,0.0,34.2,72
2024-07-25,soro_antitermico_infantil,48.0,825.333333333333,0.0,37.7,70
2024-07-26,soro_antitermico_infantil,51.0,774.333333333333,0.0,35.6,52
2024-07-27,soro_antitermico_infantil,83.0,691.333333333333,0.0,51.4,98
2024-07-28,soro_antitermico_infantil,59.0,632.333333333333,0.0,50.5,103
2024-07-29,soro_antitermico_infantil,66.0,566.333333333333,0.0,58.4,118
2024-07-30,soro_antitermico_infantil,52.0,514.333333333333,0.0,32.0,47
2024-07-31,soro_antitermico_infantil,75.0,439.33333333333303,0.0,44.3,74
2024-08-01,soro_antitermico_infantil,82.0,357.33333333333303,0.0,36.8,63
2024-08-02,soro_antitermico_infantil,70.0,287.33333333333303,0.0,36.0,68
2024-08-03,soro_antitermico_infantil,77.0,210.33333333333303,0.0,58.0,123
2024-08-04,soro_antitermico_infantil,66.0,144.33333333333303,0.0,44.6,122
2024-08-05,soro_antitermico_infantil,85.0,59.33333333333303,0.0,70.8,159
2024-08-06,soro_antitermico_infantil,61.0,0.0,0.0,27.7,82
2024-08-07,soro_antitermico_infantil,66.0,918.0,984.0,43.8,106
2024-08-08,soro_antitermico_infantil,62.0,856.0,0.0,46.5,89
2024-08-09,soro_antitermico_infantil,72.0,784.0,0.0,57.1,119
2024-08-10,soro_antitermico_infantil,68.0,716.0,0.0,42.2,95
2024-08-11,soro_antitermico_infantil,68.0,648.0,0.0,44.0,95
2024-08-12,soro_antitermico_infantil,75.0,573.0,0.0,53.0,97
2024-08-13,soro_antitermico_infantil,57.0,516.0,0.0,45.6,97
2024-08-14,soro_antitermico_infantil,40.0,476.0,0.0,62.1,113
2024-08-15,soro_antitermico_infantil,57.0,419.0,0.0,41.6,80
2024-08-16,soro_antitermico_infantil,59.0,360.0,0.0,41.5,75
2024-08-17,soro_antitermico_infantil,57.0,303.0,0.0,60.0,114
2024-08-18,soro_antitermico_infantil,46.0,1375.857142857143,1118.857142857143,42.1,80
2024-08-19,soro_antitermico_infantil,83.0,1292.857142857143,0.0,44.6,100
2024-08-20,soro_antitermico_infantil,81.0,1211.857142857143,0.0,42.2,83
2024-08-21,soro_antitermico_infantil,56.0,1155.857142857143,0.0,48.1,99
2024-08-22,soro_antitermico_infantil,55.0,1100.857142857143,0.0,27.7,56
2024-08-23,soro_antitermico_infantil,53.0,1047.857142857143,0.0,35.7,66
2024-08-24,soro_antitermico_infantil,60.0,987.8571428571429,0.0,42.1,90
2024-08-25,soro_antitermico_infantil,76.0,911.8571428571429,0.0,43.9,76
2024-08-26,soro_antitermico_infantil,76.0,835.8571428571429,0.0,45.9,92
2024-08-27,soro_antitermico_infantil,68.0,767.8571428571429,0.0,47.1,99
2024-08-28,soro_antitermico_infantil,66.0,701.8571428571429,0.0,38.4,72
2024-08-29,soro_antitermico_infantil,55.0,646.8571428571429,0.0,43.5,83
2024-08-30,soro_antitermico_infantil,57.0,589.8571428571429,0.0,35.7,56
2024-08-31,soro_antitermico_infantil,83.0,506.8571428571429,0.0,36.5,77
2024-09-01,soro_antitermico_infantil,78.0,428.8571428571429,0.0,58.8,141
2024-09-02,soro_antitermico_infantil,59.0,369.8571428571429,0.0,42.2,69
2024-09-03,soro_antitermico_infantil,77.0,292.8571428571429,0.0,36.1,69
2024-09-04,soro_antitermico_infantil,63.0,229.8571428571429,0.0,41.9,97
2024-09-05,soro_antitermico_infantil,49.0,180.8571428571429,0.0,52.8,107
2024-09-06,soro_antitermico_infantil,65.0,1161.5714285714287,1045.7142857142858,39.2,68
2024-09-07,soro_antitermico_infantil,86.0,1075.5714285714287,0.0,58.9,147
2024-09-08,soro_antitermico_infantil,70.0,1005.5714285714287,0.0,55.8,118
2024-09-09,soro_antitermico_infantil,65.0,940.5714285714287,0.0,59.9,124
2024-09-10,soro_antitermico_infantil,49.0,891.5714285714287,0.0,43.4,81
2024-09-11,soro_antitermico_infantil,86.0,805.5714285714287,0.0,42.4,75
2024-09-12,soro_antitermico_infantil,55.0,750.5714285714287,0.0,39.8,91
2024-09-13,soro_antitermico_infantil,45.0,705.5714285714287,0.0,45.7,88
2024-09-14,soro_antitermico_infantil,70.0,635.5714285714287,0.0,46.7,98
2024-09-15,soro_antitermico_infantil,68.0,567.5714285714287,0.0,45.6,97
2024-09-16,soro_antitermico_infantil,65.0,502.57142857142867,0.0,45.4,81
2024-09-17,soro_antitermico_infantil,52.0,450.57142857142867,0.0,45.8,75
2024-09-18,soro_antitermico_infantil,46.0,404.57142857142867,0.0,42.1,61
2024-09-19,soro_antitermico_infantil,56.0,348.57142857142867,0.0,46.8,80
2024-09-20,soro_antitermico_infantil,56.0,292.57142857142867,0.0,29.6,47
2024-09-21,soro_antitermico_infantil,67.0,225.57142857142867,0.0,47.6,93
2024-09-22,soro_antitermico_infantil,59.0,1203.1428571428573,1036.5714285714287,49.2,93
2024-09-23,soro_antitermico_infantil,52.0,1151.1428571428573,0.0,48.0,97
2024-09-24,soro_antitermico_infantil,68.0,1083.1428571428573,0.0,38.3,69
2024-09-25,soro_antitermico_infantil,50.0,1033.1428571428573,0.0,35.1,52
2024-09-26,soro_antitermico_infantil,59.0,974.1428571428573,0.0,35.4,63
2024-09-27,soro_antitermico_infantil,41.0,933.1428571428573,0.0,32.7,63
2024-09-28,soro_antitermico_infantil,46.0,887.1428571428573,0.0,43.1,89
2024-09-29,soro_antitermico_infantil,58.0,829.1428571428573,0.0,45.2,83
2024-09-30,soro_antitermico_infantil,54.0,775.1428571428573,0.0,47.9,98
2024-10-01,soro_antitermico_infantil,44.0,731.1428571428573,0.0,38.1,66
2024-10-02,soro_antitermico_infantil,53.0,678.1428571428573,0.0,40.1,68
2024-10-03,soro_antitermico_infantil,56.0,622.1428571428573,0.0,35.5,67
2024-10-04,soro_antitermico_infantil,60.0,562.1428571428573,0.0,34.1,50
2024-10-05,soro_antitermico_infantil,57.0,505.14285714285734,0.0,47.7,93
2024-10-06,soro_antitermico_infantil,52.0,453.14285714285734,0.0,49.3,116
2024-10-07,soro_antitermico_infantil,49.0,404.14285714285734,0.0,46.0,76
2024-10-08,soro_antitermico_infantil,63.0,341.14285714285734,0.0,32.2,59
2024-10-09,soro_antitermico_infantil,54.0,287.14285714285734,0.0,34.3,78
2024-10-10,soro_antitermico_infantil,35.0,252.14285714285734,0.0,38.1,82
2024-10-11,soro_antitermico_infantil,57.0,195.14285714285734,0.0,36.8,78
2024-10-12,soro_antitermico_infantil,62.0,133.14285714285734,0.0,59.3,130
2024-10-13,soro_antitermico_infantil,60.0,930.2857142857144,857.1428571428571,43.3,88
2024-10-14,soro_antitermico_infantil,45.0,885.2857142857144,0.0,44.1,91
2024-10-15,soro_antitermico_infantil,56.0,829.2857142857144,0.0,40.9,71
2024-10-16,soro_antitermico_infantil,59.0,770.2857142857144,0.0,41.5,76
2024-10-17,soro_antitermico_infantil,39.0,731.2857142857144,0.0,40.4,73
2024-10-18,soro_antitermico_infantil,42.0,689.2857142857144,0.0,35.9,59
2024-10-19,soro_antitermico_infantil,71.0,618.2857142857144,0.0,57.0,117
2024-10-20,soro_antitermico_infantil,45.0,573.2857142857144,0.0,24.8,56
2024-10-21,soro_antitermico_infantil,51.0,522.2857142857144,0.0,37.7,73
2024-10-22,soro_antitermico_infantil,51.0,471.28571428571445,0.0,31.5,76
2024-10-23,soro_antitermico_infantil,54.0,417.28571428571445,0.0,39.6,74
2024-10-24,soro_antitermico_infantil,70.0,347.28571428571445,0.0,36.7,66
2024-10-25,soro_antitermico_infantil,53.0,294.28571428571445,0.0,42.6,71
2024-10-26,soro_antitermico_infantil,41.0,253.28571428571445,0.0,49.5,89
2024-10-27,soro_antitermico_infantil,61.0,192.28571428571445,0.0,56.8,121
2024-10-28,soro_antitermico_infantil,45.0,147.28571428571445,0.0,36.4,71
2024-10-29,soro_antitermico_infantil,38.0,940.1428571428573,830.8571428571429,43.2,79
2024-10-30,soro_antitermico_infantil,46.0,894.1428571428573,0.0,29.0,50
2024-10-31,soro_antitermico_infantil,63.0,831.1428571428573,0.0,44.7,89
2024-11-01,soro_antitermico_infantil,45.0,786.1428571428573,0.0,38.2,59
2024-11-02,soro_antitermico_infantil,61.0,725.1428571428573,0.0,57.9,133
2024-11-03,soro_antitermico_infantil,51.0,674.1428571428573,0.0,54.6,108
2024-11-04,soro_antitermico_infantil,45.0,629.1428571428573,0.0,45.3,83
2024-11-05,soro_antitermico_infantil,57.0,572.1428571428573,0.0,37.8,80
2024-11-06,soro_antitermico_infantil,51.0,521.1428571428573,0.0,37.4,57
2024-11-07,soro_antitermico_infantil,53.0,468.14285714285734,0.0,41.9,73
2024-11-08,soro_antitermico_infantil,64.0,404.14285714285734,0.0,41.6,79
2024-11-09,soro_antitermico_infantil,53.0,351.14285714285734,0.0,42.4,91
2024-11-10,soro_antitermico_infantil,45.0,306.14285714285734,0.0,46.9,105
2024-11-11,soro_antitermico_infantil,56.0,250.14285714285734,0.0,42.6,89
2024-11-12,soro_antitermico_infantil,43.0,207.14285714285734,0.0,46.2,87
2024-11-13,soro_antitermico_infantil,48.0,159.14285714285734,0.0,24.1,41
2024-11-14,soro_antitermico_infantil,45.0,114.14285714285734,0.0,40.9,73
2024-11-15,soro_antitermico_infantil,51.0,887.1428571428573,824.0,39.8,89
2024-11-16,soro_antitermico_infantil,50.0,837.1428571428573,0.0,48.1,101
2024-11-17,soro_antitermico_infantil,54.0,783.1428571428573,0.0,53.9,114
2024-11-18,soro_antitermico_infantil,79.0,704.1428571428573,0.0,61.2,108
2024-11-19,soro_antitermico_infantil,48.0,656.1428571428573,0.0,28.0,57
2024-11-20,soro_antitermico_infantil,61.0,595.1428571428573,0.0,61.8,121
2024-11-21,soro_antitermico_infantil,56.0,539.1428571428573,0.0,42.9,82
2024-11-22,soro_antitermico_infantil,43.0,496.14285714285734,0.0,29.6,41
2024-11-23,soro_antitermico_infantil,81.0,415.14285714285734,0.0,54.0,114
2024-11-24,soro_antitermico_infantil,55.0,360.14285714285734,0.0,40.6,72
2024-11-25,soro_antitermico_infantil,47.0,313.14285714285734,0.0,34.7,62
2024-11-26,soro_antitermico_infantil,45.0,268.14285714285734,0.0,45.0,73
2024-11-27,soro_antitermico_infantil,62.0,206.14285714285734,0.0,39.1,78
2024-11-28,soro_antitermico_infantil,33.0,173.14285714285734,0.0,38.8,59
2024-11-29,soro_antitermico_infantil,66.0,975.7142857142858,868.5714285714286,29.9,54
2024-11-30,soro_antitermico_infantil,65.0,910.7142857142858,0.0,42.0,82
2024-12-01,soro_antitermico_infantil,44.0,866.7142857142858,0.0,38.7,84
2024-12-02,soro_antitermico_infantil,56.0,810.7142857142858,0.0,36.1,59
2024-12-03,soro_antitermico_infantil,44.0,766.7142857142858,0.0,50.9,90
2024-12-04,soro_antitermico_infantil,64.0,702.7142857142858,0.0,43.0,85
2024-12-05,soro_antitermico_infantil,42.0,660.7142857142858,0.0,37.3,70
2024-12-06,soro_antitermico_infantil,72.0,588.7142857142858,0.0,28.7,56
2024-12-07,soro_antitermico_infantil,46.0,542.7142857142858,0.0,45.2,93
2024-12-08,soro_antitermico_infantil,64.0,478.7142857142858,0.0,48.2,117
2024-12-09,soro_antitermico_infantil,37.0,441.7142857142858,0.0,42.8,94
2024-12-10,soro_antitermico_infantil,58.0,383.7142857142858,0.0,51.6,106
2024-12-11,soro_antitermico_infantil,39.0,344.7142857142858,0.0,30.1,32
2024-12-12,soro_antitermico_infantil,45.0,299.7142857142858,0.0,40.9,46
2024-12-13,soro_antitermico_infantil,64.0,235.71428571428578,0.0,39.6,81
2024-12-14,soro_antitermico_infantil,51.0,184.71428571428578,0.0,42.8,67
2024-12-15,soro_antitermico_infantil,50.0,134.71428571428578,0.0,52.7,109
2024-12-16,soro_antitermico_infantil,46.0,945.8571428571429,857.1428571428571,40.6,79
2024-12-17,soro_antitermico_infantil,53.0,892.8571428571429,0.0,38.8,67
2024-12-18,soro_antitermico_infantil,41.0,851.8571428571429,0.0,36.2,64
2024-12-19,soro_antitermico_infantil,47.0,804.8571428571429,0.0,35.7,62
2024-12-20,soro_antitermico_infantil,39.0,765.8571428571429,0.0,34.4,64
2024-12-21,soro_antitermico_infantil,60.0,705.8571428571429,0.0,43.7,102
2024-12-22,soro_antitermico_infantil,51.0,654.8571428571429,0.0,42.4,100
2024-12-23,soro_antitermico_infantil,43.0,611.8571428571429,0.0,45.3,83
2024-12-24,soro_antitermico_infantil,55.0,556.8571428571429,0.0,35.2,65
2024-12-25,soro_antitermico_infantil,51.0,505.8571428571429,0.0,38.5,78
2024-12-26,soro_antitermico_infantil,55.0,450.8571428571429,0.0,32.9,55
2024-12-27,soro_antitermico_infantil,56.0,394.8571428571429,0.0,45.1,81
2024-12-28,soro_antitermico_infantil,42.0,352.8571428571429,0.0,53.9,113
2024-12-29,soro_antitermico_infantil,52.0,300.8571428571429,0.0,38.3,78
2024-12-30,soro_antitermico_infantil,64.0,236.8571428571429,0.0,51.0,93
2024-12-31,soro_antitermico_infantil,39.0,197.8571428571429,0.0,43.7,68
2025-01-01,soro_antitermico_infantil,52.0,145.8571428571429,0.0,50.9,101
2025-01-02,soro_antitermico_infantil,56.0,89.85714285714289,0.0,43.7,75
2025-01-03,soro_antitermico_infantil,47.0,849.7142857142858,806.8571428571429,45.2,76
2025-01-04,soro_antitermico_infantil,57.0,792.7142857142858,0.0,50.7,93
2025-01-05,soro_antitermico_infantil,45.0,747.7142857142858,0.0,49.6,96
2025-01-06,soro_antitermico_infantil,49.0,698.7142857142858,0.0,49.6,96
2025-01-07,soro_antitermico_infantil,59.0,639.7142857142858,0.0,44.7,83
2025-01-08,soro_antitermico_infantil,34.0,605.7142857142858,0.0,36.2,77
2025-01-09,soro_antitermico_infantil,36.0,569.7142857142858,0.0,41.2,71
2025-01-10,soro_antitermico_infantil,47.0,522.7142857142858,0.0,46.3,109
2025-01-11,soro_antitermico_infantil,56.0,466.7142857142858,0.0,40.9,87
2025-01-12,soro_antitermico_infantil,70.0,396.7142857142858,0.0,41.6,65
2025-01-13,soro_antitermico_infantil,65.0,331.7142857142858,0.0,60.7,125
2025-01-14,soro_antitermico_infantil,64.0,267.7142857142858,0.0,39.8,58
2025-01-15,soro_antitermico_infantil,55.0,212.71428571428578,0.0,29.7,49
2025-01-16,soro_antitermico_infantil,49.0,163.71428571428578,0.0,34.9,74
2025-01-17,soro_antitermico_infantil,57.0,106.71428571428578,0.0,31.9,55
2025-01-18,soro_antitermico_infantil,51.0,55.71428571428578,0.0,39.9,74
2025-01-19,soro_antitermico_infantil,60.0,808.2857142857143,812.5714285714286,33.2,55
2025-01-20,soro_antitermico_infantil,51.0,757.2857142857143,0.0,50.0,91
2025-01-21,soro_antitermico_infantil,40.0,717.2857142857143,0.0,34.5,64
2025-01-22,soro_antitermico_infantil,59.0,658.2857142857143,0.0,43.3,81
2025-01-23,soro_antitermico_infantil,25.0,633.2857142857143,0.0,37.3,79
2025-01-24,soro_antitermico_infantil,50.0,583.2857142857143,0.0,34.6,55
2025-01-25,soro_antitermico_infantil,69.0,514.2857142857143,0.0,43.4,85
2025-01-26,soro_antitermico_infantil,63.0,451.28571428571433,0.0,43.8,95
2025-01-27,soro_antitermico_infantil,64.0,387.28571428571433,0.0,37.5,71
2025-01-28,soro_antitermico_infantil,66.0,321.28571428571433,0.0,40.2,78
2025-01-29,soro_antitermico_infantil,59.0,262.28571428571433,0.0,41.9,84
2025-01-30,soro_antitermico_infantil,59.0,203.28571428571433,0.0,36.4,45
2025-01-31,soro_antitermico_infantil,55.0,148.28571428571433,0.0,40.5,78
2025-02-01,soro_antitermico_infantil,55.0,959.5714285714287,866.2857142857143,43.4,88
2025-02-02,soro_antitermico_infantil,60.0,899.5714285714287,0.0,40.5,101
2025-02-03,soro_antitermico_infantil,55.0,844.5714285714287,0.0,33.1,66
2025-02-04,soro_antitermico_infantil,58.0,786.5714285714287,0.0,37.0,70
2025-02-05,soro_antitermico_infantil,56.0,730.5714285714287,0.0,38.5,79
2025-02-06,soro_antitermico_infantil,47.0,683.5714285714287,0.0,52.0,94
2025-02-07,soro_antitermico_infantil,28.0,655.5714285714287,0.0,30.8,51
2025-02-08,soro_antitermico_infantil,40.0,615.5714285714287,0.0,58.3,113
2025-02-09,soro_antitermico_infantil,49.0,566.5714285714287,0.0,47.4,96
2025-02-10,soro_antitermico_infantil,54.0,512.5714285714287,0.0,46.6,94
2025-02-11,soro_antitermico_infantil,44.0,468.57142857142867,0.0,41.6,81
2025-02-12,soro_antitermico_infantil,53.0,415.57142857142867,0.0,30.4,48
2025-02-13,soro_antitermico_infantil,38.0,377.57142857142867,0.0,36.9,47
2025-02-14,soro_antitermico_infantil,46.0,331.57142857142867,0.0,25.0,59
2025-02-15,soro_antitermico_infantil,53.0,278.57142857142867,0.0,26.9,61
2025-02-16,soro_antitermico_infantil,51.0,227.57142857142867,0.0,36.3,71
2025-02-17,soro_antitermico_infantil,64.0,163.57142857142867,0.0,50.4,105
2025-02-18,soro_antitermico_infantil,41.0,937.4285714285716,814.8571428571429,32.1,45
2025-02-19,soro_antitermico_infantil,55.0,882.4285714285716,0.0,45.6,86
2025-02-20,soro_antitermico_infantil,72.0,810.4285714285716,0.0,35.5,67
2025-02-21,soro_antitermico_infantil,32.0,778.4285714285716,0.0,43.6,74
2025-02-22,soro_antitermico_infantil,41.0,737.4285714285716,0.0,47.1,84
2025-02-23,soro_antitermico_infantil,45.0,692.4285714285716,0.0,56.3,120
2025-02-24,soro_antitermico_infantil,48.0,644.4285714285716,0.0,46.8,84
2025-02-25,soro_antitermico_infantil,51.0,593.4285714285716,0.0,28.0,38
2025-02-26,soro_antitermico_infantil,29.0,564.4285714285716,0.0,26.7,44
2025-02-27,soro_antitermico_infantil,72.0,492.42857142857156,0.0,39.8,67
2025-02-28,soro_antitermico_infantil,65.0,427.42857142857156,0.0,39.9,74
2025-03-01,soro_antitermico_infantil,79.0,348.42857142857156,0.0,46.1,93
2025-03-02,soro_antitermico_infantil,45.0,303.42857142857156,0.0,58.7,112
2025-03-03,soro_antitermico_infantil,59.0,244.42857142857156,0.0,42.3,110
2025-03-04,soro_antitermico_infantil,42.0,202.42857142857156,0.0,26.1,52
2025-03-05,soro_antitermico_infantil,54.0,148.42857142857156,0.0,31.9,66
2025-03-06,soro_antitermico_infantil,46.0,924.1428571428572,821.7142857142857,28.9,48
2025-03-07,soro_antitermico_infantil,39.0,885.1428571428572,0.0,33.6,60
2025-03-08,soro_antitermico_infantil,51.0,834.1428571428572,0.0,44.7,106
2025-03-09,soro_antitermico_infantil,54.0,780.1428571428572,0.0,36.2,76
2025-03-10,soro_antitermico_infantil,49.0,731.1428571428572,0.0,50.4,115
2025-03-11,soro_antitermico_infantil,42.0,689.1428571428572,0.0,45.8,64
2025-03-12,soro_antitermico_infantil,46.0,643.1428571428572,0.0,39.7,54
2025-03-13,soro_antitermico_infantil,47.0,596.1428571428572,0.0,41.3,84
2025-03-14,soro_antitermico_infantil,60.0,536.1428571428572,0.0,38.7,76
2025-03-15,soro_antitermico_infantil,75.0,461.1428571428572,0.0,46.1,106
2025-03-16,soro_antitermico_infantil,81.0,380.1428571428572,0.0,53.6,136
2025-03-17,soro_antitermico_infantil,58.0,322.1428571428572,0.0,50.6,107
2025-03-18,soro_antitermico_infantil,49.0,273.1428571428572,0.0,41.1,90
2025-03-19,soro_antitermico_infantil,48.0,225.14285714285722,0.0,46.9,96
2025-03-20,soro_antitermico_infantil,41.0,184.14285714285722,0.0,28.9,62
2025-03-21,soro_antitermico_infantil,60.0,124.14285714285722,0.0,28.4,51
2025-03-22,soro_antitermico_infantil,68.0,56.142857142857224,0.0,51.3,106
2025-03-23,soro_antitermico_infantil,54.0,2.142857142857224,0.0,46.9,91
2025-03-24,soro_antitermico_infantil,40.0,813.5714285714287,851.4285714285714,46.4,89
2025-03-25,soro_antitermico_infantil,61.0,752.5714285714287,0.0,36.3,80
2025-03-26,soro_antitermico_infantil,46.0,706.5714285714287,0.0,39.4,64
2025-03-27,soro_antitermico_infantil,56.0,650.5714285714287,0.0,43.6,95
2025-03-28,soro_antitermico_infantil,50.0,600.5714285714287,0.0,50.8,99
2025-03-29,soro_antitermico_infantil,44.0,556.5714285714287,0.0,54.8,118
2025-03-30,soro_antitermico_infantil,53.0,503.57142857142867,0.0,44.1,103
2025-03-31,soro_antitermico_infantil,52.0,451.57142857142867,0.0,43.1,88
2025-04-01,soro_antitermico_infantil,43.0,408.57142857142867,0.0,45.2,86
2025-04-02,soro_antitermico_infantil,42.0,366.57142857142867,0.0,38.1,63
2025-04-03,soro_antitermico_infantil,54.0,312.57142857142867,0.0,43.1,86
2025-04-04,soro_antitermico_infantil,43.0,269.57142857142867,0.0,48.4,82
2025-04-05,soro_antitermico_infantil,74.0,195.57142857142867,0.0,50.9,95
2025-04-06,soro_antitermico_infantil,66.0,129.57142857142867,0.0,47.9,101
2025-04-07,soro_antitermico_infantil,68.0,61.57142857142867,0.0,53.7,106
2025-04-08,soro_antitermico_infantil,56.0,830.7142857142858,825.1428571428571,51.4,86
2025-04-09,soro_antitermico_infantil,54.0,776.7142857142858,0.0,45.6,69
2025-04-10,soro_antitermico_infantil,54.0,722.7142857142858,0.0,29.3,59
2025-04-11,soro_antitermico_infantil,51.0,671.7142857142858,0.0,43.5,96
2025-04-12,soro_antitermico_infantil,70.0,601.7142857142858,0.0,66.1,133
2025-04-13,soro_antitermico_infantil,39.0,562.7142857142858,0.0,55.6,132
2025-04-14,soro_antitermico_infantil,78.0,484.7142857142858,0.0,40.5,92
2025-04-15,soro_antitermico_infantil,44.0,440.7142857142858,0.0,41.0,84
2025-04-16,soro_antitermico_infantil,57.0,383.7142857142858,0.0,48.2,94
2025-04-17,soro_antitermico_infantil,60.0,323.7142857142858,0.0,42.9,85
2025-04-18,soro_antitermico_infantil,62.0,261.7142857142858,0.0,54.7,125
2025-04-19,soro_antitermico_infantil,80.0,181.71428571428578,0.0,53.6,122
2025-04-20,soro_antitermico_infantil,62.0,119.71428571428578,0.0,52.7,120
2025-04-21,soro_antitermico_infantil,64.0,960.8571428571429,905.1428571428571,73.8,182
2025-04-22,soro_antitermico_infantil,67.0,893.8571428571429,0.0,50.4,79
2025-04-23,soro_antitermico_infantil,56.0,837.8571428571429,0.0,43.5,82
2025-04-24,soro_antitermico_infantil,58.0,779.8571428571429,0.0,65.4,138
2025-04-25,soro_antitermico_infantil,57.0,722.8571428571429,0.0,42.8,89
2025-04-26,soro_antitermico_infantil,79.0,643.8571428571429,0.0,62.2,141
2025-04-27,soro_antitermico_infantil,55.0,588.8571428571429,0.0,48.2,107
2025-04-28,soro_antitermico_infantil,54.0,534.8571428571429,0.0,32.7,85
2025-04-29,soro_antitermico_infantil,62.0,472.8571428571429,0.0,27.3,55
2025-04-30,soro_antitermico_infantil,39.0,433.8571428571429,0.0,33.3,77
2025-05-01,soro_antitermico_infantil,59.0,374.8571428571429,0.0,42.4,108
2025-05-02,soro_antitermico_infantil,42.0,332.8571428571429,0.0,32.6,68
2025-05-03,soro_antitermico_infantil,70.0,262.8571428571429,0.0,54.2,101
2025-05-04,soro_antitermico_infantil,70.0,1170.0,977.1428571428571,56.1,122
2025-05-05,soro_antitermico_infantil,45.0,1125.0,0.0,53.1,98
2025-05-06,soro_antitermico_infantil,52.0,1073.0,0.0,45.3,86
2025-05-07,soro_antitermico_infantil,37.0,1036.0,0.0,43.0,75
2025-05-08,soro_antitermico_infantil,35.0,1001.0,0.0,32.7,65
2025-05-09,soro_antitermico_infantil,42.0,959.0,0.0,37.7,63
2025-05-10,soro_antitermico_infantil,71.0,888.0,0.0,54.7,109
2025-05-11,soro_antitermico_infantil,55.0,833.0,0.0,47.0,102
2025-05-12,soro_antitermico_infantil,50.0,783.0,0.0,38.9,66
2025-05-13,soro_antitermico_infantil,40.0,743.0,0.0,38.3,64
2025-05-14,soro_antitermico_infantil,70.0,673.0,0.0,40.1,82
2025-05-15,soro_antitermico_infantil,55.0,618.0,0.0,46.5,107
2025-05-16,soro_antitermico_infantil,56.0,562.0,0.0,45.3,104
2025-05-17,soro_antitermico_infantil,51.0,511.0,0.0,53.5,113
2025-05-18,soro_antitermico_infantil,55.0,456.0,0.0,49.5,99
2025-05-19,soro_antitermico_infantil,51.0,405.0,0.0,30.0,56
2025-05-20,soro_antitermico_infantil,60.0,345.0,0.0,48.3,99
2025-05-21,soro_antitermico_infantil,68.0,277.0,0.0,52.3,104
2025-05-22,soro_antitermico_infantil,59.0,218.0,0.0,40.2,69
2025-05-23,soro_antitermico_infantil,62.0,156.0,0.0,52.7,94
2025-05-24,soro_antitermico_infantil,65.0,907.0,816.0,62.1,124
2025-05-25,soro_antitermico_infantil,99.0,808.0,0.0,44.2,99
2025-05-26,soro_antitermico_infantil,56.0,752.0,0.0,47.3,77
2025-05-27,soro_antitermico_infantil,63.0,689.0,0.0,40.5,83
2025-05-28,soro_antitermico_infantil,56.0,633.0,0.0,44.0,75
2025-05-29,soro_antitermico_infantil,64.0,569.0,0.0,50.3,104
2025-05-30,soro_antitermico_infantil,81.0,488.0,0.0,51.8,114
2025-05-31,soro_antitermico_infantil,44.0,444.0,0.0,45.9,113
2025-06-01,soro_antitermico_infantil,58.0,386.0,0.0,52.5,113
2025-06-02,soro_antitermico_infantil,62.0,324.0,0.0,45.5,109
2025-06-03,soro_antitermico_infantil,59.0,265.0,0.0,57.4,114
2025-06-04,soro_antitermico_infantil,77.0,188.0,0.0,54.0,98
2025-06-05,soro_antitermico_infantil,78.0,110.0,0.0,38.4,80
2025-06-06,soro_antitermico_infantil,65.0,1062.142857142857,1017.1428571428571,51.9,106
2025-06-07,soro_antitermico_infantil,65.0,997.1428571428571,0.0,50.6,114
2025-06-08,soro_antitermico_infantil,80.0,917.1428571428571,0.0,59.4,138
2025-06-09,soro_antitermico_infantil,61.0,856.1428571428571,0.0,46.1,84
2025-06-10,soro_antitermico_infantil,47.0,809.1428571428571,0.0,48.4,100
2025-06-11,soro_antitermico_infantil,70.0,739.1428571428571,0.0,42.2,62
2025-06-12,soro_antitermico_infantil,69.0,670.1428571428571,0.0,40.4,82
2025-06-13,soro_antitermico_infantil,47.0,623.1428571428571,0.0,50.8,95
2025-06-14,soro_antitermico_infantil,87.0,536.1428571428571,0.0,53.9,114
2025-06-15,soro_antitermico_infantil,107.0,429.1428571428571,0.0,53.5,105
2025-06-16,soro_antitermico_infantil,57.0,372.1428571428571,0.0,42.6,88
2025-06-17,soro_antitermico_infantil,62.0,310.1428571428571,0.0,37.9,70
2025-06-18,soro_antitermico_infantil,67.0,243.1428571428571,0.0,39.7,76
2025-06-19,soro_antitermico_infantil,79.0,164.1428571428571,0.0,37.9,79
2025-06-20,soro_antitermico_infantil,55.0,109.14285714285711,0.0,43.5,78
2025-06-21,soro_antitermico_infantil,68.0,1098.2857142857142,1057.142857142857,60.6,127
2025-06-22,soro_antitermico_infantil,67.0,1031.2857142857142,0.0,44.3,81
2025-06-23,soro_antitermico_infantil,52.0,979.2857142857142,0.0,53.0,95
2025-06-24,soro_antitermico_infantil,48.0,931.2857142857142,0.0,35.5,46
2025-06-25,soro_antitermico_infantil,54.0,877.2857142857142,0.0,35.2,66
2025-06-26,soro_antitermico_infantil,57.0,820.2857142857142,0.0,37.5,64
2025-06-27,soro_antitermico_infantil,53.0,767.2857142857142,0.0,40.1,83
2025-06-28,soro_antitermico_infantil,62.0,705.2857142857142,0.0,50.4,105
2025-06-29,soro_antitermico_infantil,50.0,655.2857142857142,0.0,45.5,98
2025-06-30,soro_antitermico_infantil,50.0,605.2857142857142,0.0,53.7,96
2025-07-01,soro_antitermico_infantil,59.0,546.2857142857142,0.0,43.0,80
2025-07-02,soro_antitermico_infantil,57.0,489.2857142857142,0.0,39.3,76
2025-07-03,soro_antitermico_infantil,46.0,443.2857142857142,0.0,42.9,70
2025-07-04,soro_antitermico_infantil,66.0,377.2857142857142,0.0,35.7,88
2025-07-05,soro_antitermico_infantil,64.0,313.2857142857142,0.0,43.0,107
2025-07-06,soro_antitermico_infantil,65.0,248.28571428571422,0.0,51.1,98
2025-07-07,soro_antitermico_infantil,77.0,171.28571428571422,0.0,54.1,115
2025-07-08,soro_antitermico_infantil,58.0,113.28571428571422,0.0,42.6,80
2025-07-09,soro_antitermico_infantil,53.0,60.28571428571422,0.0,32.4,69
2025-07-10,soro_antitermico_infantil,67.0,920.1428571428571,926.8571428571429,36.9,67
2025-07-11,soro_antitermico_infantil,40.0,880.1428571428571,0.0,45.4,68
2025-07-12,soro_antitermico_infantil,69.0,811.1428571428571,0.0,43.8,77
2025-07-13,soro_antitermico_infantil,75.0,736.1428571428571,0.0,54.2,114
2025-07-14,soro_antitermico_infantil,78.0,658.1428571428571,0.0,39.8,80
2025-07-15,soro_antitermico_infantil,46.0,612.1428571428571,0.0,38.3,75
2025-07-16,soro_antitermico_infantil,52.0,560.1428571428571,0.0,36.2,89
2025-07-17,soro_antitermico_infantil,60.0,500.1428571428571,0.0,36.3,62
2025-07-18,soro_antitermico_infantil,65.0,435.1428571428571,0.0,48.8,91
2025-07-19,soro_antitermico_infantil,72.0,363.1428571428571,0.0,51.7,127
2025-07-20,soro_antitermico_infantil,80.0,283.1428571428571,0.0,47.7,105
2025-07-21,soro_antitermico_infantil,57.0,226.1428571428571,0.0,38.7,85
2025-07-22,soro_antitermico_infantil,64.0,162.1428571428571,0.0,38.8,83
2025-07-23,soro_antitermico_infantil,68.0,1088.4285714285716,994.2857142857143,46.0,92
2025-07-24,soro_antitermico_infantil,54.0,1034.4285714285716,0.0,20.7,44
2025-07-25,soro_antitermico_infantil,48.0,986.4285714285716,0.0,39.1,66
2025-07-26,soro_antitermico_infantil,76.0,910.4285714285716,0.0,59.3,122
2025-07-27,soro_antitermico_infantil,75.0,835.4285714285716,0.0,48.3,102
2025-07-28,soro_antitermico_infantil,59.0,776.4285714285716,0.0,40.8,106
2025-07-29,soro_antitermico_infantil,63.0,713.4285714285716,0.0,31.7,63
2025-07-30,soro_antitermico_infantil,51.0,662.4285714285716,0.0,50.0,90
2025-07-31,soro_antitermico_infantil,47.0,615.4285714285716,0.0,31.5,83
2025-08-01,soro_antitermico_infantil,67.0,548.4285714285716,0.0,31.1,54
2025-08-02,soro_antitermico_infantil,69.0,479.42857142857156,0.0,49.8,117
2025-08-03,soro_antitermico_infantil,86.0,393.42857142857156,0.0,37.8,60
2025-08-04,soro_antitermico_infantil,46.0,347.42857142857156,0.0,41.7,88
2025-08-05,soro_antitermico_infantil,77.0,270.42857142857156,0.0,57.6,121
2025-08-06,soro_antitermico_infantil,56.0,214.42857142857156,0.0,37.6,62
2025-08-07,soro_antitermico_infantil,65.0,1156.2857142857144,1006.8571428571429,52.8,91
2025-08-08,soro_antitermico_infantil,39.0,1117.2857142857144,0.0,39.4,76
2025-08-09,soro_antitermico_infantil,66.0,1051.2857142857144,0.0,43.8,82
2025-08-10,soro_antitermico_infantil,46.0,1005.2857142857144,0.0,42.3,99
2025-08-11,soro_antitermico_infantil,62.0,943.2857142857144,0.0,52.3,97
2025-08-12,soro_antitermico_infantil,60.0,883.2857142857144,0.0,44.1,96
2025-08-13,soro_antitermico_infantil,65.0,818.2857142857144,0.0,27.8,47
2025-08-14,soro_antitermico_infantil,60.0,758.2857142857144,0.0,49.9,104
2025-08-15,soro_antitermico_infantil,66.0,692.2857142857144,0.0,44.4,106
2025-08-16,soro_antitermico_infantil,90.0,602.2857142857144,0.0,52.3,108
2025-08-17,soro_antitermico_infantil,74.0,528.2857142857144,0.0,51.8,98
2025-08-18,soro_antitermico_infantil,50.0,478.28571428571445,0.0,55.7,117
2025-08-19,soro_antitermico_infantil,67.0,411.28571428571445,0.0,30.3,66
2025-08-20,soro_antitermico_infantil,64.0,347.28571428571445,0.0,47.7,99
2025-08-21,soro_antitermico_infantil,70.0,277.28571428571445,0.0,52.6,103
2025-08-22,soro_antitermico_infantil,56.0,221.28571428571445,0.0,28.5,64
2025-08-23,soro_antitermico_infantil,68.0,153.28571428571445,0.0,54.8,130
2025-08-24,soro_antitermico_infantil,53.0,1096.8571428571431,996.5714285714286,46.5,84
2025-08-25,soro_antitermico_infantil,64.0,1032.8571428571431,0.0,52.5,108
2025-08-26,soro_antitermico_infantil,60.0,972.8571428571431,0.0,39.4,69
2025-08-27,soro_antitermico_infantil,56.0,916.8571428571431,0.0,42.4,61
2025-08-28,soro_antitermico_infantil,67.0,849.8571428571431,0.0,40.0,70
2025-08-29,soro_antitermico_infantil,78.0,771.8571428571431,0.0,49.5,95
2025-08-30,soro_antitermico_infantil,69.0,702.8571428571431,0.0,64.0,113
2025-08-31,soro_antitermico_infantil,81.0,621.8571428571431,0.0,43.9,89
2025-09-01,soro_antitermico_infantil,47.0,574.8571428571431,0.0,52.4,120
2025-09-02,soro_antitermico_infantil,71.0,503.8571428571431,0.0,40.5,72
2025-09-03,soro_antitermico_infantil,57.0,446.8571428571431,0.0,41.2,74
2025-09-04,soro_antitermico_infantil,48.0,398.8571428571431,0.0,36.0,70
2025-09-05,soro_antitermico_infantil,64.0,334.8571428571431,0.0,42.4,94
2025-09-06,soro_antitermico_infantil,56.0,278.8571428571431,0.0,58.5,102
2025-09-07,soro_antitermico_infantil,74.0,1233.4285714285718,1028.5714285714287,68.8,154
2025-09-08,soro_antitermico_infantil,78.0,1155.4285714285718,0.0,47.1,104
2025-09-09,soro_antitermico_infantil,41.0,1114.4285714285718,0.0,43.9,76
2025-09-10,soro_antitermico_infantil,56.0,1058.4285714285718,0.0,38.4,72
2025-09-11,soro_antitermico_infantil,47.0,1011.4285714285718,0.0,44.1,90
2025-09-12,soro_antitermico_infantil,44.0,967.4285714285718,0.0,41.0,72
2025-09-13,soro_antitermico_infantil,57.0,910.4285714285718,0.0,41.7,95
2025-09-14,soro_antitermico_infantil,42.0,868.4285714285718,0.0,53.5,110
2025-09-15,soro_antitermico_infantil,55.0,813.4285714285718,0.0,44.3,66
2025-09-16,soro_antitermico_infantil,58.0,755.4285714285718,0.0,39.6,69
2025-09-17,soro_antitermico_infantil,73.0,682.4285714285718,0.0,33.8,62
2025-09-18,soro_antitermico_infantil,40.0,642.4285714285718,0.0,38.9,78
2025-09-19,soro_antitermico_infantil,50.0,592.4285714285718,0.0,38.9,77
2025-09-20,soro_antitermico_infantil,83.0,509.4285714285718,0.0,47.2,99
2025-09-21,soro_antitermico_infantil,92.0,417.4285714285718,0.0,42.2,86
2025-09-22,soro_antitermico_infantil,62.0,355.4285714285718,0.0,53.0,102
2025-09-23,soro_antitermico_infantil,52.0,303.4285714285718,0.0,42.4,102
2025-09-24,soro_antitermico_infantil,50.0,253.4285714285718,0.0,46.4,84
2025-09-25,soro_antitermico_infantil,65.0,188.4285714285718,0.0,32.7,59
2025-09-26,soro_antitermico_infantil,63.0,1037.4285714285718,912.0,45.5,87
2025-09-27,soro_antitermico_infantil,61.0,976.4285714285718,0.0,45.5,104
2025-09-28,soro_antitermico_infantil,58.0,918.4285714285718,0.0,56.4,107
2025-09-29,soro_antitermico_infantil,52.0,866.4285714285718,0.0,39.6,60
2025-09-30,soro_antitermico_infantil,75.0,791.4285714285718,0.0,48.9,90
2025-10-01,soro_antitermico_infantil,61.0,730.4285714285718,0.0,41.8,98
2025-10-02,soro_antitermico_infantil,63.0,667.4285714285718,0.0,40.0,66
2025-10-03,soro_antitermico_infantil,65.0,602.4285714285718,0.0,49.5,98
2025-10-04,soro_antitermico_infantil,68.0,534.4285714285718,0.0,60.7,153
2025-10-05,soro_antitermico_infantil,64.0,470.4285714285718,0.0,49.2,102
2025-10-06,soro_antitermico_infantil,69.0,401.4285714285718,0.0,42.3,78
2025-10-07,soro_antitermico_infantil,64.0,337.4285714285718,0.0,40.0,69
2025-10-08,soro_antitermico_infantil,67.0,270.4285714285718,0.0,52.4,109
2025-10-09,soro_antitermico_infantil,77.0,193.4285714285718,0.0,38.6,68
2025-10-10,soro_antitermico_infantil,58.0,135.4285714285718,0.0,35.6,46
2025-10-11,soro_antitermico_infantil,68.0,1081.1428571428573,1013.7142857142857,60.5,120
2025-10-12,soro_antitermico_infantil,66.0,1015.1428571428573,0.0,68.6,190
2025-10-13,soro_antitermico_infantil,49.0,966.1428571428573,0.0,48.0,102
2025-10-14,soro_antitermico_infantil,48.0,918.1428571428573,0.0,55.3,121
2025-10-15,soro_antitermico_infantil,45.0,873.1428571428573,0.0,26.5,57
2025-10-16,soro_antitermico_infantil,54.0,819.1428571428573,0.0,51.4,107
2025-10-17,soro_antitermico_infantil,55.0,764.1428571428573,0.0,46.6,80
2025-10-18,soro_antitermico_infantil,58.0,706.1428571428573,0.0,42.1,94
2025-10-19,soro_antitermico_infantil,60.0,646.1428571428573,0.0,49.9,100
2025-10-20,soro_antitermico_infantil,45.0,601.1428571428573,0.0,51.9,120
2025-10-21,soro_antitermico_infantil,49.0,552.1428571428573,0.0,36.8,74
2025-10-22,soro_antitermico_infantil,58.0,494.14285714285734,0.0,39.8,58
2025-10-23,soro_antitermico_infantil,64.0,430.14285714285734,0.0,38.0,76
2025-10-24,soro_antitermico_infantil,68.0,362.14285714285734,0.0,42.7,78
2025-10-25,soro_antitermico_infantil,51.0,311.14285714285734,0.0,49.5,124
2025-10-26,soro_antitermico_infantil,46.0,265.14285714285734,0.0,60.6,113
2025-10-27,soro_antitermico_infantil,44.0,221.14285714285734,0.0,42.3,75
2025-10-28,soro_antitermico_infantil,61.0,1063.0000000000002,902.8571428571429,29.0,46
2025-10-29,soro_antitermico_infantil,67.0,996.0000000000002,0.0,45.6,85
2025-10-30,soro_antitermico_infantil,65.0,931.0000000000002,0.0,29.3,61
2025-10-31,soro_antitermico_infantil,59.0,872.0000000000002,0.0,41.8,67
2025-11-01,soro_antitermico_infantil,67.0,805.0000000000002,0.0,50.8,110
2025-11-02,soro_antitermico_infantil,61.0,744.0000000000002,0.0,61.1,138
2025-11-03,soro_antitermico_infantil,61.0,683.0000000000002,0.0,32.3,59
2025-11-04,soro_antitermico_infantil,52.0,631.0000000000002,0.0,33.7,64
2025-11-05,soro_antitermico_infantil,66.0,565.0000000000002,0.0,47.2,88
2025-11-06,soro_antitermico_infantil,73.0,492.0000000000002,0.0,40.5,74
2025-11-07,soro_antitermico_infantil,50.0,442.0000000000002,0.0,56.8,116
2025-11-08,soro_antitermico_infantil,50.0,392.0000000000002,0.0,51.4,108
2025-11-09,soro_antitermico_infantil,51.0,341.0000000000002,0.0,58.3,122
2025-11-10,soro_antitermico_infantil,60.0,281.0000000000002,0.0,36.4,70
2025-11-11,soro_antitermico_infantil,50.0,231.00000000000023,0.0,54.0,90
2025-11-12,soro_antitermico_infantil,47.0,184.00000000000023,0.0,31.8,70
2025-11-13,soro_antitermico_infantil,73.0,1072.1428571428573,961.1428571428571,59.2,116
2025-11-14,soro_antitermico_infantil,35.0,1037.1428571428573,0.0,41.5,64
2025-11-15,soro_antitermico_infantil,58.0,979.1428571428573,0.0,58.1,137
2025-11-16,soro_antitermico_infantil,44.0,935.1428571428573,0.0,53.3,88
2025-11-17,soro_antitermico_infantil,55.0,880.1428571428573,0.0,56.1,110
2025-11-18,soro_antitermico_infantil,25.0,855.1428571428573,0.0,40.2,65
2025-11-19,soro_antitermico_infantil,39.0,816.1428571428573,0.0,37.2,67
2025-11-20,soro_antitermico_infantil,35.0,781.1428571428573,0.0,48.8,103
2025-11-21,soro_antitermico_infantil,48.0,733.1428571428573,0.0,42.5,85
2025-11-22,soro_antitermico_infantil,62.0,671.1428571428573,0.0,49.8,99
2025-11-23,soro_antitermico_infantil,51.0,620.1428571428573,0.0,54.9,102
2025-11-24,soro_antitermico_infantil,49.0,571.1428571428573,0.0,37.1,65
2025-11-25,soro_antitermico_infantil,41.0,530.1428571428573,0.0,26.7,48
2025-11-26,soro_antitermico_infantil,38.0,492.14285714285734,0.0,39.6,65
2025-11-27,soro_antitermico_infantil,43.0,449.14285714285734,0.0,35.5,52
2025-11-28,soro_antitermico_infantil,43.0,406.14285714285734,0.0,26.7,30
2025-11-29,soro_antitermico_infantil,49.0,357.14285714285734,0.0,47.7,89
2025-11-30,soro_antitermico_infantil,57.0,300.14285714285734,0.0,53.8,118
2025-12-01,soro_antitermico_infantil,50.0,250.14285714285734,0.0,44.5,99
2025-12-02,soro_antitermico_infantil,58.0,192.14285714285734,0.0,33.9,68
2025-12-03,soro_antitermico_infantil,61.0,131.14285714285734,0.0,28.7,62
2025-12-04,soro_antitermico_infantil,72.0,59.14285714285734,0.0,48.8,98
2025-12-05,soro_antitermico_infantil,64.0,0.0,0.0,47.6,98
2025-12-06,soro_antitermico_infantil,75.0,635.8571428571429,710.8571428571429,38.4,76
2025-12-07,soro_antitermico_infantil,48.0,587.8571428571429,0.0,36.8,100
2025-12-08,soro_antitermico_infantil,42.0,545.8571428571429,0.0,46.1,107
2025-12-09,soro_antitermico_infantil,66.0,479.8571428571429,0.0,41.2,66
2025-12-10,soro_antitermico_infantil,58.0,421.8571428571429,0.0,43.8,94
2025-12-11,soro_antitermico_infantil,53.0,368.8571428571429,0.0,43.4,81
2025-12-12,soro_antitermico_infantil,55.0,313.8571428571429,0.0,32.5,70
2025-12-13,soro_antitermico_infantil,45.0,268.8571428571429,0.0,47.3,80
2025-12-14,soro_antitermico_infantil,45.0,223.8571428571429,0.0,44.2,89
2025-12-15,soro_antitermico_infantil,43.0,180.8571428571429,0.0,34.0,55
2025-12-16,soro_antitermico_infantil,50.0,1006.2857142857142,875.4285714285714,41.8,54
2025-12-17,soro_antitermico_infantil,49.0,957.2857142857142,0.0,38.9,55
2025-12-18,soro_antitermico_infantil,46.0,911.2857142857142,0.0,36.9,70
2025-12-19,soro_antitermico_infantil,60.0,851.2857142857142,0.0,37.1,74
2025-12-20,soro_antitermico_infantil,47.0,804.2857142857142,0.0,43.4,89
2025-12-21,soro_antitermico_infantil,61.0,743.2857142857142,0.0,48.9,95
2025-12-22,soro_antitermico_infantil,67.0,676.2857142857142,0.0,49.2,103
2025-12-23,soro_antitermico_infantil,49.0,627.2857142857142,0.0,29.2,49
2025-12-24,soro_antitermico_infantil,63.0,564.2857142857142,0.0,38.0,53
2025-12-25,soro_antitermico_infantil,57.0,507.2857142857142,0.0,53.7,116
2025-12-26,soro_antitermico_infantil,32.0,475.2857142857142,0.0,52.2,84
2025-12-27,soro_antitermico_infantil,56.0,419.2857142857142,0.0,40.9,77
2025-12-28,soro_antitermico_infantil,52.0,367.2857142857142,0.0,62.0,118
2025-12-29,soro_antitermico_infantil,61.0,306.2857142857142,0.0,38.5,67
2025-12-30,soro_antitermico_infantil,44.0,262.2857142857142,0.0,36.0,53
2025-12-31,soro_antitermico_infantil,51.0,211.28571428571422,0.0,36.6,74
2024-01-01,adrenalina_inj,3.0,63.0,0.0,52.7,111
2024-01-02,adrenalina_inj,6.0,57.0,0.0,33.6,51
2024-01-03,adrenalina_inj,14.0,43.0,0.0,34.2,61
2024-01-04,adrenalina_inj,1.0,42.0,0.0,32.6,51
2024-01-05,adrenalina_inj,4.0,38.0,0.0,24.7,30
2024-01-06,adrenalina_inj,9.0,29.0,0.0,41.6,71
2024-01-07,adrenalina_inj,4.0,25.0,0.0,51.5,99
2024-01-08,adrenalina_inj,1.0,24.0,0.0,29.9,65
2024-01-09,adrenalina_inj,6.0,18.0,0.0,20.0,44
2024-01-10,adrenalina_inj,2.0,16.0,0.0,37.5,57
2024-01-11,adrenalina_inj,7.0,9.0,0.0,49.8,90
2024-01-12,adrenalina_inj,8.0,1.0,0.0,37.9,81
2024-01-13,adrenalina_inj,7.0,0.0,0.0,34.2,80
2024-01-14,adrenalina_inj,2.0,97.0,99.0,43.7,85
2024-01-15,adrenalina_inj,9.0,88.0,0.0,38.7,61
2024-01-16,adrenalina_inj,7.0,81.0,0.0,33.7,37
2024-01-17,adrenalina_inj,6.0,75.0,0.0,32.8,49
2024-01-18,adrenalina_inj,6.0,69.0,0.0,28.6,47
2024-01-19,adrenalina_inj,3.0,66.0,0.0,26.8,48
2024-01-20,adrenalina_inj,3.0,63.0,0.0,39.9,75
2024-01-21,adrenalina_inj,4.0,59.0,0.0,40.7,81
2024-01-22,adrenalina_inj,5.0,54.0,0.0,22.5,37
2024-01-23,adrenalina_inj,3.0,51.0,0.0,38.6,48
2024-01-24,adrenalina_inj,10.0,41.0,0.0,36.8,46
2024-01-25,adrenalina_inj,0.0,41.0,0.0,33.2,43
2024-01-26,adrenalina_inj,3.0,38.0,0.0,26.7,48
2024-01-27,adrenalina_inj,4.0,34.0,0.0,47.1,86
2024-01-28,adrenalina_inj,6.0,28.0,0.0,40.6,70
2024-01-29,adrenalina_inj,5.0,23.0,0.0,51.4,103
2024-01-30,adrenalina_inj,6.0,144.28571428571428,127.28571428571428,35.7,49
2024-01-31,adrenalina_inj,6.0,138.28571428571428,0.0,46.2,86
2024-02-01,adrenalina_inj,6.0,132.28571428571428,0.0,34.4,51
2024-02-02,adrenalina_inj,6.0,126.28571428571428,0.0,29.8,39
2024-02-03,adrenalina_inj,9.0,117.28571428571428,0.0,40.2,72
2024-02-04,adrenalina_inj,8.0,109.28571428571428,0.0,31.0,70
2024-02-05,adrenalina_inj,3.0,106.28571428571428,0.0,39.8,74
2024-02-06,adrenalina_inj,8.0,98.28571428571428,0.0,29.2,51
2024-02-07,adrenalina_inj,8.0,90.28571428571428,0.0,34.0,73
2024-02-08,adrenalina_inj,5.0,85.28571428571428,0.0,42.0,62
2024-02-09,adrenalina_inj,2.0,83.28571428571428,0.0,51.3,88
2024-02-10,adrenalina_inj,8.0,75.28571428571428,0.0,53.0,97
2024-02-11,adrenalina_inj,1.0,74.28571428571428,0.0,59.8,129
2024-02-12,adrenalina_inj,7.0,67.28571428571428,0.0,55.4,104
2024-02-13,adrenalina_inj,4.0,63.28571428571428,0.0,46.5,94
2024-02-14,adrenalina_inj,7.0,56.28571428571428,0.0,40.7,75
2024-02-15,adrenalina_inj,5.0,51.28571428571428,0.0,42.8,96
2024-02-16,adrenalina_inj,3.0,48.28571428571428,0.0,55.8,116
2024-02-17,adrenalina_inj,9.0,39.28571428571428,0.0,58.6,128
2024-02-18,adrenalina_inj,3.0,36.28571428571428,0.0,72.4,183
2024-02-19,adrenalina_inj,2.0,34.28571428571428,0.0,61.3,137
2024-02-20,adrenalina_inj,5.0,29.285714285714278,0.0,55.3,120
2024-02-21,adrenalina_inj,5.0,154.71428571428572,130.42857142857144,73.6,151
2024-02-22,adrenalina_inj,6.0,148.71428571428572,0.0,49.7,93
2024-02-23,adrenalina_inj,3.0,145.71428571428572,0.0,56.0,121
2024-02-24,adrenalina_inj,6.0,139.71428571428572,0.0,60.4,131
2024-02-25,adrenalina_inj,9.0,130.71428571428572,0.0,65.6,148
2024-02-26,adrenalina_inj,5.0,125.71428571428572,0.0,61.8,140
2024-02-27,adrenalina_inj,7.0,118.71428571428572,0.0,56.9,136
2024-02-28,adrenalina_inj,4.0,114.71428571428572,0.0,54.6,119
2024-02-29,adrenalina_inj,5.0,109.71428571428572,0.0,63.8,152
2024-03-01,adrenalina_inj,4.0,105.71428571428572,0.0,50.9,121
2024-03-02,adrenalina_inj,3.0,102.71428571428572,0.0,63.2,136
2024-03-03,adrenalina_inj,7.0,95.71428571428572,0.0,64.2,140
2024-03-04,adrenalina_inj,2.0,93.71428571428572,0.0,60.3,154
2024-03-05,adrenalina_inj,3.0,90.71428571428572,0.0,58.6,130
2024-03-06,adrenalina_inj,3.0,87.71428571428572,0.0,59.9,121
2024-03-07,adrenalina_inj,1.0,86.71428571428572,0.0,56.7,111
2024-03-08,adrenalina_inj,5.0,81.71428571428572,0.0,60.7,123
2024-03-09,adrenalina_inj,9.0,72.71428571428572,0.0,83.7,200
2024-03-10,adrenalina_inj,5.0,67.71428571428572,0.0,70.4,172
2024-03-11,adrenalina_inj,2.0,65.71428571428572,0.0,58.3,140
2024-03-12,adrenalina_inj,2.0,63.71428571428572,0.0,54.9,114
2024-03-13,adrenalina_inj,4.0,59.71428571428572,0.0,53.3,109
2024-03-14,adrenalina_inj,4.0,55.71428571428572,0.0,70.9,149
2024-03-15,adrenalina_inj,5.0,50.71428571428572,0.0,69.1,146
2024-03-16,adrenalina_inj,5.0,45.71428571428572,0.0,61.7,139
2024-03-17,adrenalina_inj,5.0,40.71428571428572,0.0,58.3,142
2024-03-18,adrenalina_inj,8.0,32.71428571428572,0.0,62.4,143
2024-03-19,adrenalina_inj,2.0,30.714285714285722,0.0,50.9,104
2024-03-20,adrenalina_inj,3.0,27.714285714285722,0.0,57.9,129
2024-03-21,adrenalina_inj,7.0,20.714285714285722,0.0,66.6,158
2024-03-22,adrenalina_inj,5.0,15.714285714285722,0.0,52.1,107
2024-03-23,adrenalina_inj,5.0,10.714285714285722,0.0,62.0,144
2024-03-24,adrenalina_inj,5.0,5.714285714285722,0.0,57.6,133
2024-03-25,adrenalina_inj,3.0,2.7142857142857224,0.0,49.5,99
2024-03-26,adrenalina_inj,8.0,79.57142857142858,84.85714285714286,50.1,109
2024-03-27,adrenalina_inj,4.0,75.57142857142858,0.0,59.4,128
2024-03-28,adrenalina_inj,2.0,73.57142857142858,0.0,47.6,94
2024-03-29,adrenalina_inj,4.0,69.57142857142858,0.0,62.6,153
2024-03-30,adrenalina_inj,4.0,65.57142857142858,0.0,66.3,156
2024-03-31,adrenalina_inj,7.0,58.571428571428584,0.0,77.8,167
2024-04-01,adrenalina_inj,4.0,54.571428571428584,0.0,53.0,126
2024-04-02,adrenalina_inj,5.0,49.571428571428584,0.0,32.8,79
2024-04-03,adrenalina_inj,2.0,47.571428571428584,0.0,53.0,134
2024-04-04,adrenalina_inj,2.0,45.571428571428584,0.0,51.5,108
2024-04-05,adrenalina_inj,4.0,41.571428571428584,0.0,47.7,97
2024-04-06,adrenalina_inj,6.0,35.571428571428584,0.0,59.3,132
2024-04-07,adrenalina_inj,8.0,27.571428571428584,0.0,48.9,87
2024-04-08,adrenalina_inj,1.0,26.571428571428584,0.0,51.9,140
2024-04-09,adrenalina_inj,5.0,21.571428571428584,0.0,51.6,104
2024-04-10,adrenalina_inj,8.0,13.571428571428584,0.0,67.4,136
2024-04-11,adrenalina_inj,9.0,4.571428571428584,0.0,56.3,135
2024-04-12,adrenalina_inj,7.0,101.2857142857143,103.71428571428572,53.0,117
2024-04-13,adrenalina_inj,4.0,97.2857142857143,0.0,62.0,147
2024-04-14,adrenalina_inj,6.0,91.2857142857143,0.0,47.8,108
2024-04-15,adrenalina_inj,5.0,86.2857142857143,0.0,47.3,100
2024-04-16,adrenalina_inj,6.0,80.2857142857143,0.0,56.7,107
2024-04-17,adrenalina_inj,4.0,76.2857142857143,0.0,45.4,70
2024-04-18,adrenalina_inj,6.0,70.2857142857143,0.0,48.6,104
2024-04-19,adrenalina_inj,8.0,62.285714285714306,0.0,58.0,105
2024-04-20,adrenalina_inj,4.0,58.285714285714306,0.0,56.8,123
2024-04-21,adrenalina_inj,8.0,50.285714285714306,0.0,86.4,188
2024-04-22,adrenalina_inj,4.0,46.285714285714306,0.0,38.8,73
2024-04-23,adrenalina_inj,1.0,45.285714285714306,0.0,37.6,67
2024-04-24,adrenalina_inj,6.0,39.285714285714306,0.0,42.4,78
2024-04-25,adrenalina_inj,2.0,37.285714285714306,0.0,53.3,77
2024-04-26,adrenalina_inj,3.0,34.285714285714306,0.0,43.6,76
2024-04-27,adrenalina_inj,6.0,28.285714285714306,0.0,52.4,119
2024-04-28,adrenalina_inj,5.0,23.285714285714306,0.0,60.2,122
2024-04-29,adrenalina_inj,14.0,9.285714285714306,0.0,56.9,128
2024-04-30,adrenalina_inj,2.0,7.285714285714306,0.0,35.1,67
2024-05-01,adrenalina_inj,5.0,120.14285714285715,117.85714285714285,60.6,124
2024-05-02,adrenalina_inj,6.0,114.14285714285715,0.0,45.2,90
2024-05-03,adrenalina_inj,6.0,108.14285714285715,0.0,50.4,102
2024-05-04,adrenalina_inj,3.0,105.14285714285715,0.0,60.9,135
2024-05-05,adrenalina_inj,8.0,97.14285714285715,0.0,50.3,101
2024-05-06,adrenalina_inj,11.0,86.14285714285715,0.0,60.1,128
2024-05-07,adrenalina_inj,3.0,83.14285714285715,0.0,27.2,61
2024-05-08,adrenalina_inj,9.0,74.14285714285715,0.0,44.3,80
2024-05-09,adrenalina_inj,4.0,70.14285714285715,0.0,34.2,70
2024-05-10,adrenalina_inj,4.0,66.14285714285715,0.0,39.3,90
2024-05-11,adrenalina_inj,8.0,58.14285714285715,0.0,50.8,107
2024-05-12,adrenalina_inj,9.0,49.14285714285715,0.0,56.3,121
2024-05-13,adrenalina_inj,3.0,46.14285714285715,0.0,49.7,111
2024-05-14,adrenalina_inj,4.0,42.14285714285715,0.0,45.3,81
2024-05-15,adrenalina_inj,7.0,35.14285714285715,0.0,29.2,60
2024-05-16,adrenalina_inj,6.0,29.142857142857153,0.0,50.1,109
2024-05-17,adrenalina_inj,6.0,23.142857142857153,0.0,53.3,120
2024-05-18,adrenalina_inj,4.0,19.142857142857153,0.0,63.1,142
2024-05-19,adrenalina_inj,7.0,12.142857142857153,0.0,65.8,146
2024-05-20,adrenalina_inj,8.0,129.8571428571429,125.71428571428572,44.2,99
2024-05-21,adrenalina_inj,6.0,123.85714285714289,0.0,36.8,58
2024-05-22,adrenalina_inj,5.0,118.85714285714289,0.0,39.4,73
2024-05-23,adrenalina_inj,3.0,115.85714285714289,0.0,41.4,101
2024-05-24,adrenalina_inj,4.0,111.85714285714289,0.0,31.3,73
2024-05-25,adrenalina_inj,7.0,104.85714285714289,0.0,47.8,98
2024-05-26,adrenalina_inj,6.0,98.85714285714289,0.0,49.1,104
2024-05-27,adrenalina_inj,6.0,92.85714285714289,0.0,43.6,87
2024-05-28,adrenalina_inj,3.0,89.85714285714289,0.0,50.6,106
2024-05-29,adrenalina_inj,5.0,84.85714285714289,0.0,36.2,62
2024-05-30,adrenalina_inj,9.0,75.85714285714289,0.0,40.1,65
2024-05-31,adrenalina_inj,2.0,73.85714285714289,0.0,31.2,63
2024-06-01,adrenalina_inj,6.0,67.85714285714289,0.0,36.2,78
2024-06-02,adrenalina_inj,4.0,63.85714285714289,0.0,43.2,97
2024-06-03,adrenalina_inj,6.0,57.85714285714289,0.0,44.8,86
2024-06-04,adrenalina_inj,4.0,53.85714285714289,0.0,67.9,141
2024-06-05,adrenalina_inj,8.0,45.85714285714289,0.0,39.9,80
2024-06-06,adrenalina_inj,2.0,43.85714285714289,0.0,34.0,87
2024-06-07,adrenalina_inj,5.0,38.85714285714289,0.0,28.1,61
2024-06-08,adrenalina_inj,3.0,35.85714285714289,0.0,51.9,119
2024-06-09,adrenalina_inj,8.0,27.85714285714289,0.0,45.0,96
2024-06-10,adrenalina_inj,7.0,20.85714285714289,0.0,41.0,83
2024-06-11,adrenalina_inj,2.0,18.85714285714289,0.0,47.7,97
2024-06-12,adrenalina_inj,4.0,139.00000000000006,124.14285714285715,39.6,78
2024-06-13,adrenalina_inj,5.0,134.00000000000006,0.0,55.2,107
2024-06-14,adrenalina_inj,7.0,127.00000000000006,0.0,41.7,88
2024-06-15,adrenalina_inj,12.0,115.00000000000006,0.0,55.3,129
2024-06-16,adrenalina_inj,1.0,114.00000000000006,0.0,53.3,108
2024-06-17,adrenalina_inj,2.0,112.00000000000006,0.0,36.1,82
2024-06-18,adrenalina_inj,8.0,104.00000000000006,0.0,39.3,69
2024-06-19,adrenalina_inj,3.0,101.00000000000006,0.0,40.6,76
2024-06-20,adrenalina_inj,3.0,98.00000000000006,0.0,43.4,87
2024-06-21,adrenalina_inj,6.0,92.00000000000006,0.0,40.6,59
2024-06-22,adrenalina_inj,5.0,87.00000000000006,0.0,50.7,113
2024-06-23,adrenalina_inj,5.0,82.00000000000006,0.0,53.3,90
2024-06-24,adrenalina_inj,9.0,73.00000000000006,0.0,41.0,81
2024-06-25,adrenalina_inj,5.0,68.00000000000006,0.0,49.4,117
2024-06-26,adrenalina_inj,1.0,67.00000000000006,0.0,38.4,70
2024-06-27,adrenalina_inj,4.0,63.00000000000006,0.0,35.2,74
2024-06-28,adrenalina_inj,8.0,55.00000000000006,0.0,35.8,72
2024-06-29,adrenalina_inj,5.0,50.00000000000006,0.0,63.1,137
2024-06-30,adrenalina_inj,1.0,49.00000000000006,0.0,54.3,110
2024-07-01,adrenalina_inj,6.0,43.00000000000006,0.0,45.8,99
2024-07-02,adrenalina_inj,0.0,43.00000000000006,0.0,57.4,114
2024-07-03,adrenalina_inj,4.0,39.00000000000006,0.0,56.7,110
2024-07-04,adrenalina_inj,6.0,33.00000000000006,0.0,49.8,87
2024-07-05,adrenalina_inj,5.0,28.000000000000057,0.0,50.4,99
2024-07-06,adrenalina_inj,4.0,137.14285714285722,113.14285714285715,56.8,108
2024-07-07,adrenalina_inj,8.0,129.14285714285722,0.0,32.7,76
2024-07-08,adrenalina_inj,1.0,128.14285714285722,0.0,49.8,107
2024-07-09,adrenalina_inj,4.0,124.14285714285722,0.0,49.0,111
2024-07-10,adrenalina_inj,5.0,119.14285714285722,0.0,44.9,88
2024-07-11,adrenalina_inj,2.0,117.14285714285722,0.0,43.2,91
2024-07-12,adrenalina_inj,3.0,114.14285714285722,0.0,47.9,100
2024-07-13,adrenalina_inj,8.0,106.14285714285722,0.0,51.6,87
2024-07-14,adrenalina_inj,3.0,103.14285714285722,0.0,52.8,114
2024-07-15,adrenalina_inj,7.0,96.14285714285722,0.0,48.5,95
2024-07-16,adrenalina_inj,5.0,91.14285714285722,0.0,42.1,84
2024-07-17,adrenalina_inj,10.0,81.14285714285722,0.0,39.8,74
2024-07-18,adrenalina_inj,5.0,76.14285714285722,0.0,39.5,74
2024-07-19,adrenalina_inj,6.0,70.14285714285722,0.0,39.9,70
2024-07-20,adrenalina_inj,4.0,66.14285714285722,0.0,74.3,160
2024-07-21,adrenalina_inj,11.0,55.142857142857224,0.0,51.7,90
2024-07-22,adrenalina_inj,9.0,46.142857142857224,0.0,41.4,76
2024-07-23,adrenalina_inj,11.0,35.142857142857224,0.0,35.9,57
2024-07-24,adrenalina_inj,9.0,26.142857142857224,0.0,34.2,72
2024-07-25,adrenalina_inj,8.0,18.142857142857224,0.0,37.7,70
2024-07-26,adrenalina_inj,3.0,15.142857142857224,0.0,35.6,52
2024-07-27,adrenalina_inj,12.0,3.142857142857224,0.0,51.4,98
2024-07-28,adrenalina_inj,9.0,0.0,0.0,50.5,103
2024-07-29,adrenalina_inj,6.0,0.0,0.0,58.4,118
2024-07-30,adrenalina_inj,4.0,0.0,0.0,32.0,47
2024-07-31,adrenalina_inj,6.0,105.57142857142857,111.57142857142857,44.3,74
2024-08-01,adrenalina_inj,2.0,103.57142857142857,0.0,36.8,63
2024-08-02,adrenalina_inj,5.0,98.57142857142857,0.0,36.0,68
2024-08-03,adrenalina_inj,10.0,88.57142857142857,0.0,58.0,123
2024-08-04,adrenalina_inj,3.0,85.57142857142857,0.0,44.6,122
2024-08-05,adrenalina_inj,4.0,81.57142857142857,0.0,70.8,159
2024-08-06,adrenalina_inj,6.0,75.57142857142857,0.0,27.7,82
2024-08-07,adrenalina_inj,11.0,64.57142857142857,0.0,43.8,106
2024-08-08,adrenalina_inj,6.0,58.57142857142857,0.0,46.5,89
2024-08-09,adrenalina_inj,4.0,54.57142857142857,0.0,57.1,119
2024-08-10,adrenalina_inj,3.0,51.57142857142857,0.0,42.2,95
2024-08-11,adrenalina_inj,9.0,42.57142857142857,0.0,44.0,95
2024-08-12,adrenalina_inj,5.0,199.42857142857144,161.85714285714286,53.0,97
2024-08-13,adrenalina_inj,5.0,194.42857142857144,0.0,45.6,97
2024-08-14,adrenalina_inj,4.0,190.42857142857144,0.0,62.1,113
2024-08-15,adrenalina_inj,4.0,186.42857142857144,0.0,41.6,80
2024-08-16,adrenalina_inj,5.0,181.42857142857144,0.0,41.5,75
2024-08-17,adrenalina_inj,9.0,172.42857142857144,0.0,60.0,114
2024-08-18,adrenalina_inj,4.0,168.42857142857144,0.0,42.1,80
2024-08-19,adrenalina_inj,6.0,162.42857142857144,0.0,44.6,100
2024-08-20,adrenalina_inj,4.0,158.42857142857144,0.0,42.2,83
2024-08-21,adrenalina_inj,8.0,150.42857142857144,0.0,48.1,99
2024-08-22,adrenalina_inj,10.0,140.42857142857144,0.0,27.7,56
2024-08-23,adrenalina_inj,3.0,137.42857142857144,0.0,35.7,66
2024-08-24,adrenalina_inj,5.0,132.42857142857144,0.0,42.1,90
2024-08-25,adrenalina_inj,5.0,127.42857142857144,0.0,43.9,76
2024-08-26,adrenalina_inj,4.0,123.42857142857144,0.0,45.9,92
2024-08-27,adrenalina_inj,9.0,114.42857142857144,0.0,47.1,99
2024-08-28,adrenalina_inj,5.0,109.42857142857144,0.0,38.4,72
2024-08-29,adrenalina_inj,3.0,106.42857142857144,0.0,43.5,83
2024-08-30,adrenalina_inj,4.0,102.42857142857144,0.0,35.7,56
2024-08-31,adrenalina_inj,10.0,92.42857142857144,0.0,36.5,77
2024-09-01,adrenalina_inj,8.0,84.42857142857144,0.0,58.8,141
2024-09-02,adrenalina_inj,5.0,79.42857142857144,0.0,42.2,69
2024-09-03,adrenalina_inj,4.0,75.42857142857144,0.0,36.1,69
2024-09-04,adrenalina_inj,5.0,70.42857142857144,0.0,41.9,97
2024-09-05,adrenalina_inj,3.0,67.42857142857144,0.0,52.8,107
2024-09-06,adrenalina_inj,8.0,59.428571428571445,0.0,39.2,68
2024-09-07,adrenalina_inj,6.0,53.428571428571445,0.0,58.9,147
2024-09-08,adrenalina_inj,3.0,50.428571428571445,0.0,55.8,118
2024-09-09,adrenalina_inj,5.0,45.428571428571445,0.0,59.9,124
2024-09-10,adrenalina_inj,7.0,38.428571428571445,0.0,43.4,81
2024-09-11,adrenalina_inj,5.0,33.428571428571445,0.0,42.4,75
2024-09-12,adrenalina_inj,12.0,21.428571428571445,0.0,39.8,91
2024-09-13,adrenalina_inj,7.0,146.42857142857144,132.0,45.7,88
2024-09-14,adrenalina_inj,9.0,137.42857142857144,0.0,46.7,98
2024-09-15,adrenalina_inj,3.0,134.42857142857144,0.0,45.6,97
2024-09-16,adrenalina_inj,2.0,132.42857142857144,0.0,45.4,81
2024-09-17,adrenalina_inj,6.0,126.42857142857144,0.0,45.8,75
2024-09-18,adrenalina_inj,10.0,116.42857142857144,0.0,42.1,61
2024-09-19,adrenalina_inj,3.0,113.42857142857144,0.0,46.8,80
2024-09-20,adrenalina_inj,5.0,108.42857142857144,0.0,29.6,47
2024-09-21,adrenalina_inj,6.0,102.42857142857144,0.0,47.6,93
2024-09-22,adrenalina_inj,5.0,97.42857142857144,0.0,49.2,93
2024-09-23,adrenalina_inj,1.0,96.42857142857144,0.0,48.0,97
2024-09-24,adrenalina_inj,1.0,95.42857142857144,0.0,38.3,69
2024-09-25,adrenalina_inj,9.0,86.42857142857144,0.0,35.1,52
2024-09-26,adrenalina_inj,7.0,79.42857142857144,0.0,35.4,63
2024-09-27,adrenalina_inj,2.0,77.42857142857144,0.0,32.7,63
2024-09-28,adrenalina_inj,7.0,70.42857142857144,0.0,43.1,89
2024-09-29,adrenalina_inj,1.0,69.42857142857144,0.0,45.2,83
2024-09-30,adrenalina_inj,9.0,60.428571428571445,0.0,47.9,98
2024-10-01,adrenalina_inj,9.0,51.428571428571445,0.0,38.1,66
2024-10-02,adrenalina_inj,10.0,41.428571428571445,0.0,40.1,68
2024-10-03,adrenalina_inj,3.0,38.428571428571445,0.0,35.5,67
2024-10-04,adrenalina_inj,4.0,34.428571428571445,0.0,34.1,50
2024-10-05,adrenalina_inj,2.0,32.428571428571445,0.0,47.7,93
2024-10-06,adrenalina_inj,5.0,27.428571428571445,0.0,49.3,116
2024-10-07,adrenalina_inj,6.0,21.428571428571445,0.0,46.0,76
2024-10-08,adrenalina_inj,4.0,17.428571428571445,0.0,32.2,59
2024-10-09,adrenalina_inj,6.0,11.428571428571445,0.0,34.3,78
2024-10-10,adrenalina_inj,2.0,114.71428571428572,105.28571428571428,38.1,82
2024-10-11,adrenalina_inj,6.0,108.71428571428572,0.0,36.8,78
2024-10-12,adrenalina_inj,6.0,102.71428571428572,0.0,59.3,130
2024-10-13,adrenalina_inj,2.0,100.71428571428572,0.0,43.3,88
2024-10-14,adrenalina_inj,5.0,95.71428571428572,0.0,44.1,91
2024-10-15,adrenalina_inj,6.0,89.71428571428572,0.0,40.9,71
2024-10-16,adrenalina_inj,4.0,85.71428571428572,0.0,41.5,76
2024-10-17,adrenalina_inj,5.0,80.71428571428572,0.0,40.4,73
2024-10-18,adrenalina_inj,4.0,76.71428571428572,0.0,35.9,59
2024-10-19,adrenalina_inj,5.0,71.71428571428572,0.0,57.0,117
2024-10-20,adrenalina_inj,3.0,68.71428571428572,0.0,24.8,56
2024-10-21,adrenalina_inj,4.0,64.71428571428572,0.0,37.7,73
2024-10-22,adrenalina_inj,5.0,59.71428571428572,0.0,31.5,76
2024-10-23,adrenalina_inj,9.0,50.71428571428572,0.0,39.6,74
2024-10-24,adrenalina_inj,6.0,44.71428571428572,0.0,36.7,66
2024-10-25,adrenalina_inj,4.0,40.71428571428572,0.0,42.6,71
2024-10-26,adrenalina_inj,5.0,35.71428571428572,0.0,49.5,89
2024-10-27,adrenalina_inj,5.0,30.714285714285722,0.0,56.8,121
2024-10-28,adrenalina_inj,6.0,24.714285714285722,0.0,36.4,71
2024-10-29,adrenalina_inj,7.0,17.714285714285722,0.0,43.2,79
2024-10-30,adrenalina_inj,6.0,11.714285714285722,0.0,29.0,50
2024-10-31,adrenalina_inj,4.0,7.714285714285722,0.0,44.7,89
2024-11-01,adrenalina_inj,1.0,6.714285714285722,0.0,38.2,59
2024-11-02,adrenalina_inj,5.0,99.14285714285715,97.42857142857143,57.9,133
2024-11-03,adrenalina_inj,8.0,91.14285714285715,0.0,54.6,108
2024-11-04,adrenalina_inj,5.0,86.14285714285715,0.0,45.3,83
2024-11-05,adrenalina_inj,7.0,79.14285714285715,0.0,37.8,80
2024-11-06,adrenalina_inj,5.0,74.14285714285715,0.0,37.4,57
2024-11-07,adrenalina_inj,5.0,69.14285714285715,0.0,41.9,73
2024-11-08,adrenalina_inj,6.0,63.14285714285715,0.0,41.6,79
2024-11-09,adrenalina_inj,5.0,58.14285714285715,0.0,42.4,91
2024-11-10,adrenalina_inj,4.0,54.14285714285715,0.0,46.9,105
2024-11-11,adrenalina_inj,7.0,47.14285714285715,0.0,42.6,89
2024-11-12,adrenalina_inj,4.0,43.14285714285715,0.0,46.2,87
2024-11-13,adrenalina_inj,6.0,37.14285714285715,0.0,24.1,41
2024-11-14,adrenalina_inj,6.0,31.142857142857153,0.0,40.9,73
2024-11-15,adrenalina_inj,5.0,26.142857142857153,0.0,39.8,89
2024-11-16,adrenalina_inj,16.0,10.142857142857153,0.0,48.1,101
2024-11-17,adrenalina_inj,4.0,128.71428571428572,122.57142857142857,53.9,114
2024-11-18,adrenalina_inj,6.0,122.71428571428572,0.0,61.2,108
2024-11-19,adrenalina_inj,7.0,115.71428571428572,0.0,28.0,57
2024-11-20,adrenalina_inj,7.0,108.71428571428572,0.0,61.8,121
2024-11-21,adrenalina_inj,6.0,102.71428571428572,0.0,42.9,82
2024-11-22,adrenalina_inj,3.0,99.71428571428572,0.0,29.6,41
2024-11-23,adrenalina_inj,6.0,93.71428571428572,0.0,54.0,114
2024-11-24,adrenalina_inj,9.0,84.71428571428572,0.0,40.6,72
2024-11-25,adrenalina_inj,5.0,79.71428571428572,0.0,34.7,62
2024-11-26,adrenalina_inj,5.0,74.71428571428572,0.0,45.0,73
2024-11-27,adrenalina_inj,5.0,69.71428571428572,0.0,39.1,78
2024-11-28,adrenalina_inj,5.0,64.71428571428572,0.0,38.8,59
2024-11-29,adrenalina_inj,4.0,60.71428571428572,0.0,29.9,54
2024-11-30,adrenalina_inj,4.0,56.71428571428572,0.0,42.0,82
2024-12-01,adrenalina_inj,9.0,47.71428571428572,0.0,38.7,84
2024-12-02,adrenalina_inj,8.0,39.71428571428572,0.0,36.1,59
2024-12-03,adrenalina_inj,3.0,36.71428571428572,0.0,50.9,90
2024-12-04,adrenalina_inj,4.0,32.71428571428572,0.0,43.0,85
2024-12-05,adrenalina_inj,8.0,24.714285714285722,0.0,37.3,70
2024-12-06,adrenalina_inj,8.0,16.714285714285722,0.0,28.7,56
2024-12-07,adrenalina_inj,5.0,11.714285714285722,0.0,45.2,93
2024-12-08,adrenalina_inj,4.0,152.28571428571428,144.57142857142856,48.2,117
2024-12-09,adrenalina_inj,5.0,147.28571428571428,0.0,42.8,94
2024-12-10,adrenalina_inj,7.0,140.28571428571428,0.0,51.6,106
2024-12-11,adrenalina_inj,7.0,133.28571428571428,0.0,30.1,32
2024-12-12,adrenalina_inj,7.0,126.28571428571428,0.0,40.9,46
2024-12-13,adrenalina_inj,3.0,123.28571428571428,0.0,39.6,81
2024-12-14,adrenalina_inj,5.0,118.28571428571428,0.0,42.8,67
2024-12-15,adrenalina_inj,7.0,111.28571428571428,0.0,52.7,109
2024-12-16,adrenalina_inj,5.0,106.28571428571428,0.0,40.6,79
2024-12-17,adrenalina_inj,4.0,102.28571428571428,0.0,38.8,67
2024-12-18,adrenalina_inj,5.0,97.28571428571428,0.0,36.2,64
2024-12-19,adrenalina_inj,7.0,90.28571428571428,0.0,35.7,62
2024-12-20,adrenalina_inj,4.0,86.28571428571428,0.0,34.4,64
2024-12-21,adrenalina_inj,5.0,81.28571428571428,0.0,43.7,102
2024-12-22,adrenalina_inj,3.0,78.28571428571428,0.0,42.4,100
2024-12-23,adrenalina_inj,4.0,74.28571428571428,0.0,45.3,83
2024-12-24,adrenalina_inj,3.0,71.28571428571428,0.0,35.2,65
2024-12-25,adrenalina_inj,11.0,60.28571428571428,0.0,38.5,78
2024-12-26,adrenalina_inj,5.0,55.28571428571428,0.0,32.9,55
2024-12-27,adrenalina_inj,6.0,49.28571428571428,0.0,45.1,81
2024-12-28,adrenalina_inj,7.0,42.28571428571428,0.0,53.9,113
2024-12-29,adrenalina_inj,4.0,38.28571428571428,0.0,38.3,78
2024-12-30,adrenalina_inj,6.0,32.28571428571428,0.0,51.0,93
2024-12-31,adrenalina_inj,2.0,30.285714285714278,0.0,43.7,68
2025-01-01,adrenalina_inj,6.0,24.285714285714278,0.0,50.9,101
2025-01-02,adrenalina_inj,6.0,18.285714285714278,0.0,43.7,75
2025-01-03,adrenalina_inj,4.0,14.285714285714278,0.0,45.2,76
2025-01-04,adrenalina_inj,7.0,7.285714285714278,0.0,50.7,93
2025-01-05,adrenalina_inj,5.0,118.57142857142856,116.28571428571428,49.6,96
2025-01-06,adrenalina_inj,6.0,112.57142857142856,0.0,49.6,96
2025-01-07,adrenalina_inj,4.0,108.57142857142856,0.0,44.7,83
2025-01-08,adrenalina_inj,8.0,100.57142857142856,0.0,36.2,77
2025-01-09,adrenalina_inj,4.0,96.57142857142856,0.0,41.2,71
2025-01-10,adrenalina_inj,5.0,91.57142857142856,0.0,46.3,109
2025-01-11,adrenalina_inj,4.0,87.57142857142856,0.0,40.9,87
2025-01-12,adrenalina_inj,2.0,85.57142857142856,0.0,41.6,65
2025-01-13,adrenalina_inj,7.0,78.57142857142856,0.0,60.7,125
2025-01-14,adrenalina_inj,6.0,72.57142857142856,0.0,39.8,58
2025-01-15,adrenalina_inj,4.0,68.57142857142856,0.0,29.7,49
2025-01-16,adrenalina_inj,3.0,65.57142857142856,0.0,34.9,74
2025-01-17,adrenalina_inj,2.0,63.571428571428555,0.0,31.9,55
2025-01-18,adrenalina_inj,2.0,61.571428571428555,0.0,39.9,74
2025-01-19,adrenalina_inj,3.0,58.571428571428555,0.0,33.2,55
2025-01-20,adrenalina_inj,1.0,57.571428571428555,0.0,50.0,91
2025-01-21,adrenalina_inj,7.0,50.571428571428555,0.0,34.5,64
2025-01-22,adrenalina_inj,2.0,48.571428571428555,0.0,43.3,81
2025-01-23,adrenalina_inj,7.0,41.571428571428555,0.0,37.3,79
2025-01-24,adrenalina_inj,6.0,35.571428571428555,0.0,34.6,55
2025-01-25,adrenalina_inj,3.0,32.571428571428555,0.0,43.4,85
2025-01-26,adrenalina_inj,8.0,24.571428571428555,0.0,43.8,95
2025-01-27,adrenalina_inj,7.0,133.85714285714283,116.28571428571428,37.5,71
2025-01-28,adrenalina_inj,3.0,130.85714285714283,0.0,40.2,78
2025-01-29,adrenalina_inj,6.0,124.85714285714283,0.0,41.9,84
2025-01-30,adrenalina_inj,6.0,118.85714285714283,0.0,36.4,45
2025-01-31,adrenalina_inj,10.0,108.85714285714283,0.0,40.5,78
2025-02-01,adrenalina_inj,9.0,99.85714285714283,0.0,43.4,88
2025-02-02,adrenalina_inj,7.0,92.85714285714283,0.0,40.5,101
2025-02-03,adrenalina_inj,5.0,87.85714285714283,0.0,33.1,66
2025-02-04,adrenalina_inj,4.0,83.85714285714283,0.0,37.0,70
2025-02-05,adrenalina_inj,2.0,81.85714285714283,0.0,38.5,79
2025-02-06,adrenalina_inj,5.0,76.85714285714283,0.0,52.0,94
2025-02-07,adrenalina_inj,6.0,70.85714285714283,0.0,30.8,51
2025-02-08,adrenalina_inj,4.0,66.85714285714283,0.0,58.3,113
2025-02-09,adrenalina_inj,5.0,61.85714285714283,0.0,47.4,96
2025-02-10,adrenalina_inj,5.0,56.85714285714283,0.0,46.6,94
2025-02-11,adrenalina_inj,3.0,53.85714285714283,0.0,41.6,81
2025-02-12,adrenalina_inj,8.0,45.85714285714283,0.0,30.4,48
2025-02-13,adrenalina_inj,4.0,41.85714285714283,0.0,36.9,47
2025-02-14,adrenalina_inj,7.0,34.85714285714283,0.0,25.0,59
2025-02-15,adrenalina_inj,0.0,34.85714285714283,0.0,26.9,61
2025-02-16,adrenalina_inj,4.0,165.99999999999997,135.14285714285714,36.3,71
2025-02-17,adrenalina_inj,6.0,159.99999999999997,0.0,50.4,105
2025-02-18,adrenalina_inj,6.0,153.99999999999997,0.0,32.1,45
2025-02-19,adrenalina_inj,5.0,148.99999999999997,0.0,45.6,86
2025-02-20,adrenalina_inj,4.0,144.99999999999997,0.0,35.5,67
2025-02-21,adrenalina_inj,7.0,137.99999999999997,0.0,43.6,74
2025-02-22,adrenalina_inj,4.0,133.99999999999997,0.0,47.1,84
2025-02-23,adrenalina_inj,7.0,126.99999999999997,0.0,56.3,120
2025-02-24,adrenalina_inj,14.0,112.99999999999997,0.0,46.8,84
2025-02-25,adrenalina_inj,9.0,103.99999999999997,0.0,28.0,38
2025-02-26,adrenalina_inj,9.0,94.99999999999997,0.0,26.7,44
2025-02-27,adrenalina_inj,4.0,90.99999999999997,0.0,39.8,67
2025-02-28,adrenalina_inj,5.0,85.99999999999997,0.0,39.9,74
2025-03-01,adrenalina_inj,3.0,82.99999999999997,0.0,46.1,93
2025-03-02,adrenalina_inj,7.0,75.99999999999997,0.0,58.7,112
2025-03-03,adrenalina_inj,6.0,69.99999999999997,0.0,42.3,110
2025-03-04,adrenalina_inj,9.0,60.99999999999997,0.0,26.1,52
2025-03-05,adrenalina_inj,3.0,57.99999999999997,0.0,31.9,66
2025-03-06,adrenalina_inj,5.0,52.99999999999997,0.0,28.9,48
2025-03-07,adrenalina_inj,3.0,49.99999999999997,0.0,33.6,60
2025-03-08,adrenalina_inj,2.0,47.99999999999997,0.0,44.7,106
2025-03-09,adrenalina_inj,5.0,42.99999999999997,0.0,36.2,76
2025-03-10,adrenalina_inj,4.0,38.99999999999997,0.0,50.4,115
2025-03-11,adrenalina_inj,6.0,32.99999999999997,0.0,45.8,64
2025-03-12,adrenalina_inj,6.0,26.99999999999997,0.0,39.7,54
2025-03-13,adrenalina_inj,8.0,154.1428571428571,135.14285714285714,41.3,84
2025-03-14,adrenalina_inj,7.0,147.1428571428571,0.0,38.7,76
2025-03-15,adrenalina_inj,4.0,143.1428571428571,0.0,46.1,106
2025-03-16,adrenalina_inj,10.0,133.1428571428571,0.0,53.6,136
2025-03-17,adrenalina_inj,7.0,126.14285714285711,0.0,50.6,107
2025-03-18,adrenalina_inj,6.0,120.14285714285711,0.0,41.1,90
2025-03-19,adrenalina_inj,4.0,116.14285714285711,0.0,46.9,96
2025-03-20,adrenalina_inj,5.0,111.14285714285711,0.0,28.9,62
2025-03-21,adrenalina_inj,4.0,107.14285714285711,0.0,28.4,51
2025-03-22,adrenalina_inj,2.0,105.14285714285711,0.0,51.3,106
2025-03-23,adrenalina_inj,8.0,97.14285714285711,0.0,46.9,91
2025-03-24,adrenalina_inj,6.0,91.14285714285711,0.0,46.4,89
2025-03-25,adrenalina_inj,7.0,84.14285714285711,0.0,36.3,80
2025-03-26,adrenalina_inj,7.0,77.14285714285711,0.0,39.4,64
2025-03-27,adrenalina_inj,6.0,71.14285714285711,0.0,43.6,95
2025-03-28,adrenalina_inj,3.0,68.14285714285711,0.0,50.8,99
2025-03-29,adrenalina_inj,1.0,67.14285714285711,0.0,54.8,118
2025-03-30,adrenalina_inj,10.0,57.14285714285711,0.0,44.1,103
2025-03-31,adrenalina_inj,7.0,50.14285714285711,0.0,43.1,88
2025-04-01,adrenalina_inj,6.0,44.14285714285711,0.0,45.2,86
2025-04-02,adrenalina_inj,3.0,41.14285714285711,0.0,38.1,63
2025-04-03,adrenalina_inj,3.0,38.14285714285711,0.0,43.1,86
2025-04-04,adrenalina_inj,5.0,33.14285714285711,0.0,48.4,82
2025-04-05,adrenalina_inj,3.0,30.14285714285711,0.0,50.9,95
2025-04-06,adrenalina_inj,10.0,152.1428571428571,132.0,47.9,101
2025-04-07,adrenalina_inj,5.0,147.1428571428571,0.0,53.7,106
2025-04-08,adrenalina_inj,6.0,141.1428571428571,0.0,51.4,86
2025-04-09,adrenalina_inj,4.0,137.1428571428571,0.0,45.6,69
2025-04-10,adrenalina_inj,6.0,131.1428571428571,0.0,29.3,59
2025-04-11,adrenalina_inj,4.0,127.14285714285711,0.0,43.5,96
2025-04-12,adrenalina_inj,4.0,123.14285714285711,0.0,66.1,133
2025-04-13,adrenalina_inj,4.0,119.14285714285711,0.0,55.6,132
2025-04-14,adrenalina_inj,2.0,117.14285714285711,0.0,40.5,92
2025-04-15,adrenalina_inj,6.0,111.14285714285711,0.0,41.0,84
2025-04-16,adrenalina_inj,2.0,109.14285714285711,0.0,48.2,94
2025-04-17,adrenalina_inj,5.0,104.14285714285711,0.0,42.9,85
2025-04-18,adrenalina_inj,10.0,94.14285714285711,0.0,54.7,125
2025-04-19,adrenalina_inj,5.0,89.14285714285711,0.0,53.6,122
2025-04-20,adrenalina_inj,8.0,81.14285714285711,0.0,52.7,120
2025-04-21,adrenalina_inj,3.0,78.14285714285711,0.0,73.8,182
2025-04-22,adrenalina_inj,3.0,75.14285714285711,0.0,50.4,79
2025-04-23,adrenalina_inj,4.0,71.14285714285711,0.0,43.5,82
2025-04-24,adrenalina_inj,4.0,67.14285714285711,0.0,65.4,138
2025-04-25,adrenalina_inj,4.0,63.14285714285711,0.0,42.8,89
2025-04-26,adrenalina_inj,8.0,55.14285714285711,0.0,62.2,141
2025-04-27,adrenalina_inj,2.0,53.14285714285711,0.0,48.2,107
2025-04-28,adrenalina_inj,5.0,48.14285714285711,0.0,32.7,85
2025-04-29,adrenalina_inj,8.0,40.14285714285711,0.0,27.3,55
2025-04-30,adrenalina_inj,4.0,36.14285714285711,0.0,33.3,77
2025-05-01,adrenalina_inj,8.0,28.14285714285711,0.0,42.4,108
2025-05-02,adrenalina_inj,4.0,24.14285714285711,0.0,32.6,68
2025-05-03,adrenalina_inj,8.0,16.14285714285711,0.0,54.2,101
2025-05-04,adrenalina_inj,6.0,10.14285714285711,0.0,56.1,122
2025-05-05,adrenalina_inj,6.0,4.14285714285711,0.0,53.1,98
2025-05-06,adrenalina_inj,10.0,0.0,0.0,45.3,86
2025-05-07,adrenalina_inj,7.0,0.0,0.0,43.0,75
2025-05-08,adrenalina_inj,5.0,95.57142857142857,100.57142857142857,32.7,65
2025-05-09,adrenalina_inj,4.0,91.57142857142857,0.0,37.7,63
2025-05-10,adrenalina_inj,4.0,87.57142857142857,0.0,54.7,109
2025-05-11,adrenalina_inj,7.0,80.57142857142857,0.0,47.0,102
2025-05-12,adrenalina_inj,5.0,75.57142857142857,0.0,38.9,66
2025-05-13,adrenalina_inj,6.0,69.57142857142857,0.0,38.3,64
2025-05-14,adrenalina_inj,5.0,64.57142857142857,0.0,40.1,82
2025-05-15,adrenalina_inj,8.0,56.57142857142857,0.0,46.5,107
2025-05-16,adrenalina_inj,2.0,54.57142857142857,0.0,45.3,104
2025-05-17,adrenalina_inj,10.0,44.57142857142857,0.0,53.5,113
2025-05-18,adrenalina_inj,6.0,38.57142857142857,0.0,49.5,99
2025-05-19,adrenalina_inj,6.0,32.57142857142857,0.0,30.0,56
2025-05-20,adrenalina_inj,4.0,28.57142857142857,0.0,48.3,99
2025-05-21,adrenalina_inj,7.0,21.57142857142857,0.0,52.3,104
2025-05-22,adrenalina_inj,1.0,20.57142857142857,0.0,40.2,69
2025-05-23,adrenalina_inj,4.0,16.57142857142857,0.0,52.7,94
2025-05-24,adrenalina_inj,8.0,8.57142857142857,0.0,62.1,124
2025-05-25,adrenalina_inj,6.0,137.71428571428572,135.14285714285714,44.2,99
2025-05-26,adrenalina_inj,4.0,133.71428571428572,0.0,47.3,77
2025-05-27,adrenalina_inj,9.0,124.71428571428572,0.0,40.5,83
2025-05-28,adrenalina_inj,6.0,118.71428571428572,0.0,44.0,75
2025-05-29,adrenalina_inj,5.0,113.71428571428572,0.0,50.3,104
2025-05-30,adrenalina_inj,9.0,104.71428571428572,0.0,51.8,114
2025-05-31,adrenalina_inj,8.0,96.71428571428572,0.0,45.9,113
2025-06-01,adrenalina_inj,7.0,89.71428571428572,0.0,52.5,113
2025-06-02,adrenalina_inj,6.0,83.71428571428572,0.0,45.5,109
2025-06-03,adrenalina_inj,5.0,78.71428571428572,0.0,57.4,114
2025-06-04,adrenalina_inj,6.0,72.71428571428572,0.0,54.0,98
2025-06-05,adrenalina_inj,4.0,68.71428571428572,0.0,38.4,80
2025-06-06,adrenalina_inj,4.0,64.71428571428572,0.0,51.9,106
2025-06-07,adrenalina_inj,7.0,57.71428571428572,0.0,50.6,114
2025-06-08,adrenalina_inj,7.0,50.71428571428572,0.0,59.4,138
2025-06-09,adrenalina_inj,10.0,40.71428571428572,0.0,46.1,84
2025-06-10,adrenalina_inj,3.0,37.71428571428572,0.0,48.4,100
2025-06-11,adrenalina_inj,6.0,31.714285714285722,0.0,42.2,62
2025-06-12,adrenalina_inj,8.0,23.714285714285722,0.0,40.4,82
2025-06-13,adrenalina_inj,8.0,147.71428571428572,132.0,50.8,95
2025-06-14,adrenalina_inj,4.0,143.71428571428572,0.0,53.9,114
2025-06-15,adrenalina_inj,4.0,139.71428571428572,0.0,53.5,105
2025-06-16,adrenalina_inj,8.0,131.71428571428572,0.0,42.6,88
2025-06-17,adrenalina_inj,6.0,125.71428571428572,0.0,37.9,70
2025-06-18,adrenalina_inj,4.0,121.71428571428572,0.0,39.7,76
2025-06-19,adrenalina_inj,7.0,114.71428571428572,0.0,37.9,79
2025-06-20,adrenalina_inj,2.0,112.71428571428572,0.0,43.5,78
2025-06-21,adrenalina_inj,6.0,106.71428571428572,0.0,60.6,127
2025-06-22,adrenalina_inj,8.0,98.71428571428572,0.0,44.3,81
2025-06-23,adrenalina_inj,6.0,92.71428571428572,0.0,53.0,95
2025-06-24,adrenalina_inj,7.0,85.71428571428572,0.0,35.5,46
2025-06-25,adrenalina_inj,3.0,82.71428571428572,0.0,35.2,66
2025-06-26,adrenalina_inj,5.0,77.71428571428572,0.0,37.5,64
2025-06-27,adrenalina_inj,12.0,65.71428571428572,0.0,40.1,83
2025-06-28,adrenalina_inj,6.0,59.71428571428572,0.0,50.4,105
2025-06-29,adrenalina_inj,2.0,57.71428571428572,0.0,45.5,98
2025-06-30,adrenalina_inj,5.0,52.71428571428572,0.0,53.7,96
2025-07-01,adrenalina_inj,5.0,47.71428571428572,0.0,43.0,80
2025-07-02,adrenalina_inj,1.0,46.71428571428572,0.0,39.3,76
2025-07-03,adrenalina_inj,8.0,38.71428571428572,0.0,42.9,70
2025-07-04,adrenalina_inj,0.0,38.71428571428572,0.0,35.7,88
2025-07-05,adrenalina_inj,5.0,33.71428571428572,0.0,43.0,107
2025-07-06,adrenalina_inj,2.0,163.71428571428572,132.0,51.1,98
2025-07-07,adrenalina_inj,2.0,161.71428571428572,0.0,54.1,115
2025-07-08,adrenalina_inj,4.0,157.71428571428572,0.0,42.6,80
2025-07-09,adrenalina_inj,2.0,155.71428571428572,0.0,32.4,69
2025-07-10,adrenalina_inj,9.0,146.71428571428572,0.0,36.9,67
2025-07-11,adrenalina_inj,4.0,142.71428571428572,0.0,45.4,68
2025-07-12,adrenalina_inj,8.0,134.71428571428572,0.0,43.8,77
2025-07-13,adrenalina_inj,2.0,132.71428571428572,0.0,54.2,114
2025-07-14,adrenalina_inj,8.0,124.71428571428572,0.0,39.8,80
2025-07-15,adrenalina_inj,5.0,119.71428571428572,0.0,38.3,75
2025-07-16,adrenalina_inj,12.0,107.71428571428572,0.0,36.2,89
2025-07-17,adrenalina_inj,3.0,104.71428571428572,0.0,36.3,62
2025-07-18,adrenalina_inj,4.0,100.71428571428572,0.0,48.8,91
2025-07-19,adrenalina_inj,5.0,95.71428571428572,0.0,51.7,127
2025-07-20,adrenalina_inj,7.0,88.71428571428572,0.0,47.7,105
2025-07-21,adrenalina_inj,0.0,88.71428571428572,0.0,38.7,85
2025-07-22,adrenalina_inj,3.0,85.71428571428572,0.0,38.8,83
2025-07-23,adrenalina_inj,6.0,79.71428571428572,0.0,46.0,92
2025-07-24,adrenalina_inj,12.0,67.71428571428572,0.0,20.7,44
2025-07-25,adrenalina_inj,6.0,61.71428571428572,0.0,39.1,66
2025-07-26,adrenalina_inj,3.0,58.71428571428572,0.0,59.3,122
2025-07-27,adrenalina_inj,3.0,55.71428571428572,0.0,48.3,102
2025-07-28,adrenalina_inj,5.0,50.71428571428572,0.0,40.8,106
2025-07-29,adrenalina_inj,7.0,43.71428571428572,0.0,31.7,63
2025-07-30,adrenalina_inj,11.0,32.71428571428572,0.0,50.0,90
2025-07-31,adrenalina_inj,7.0,25.714285714285722,0.0,31.5,83
2025-08-01,adrenalina_inj,5.0,20.714285714285722,0.0,31.1,54
2025-08-02,adrenalina_inj,5.0,15.714285714285722,0.0,49.8,117
2025-08-03,adrenalina_inj,4.0,11.714285714285722,0.0,37.8,60
2025-08-04,adrenalina_inj,5.0,6.714285714285722,0.0,41.7,88
2025-08-05,adrenalina_inj,4.0,2.7142857142857224,0.0,57.6,121
2025-08-06,adrenalina_inj,9.0,113.14285714285715,119.42857142857143,37.6,62
2025-08-07,adrenalina_inj,17.0,96.14285714285715,0.0,52.8,91
2025-08-08,adrenalina_inj,7.0,89.14285714285715,0.0,39.4,76
2025-08-09,adrenalina_inj,7.0,82.14285714285715,0.0,43.8,82
2025-08-10,adrenalina_inj,8.0,74.14285714285715,0.0,42.3,99
2025-08-11,adrenalina_inj,11.0,63.14285714285715,0.0,52.3,97
2025-08-12,adrenalina_inj,11.0,52.14285714285715,0.0,44.1,96
2025-08-13,adrenalina_inj,11.0,41.14285714285715,0.0,27.8,47
2025-08-14,adrenalina_inj,7.0,34.14285714285715,0.0,49.9,104
2025-08-15,adrenalina_inj,8.0,26.142857142857153,0.0,44.4,106
2025-08-16,adrenalina_inj,7.0,19.142857142857153,0.0,52.3,108
2025-08-17,adrenalina_inj,10.0,9.142857142857153,0.0,51.8,98
2025-08-18,adrenalina_inj,5.0,4.142857142857153,0.0,55.7,117
2025-08-19,adrenalina_inj,5.0,0.0,0.0,30.3,66
2025-08-20,adrenalina_inj,6.0,137.0,143.0,47.7,99
2025-08-21,adrenalina_inj,4.0,133.0,0.0,52.6,103
2025-08-22,adrenalina_inj,4.0,129.0,0.0,28.5,64
2025-08-23,adrenalina_inj,6.0,123.0,0.0,54.8,130
2025-08-24,adrenalina_inj,7.0,116.0,0.0,46.5,84
2025-08-25,adrenalina_inj,6.0,110.0,0.0,52.5,108
2025-08-26,adrenalina_inj,8.0,102.0,0.0,39.4,69
2025-08-27,adrenalina_inj,6.0,96.0,0.0,42.4,61
2025-08-28,adrenalina_inj,6.0,90.0,0.0,40.0,70
2025-08-29,adrenalina_inj,5.0,85.0,0.0,49.5,95
2025-08-30,adrenalina_inj,5.0,80.0,0.0,64.0,113
2025-08-31,adrenalina_inj,3.0,77.0,0.0,43.9,89
2025-09-01,adrenalina_inj,6.0,71.0,0.0,52.4,120
2025-09-02,adrenalina_inj,5.0,66.0,0.0,40.5,72
2025-09-03,adrenalina_inj,6.0,60.0,0.0,41.2,74
2025-09-04,adrenalina_inj,5.0,55.0,0.0,36.0,70
2025-09-05,adrenalina_inj,3.0,52.0,0.0,42.4,94
2025-09-06,adrenalina_inj,6.0,46.0,0.0,58.5,102
2025-09-07,adrenalina_inj,4.0,42.0,0.0,68.8,154
2025-09-08,adrenalina_inj,7.0,35.0,0.0,47.1,104
2025-09-09,adrenalina_inj,7.0,28.0,0.0,43.9,76
2025-09-10,adrenalina_inj,1.0,165.28571428571428,138.28571428571428,38.4,72
2025-09-11,adrenalina_inj,3.0,162.28571428571428,0.0,44.1,90
2025-09-12,adrenalina_inj,3.0,159.28571428571428,0.0,41.0,72
2025-09-13,adrenalina_inj,3.0,156.28571428571428,0.0,41.7,95
2025-09-14,adrenalina_inj,2.0,154.28571428571428,0.0,53.5,110
2025-09-15,adrenalina_inj,4.0,150.28571428571428,0.0,44.3,66
2025-09-16,adrenalina_inj,9.0,141.28571428571428,0.0,39.6,69
2025-09-17,adrenalina_inj,1.0,140.28571428571428,0.0,33.8,62
2025-09-18,adrenalina_inj,5.0,135.28571428571428,0.0,38.9,78
2025-09-19,adrenalina_inj,2.0,133.28571428571428,0.0,38.9,77
2025-09-20,adrenalina_inj,4.0,129.28571428571428,0.0,47.2,99
2025-09-21,adrenalina_inj,4.0,125.28571428571428,0.0,42.2,86
2025-09-22,adrenalina_inj,2.0,123.28571428571428,0.0,53.0,102
2025-09-23,adrenalina_inj,7.0,116.28571428571428,0.0,42.4,102
2025-09-24,adrenalina_inj,6.0,110.28571428571428,0.0,46.4,84
2025-09-25,adrenalina_inj,7.0,103.28571428571428,0.0,32.7,59
2025-09-26,adrenalina_inj,11.0,92.28571428571428,0.0,45.5,87
2025-09-27,adrenalina_inj,7.0,85.28571428571428,0.0,45.5,104
2025-09-28,adrenalina_inj,3.0,82.28571428571428,0.0,56.4,107
2025-09-29,adrenalina_inj,1.0,81.28571428571428,0.0,39.6,60
2025-09-30,adrenalina_inj,3.0,78.28571428571428,0.0,48.9,90
2025-10-01,adrenalina_inj,13.0,65.28571428571428,0.0,41.8,98
2025-10-02,adrenalina_inj,3.0,62.28571428571428,0.0,40.0,66
2025-10-03,adrenalina_inj,11.0,51.28571428571428,0.0,49.5,98
2025-10-04,adrenalina_inj,7.0,44.28571428571428,0.0,60.7,153
2025-10-05,adrenalina_inj,7.0,37.28571428571428,0.0,49.2,102
2025-10-06,adrenalina_inj,0.0,37.28571428571428,0.0,42.3,78
2025-10-07,adrenalina_inj,8.0,29.285714285714278,0.0,40.0,69
2025-10-08,adrenalina_inj,12.0,17.285714285714278,0.0,52.4,109
2025-10-09,adrenalina_inj,7.0,10.285714285714278,0.0,38.6,68
2025-10-10,adrenalina_inj,4.0,6.285714285714278,0.0,35.6,46
2025-10-11,adrenalina_inj,5.0,1.2857142857142776,0.0,60.5,120
2025-10-12,adrenalina_inj,6.0,0.0,0.0,68.6,190
2025-10-13,adrenalina_inj,4.0,0.0,0.0,48.0,102
2025-10-14,adrenalina_inj,2.0,115.85714285714285,117.85714285714285,55.3,121
2025-10-15,adrenalina_inj,9.0,106.85714285714285,0.0,26.5,57
2025-10-16,adrenalina_inj,4.0,102.85714285714285,0.0,51.4,107
2025-10-17,adrenalina_inj,4.0,98.85714285714285,0.0,46.6,80
2025-10-18,adrenalina_inj,2.0,96.85714285714285,0.0,42.1,94
2025-10-19,adrenalina_inj,5.0,91.85714285714285,0.0,49.9,100
2025-10-20,adrenalina_inj,4.0,87.85714285714285,0.0,51.9,120
2025-10-21,adrenalina_inj,6.0,81.85714285714285,0.0,36.8,74
2025-10-22,adrenalina_inj,5.0,76.85714285714285,0.0,39.8,58
2025-10-23,adrenalina_inj,4.0,72.85714285714285,0.0,38.0,76
2025-10-24,adrenalina_inj,5.0,67.85714285714285,0.0,42.7,78
2025-10-25,adrenalina_inj,9.0,58.85714285714285,0.0,49.5,124
2025-10-26,adrenalina_inj,6.0,52.85714285714285,0.0,60.6,113
2025-10-27,adrenalina_inj,6.0,46.85714285714285,0.0,42.3,75
2025-10-28,adrenalina_inj,6.0,40.85714285714285,0.0,29.0,46
2025-10-29,adrenalina_inj,0.0,40.85714285714285,0.0,45.6,85
2025-10-30,adrenalina_inj,8.0,32.85714285714285,0.0,29.3,61
2025-10-31,adrenalina_inj,5.0,27.857142857142847,0.0,41.8,67
2025-11-01,adrenalina_inj,7.0,20.857142857142847,0.0,50.8,110
2025-11-02,adrenalina_inj,6.0,14.857142857142847,0.0,61.1,138
2025-11-03,adrenalina_inj,8.0,6.857142857142847,0.0,32.3,59
2025-11-04,adrenalina_inj,4.0,2.857142857142847,0.0,33.7,64
2025-11-05,adrenalina_inj,7.0,0.0,0.0,47.2,88
2025-11-06,adrenalina_inj,4.0,0.0,0.0,40.5,74
2025-11-07,adrenalina_inj,5.0,97.14285714285715,102.14285714285715,56.8,116
2025-11-08,adrenalina_inj,7.0,90.14285714285715,0.0,51.4,108
2025-11-09,adrenalina_inj,6.0,84.14285714285715,0.0,58.3,122
2025-11-10,adrenalina_inj,4.0,80.14285714285715,0.0,36.4,70
2025-11-11,adrenalina_inj,10.0,70.14285714285715,0.0,54.0,90
2025-11-12,adrenalina_inj,4.0,66.14285714285715,0.0,31.8,70
2025-11-13,adrenalina_inj,8.0,58.14285714285715,0.0,59.2,116
2025-11-14,adrenalina_inj,6.0,52.14285714285715,0.0,41.5,64
2025-11-15,adrenalina_inj,2.0,50.14285714285715,0.0,58.1,137
2025-11-16,adrenalina_inj,5.0,45.14285714285715,0.0,53.3,88
2025-11-17,adrenalina_inj,6.0,39.14285714285715,0.0,56.1,110
2025-11-18,adrenalina_inj,7.0,32.14285714285715,0.0,40.2,65
2025-11-19,adrenalina_inj,10.0,22.142857142857153,0.0,37.2,67
2025-11-20,adrenalina_inj,6.0,16.142857142857153,0.0,48.8,103
2025-11-21,adrenalina_inj,4.0,136.2857142857143,124.14285714285715,42.5,85
2025-11-22,adrenalina_inj,8.0,128.2857142857143,0.0,49.8,99
2025-11-23,adrenalina_inj,3.0,125.2857142857143,0.0,54.9,102
2025-11-24,adrenalina_inj,5.0,120.2857142857143,0.0,37.1,65
2025-11-25,adrenalina_inj,3.0,117.2857142857143,0.0,26.7,48
2025-11-26,adrenalina_inj,6.0,111.2857142857143,0.0,39.6,65
2025-11-27,adrenalina_inj,4.0,107.2857142857143,0.0,35.5,52
2025-11-28,adrenalina_inj,3.0,104.2857142857143,0.0,26.7,30
2025-11-29,adrenalina_inj,6.0,98.2857142857143,0.0,47.7,89
2025-11-30,adrenalina_inj,7.0,91.2857142857143,0.0,53.8,118
2025-12-01,adrenalina_inj,2.0,89.2857142857143,0.0,44.5,99
2025-12-02,adrenalina_inj,10.0,79.2857142857143,0.0,33.9,68
2025-12-03,adrenalina_inj,2.0,77.2857142857143,0.0,28.7,62
2025-12-04,adrenalina_inj,8.0,69.2857142857143,0.0,48.8,98
2025-12-05,adrenalina_inj,10.0,59.285714285714306,0.0,47.6,98
2025-12-06,adrenalina_inj,4.0,55.285714285714306,0.0,38.4,76
2025-12-07,adrenalina_inj,7.0,48.285714285714306,0.0,36.8,100
2025-12-08,adrenalina_inj,4.0,44.285714285714306,0.0,46.1,107
2025-12-09,adrenalina_inj,4.0,40.285714285714306,0.0,41.2,66
2025-12-10,adrenalina_inj,5.0,35.285714285714306,0.0,43.8,94
2025-12-11,adrenalina_inj,9.0,26.285714285714306,0.0,43.4,81
2025-12-12,adrenalina_inj,6.0,20.285714285714306,0.0,32.5,70
2025-12-13,adrenalina_inj,5.0,15.285714285714306,0.0,47.3,80
2025-12-14,adrenalina_inj,8.0,7.285714285714306,0.0,44.2,89
2025-12-15,adrenalina_inj,6.0,1.285714285714306,0.0,34.0,55
2025-12-16,adrenalina_inj,6.0,116.2857142857143,121.0,41.8,54
2025-12-17,adrenalina_inj,5.0,111.2857142857143,0.0,38.9,55
2025-12-18,adrenalina_inj,4.0,107.2857142857143,0.0,36.9,70
2025-12-19,adrenalina_inj,8.0,99.2857142857143,0.0,37.1,74
2025-12-20,adrenalina_inj,4.0,95.2857142857143,0.0,43.4,89
2025-12-21,adrenalina_inj,2.0,93.2857142857143,0.0,48.9,95
2025-12-22,adrenalina_inj,5.0,88.2857142857143,0.0,49.2,103
2025-12-23,adrenalina_inj,4.0,84.2857142857143,0.0,29.2,49
2025-12-24,adrenalina_inj,5.0,79.2857142857143,0.0,38.0,53
2025-12-25,adrenalina_inj,7.0,72.2857142857143,0.0,53.7,116
2025-12-26,adrenalina_inj,6.0,66.2857142857143,0.0,52.2,84
2025-12-27,adrenalina_inj,1.0,65.2857142857143,0.0,40.9,77
2025-12-28,adrenalina_inj,5.0,60.285714285714306,0.0,62.0,118
2025-12-29,adrenalina_inj,8.0,52.285714285714306,0.0,38.5,67
2025-12-30,adrenalina_inj,6.0,46.285714285714306,0.0,36.0,53
2025-12-31,adrenalina_inj,5.0,41.285714285714306,0.0,36.6,74
2024-01-01,diazepam,14.0,294.0,0.0,52.7,111
2024-01-02,diazepam,18.0,276.0,0.0,33.6,51
2024-01-03,diazepam,15.0,261.0,0.0,34.2,61
2024-01-04,diazepam,10.0,251.0,0.0,32.6,51
2024-01-05,diazepam,10.0,241.0,0.0,24.7,30
2024-01-06,diazepam,21.0,220.0,0.0,41.6,71
2024-01-07,diazepam,22.0,198.0,0.0,51.5,99
2024-01-08,diazepam,18.0,180.0,0.0,29.9,65
2024-01-09,diazepam,16.0,164.0,0.0,20.0,44
2024-01-10,diazepam,18.0,146.0,0.0,37.5,57
2024-01-11,diazepam,13.0,133.0,0.0,49.8,90
2024-01-12,diazepam,16.0,117.0,0.0,37.9,81
2024-01-13,diazepam,17.0,100.0,0.0,34.2,80
2024-01-14,diazepam,21.0,79.0,0.0,43.7,85
2024-01-15,diazepam,23.0,56.0,0.0,38.7,61
2024-01-16,diazepam,18.0,38.0,0.0,33.7,37
2024-01-17,diazepam,19.0,19.0,0.0,32.8,49
2024-01-18,diazepam,21.0,0.0,0.0,28.6,47
2024-01-19,diazepam,9.0,0.0,0.0,26.8,48
2024-01-20,diazepam,20.0,0.0,0.0,39.9,75
2024-01-21,diazepam,16.0,329.7142857142857,345.7142857142857,40.7,81
2024-01-22,diazepam,8.0,321.7142857142857,0.0,22.5,37
2024-01-23,diazepam,18.0,303.7142857142857,0.0,38.6,48
2024-01-24,diazepam,11.0,292.7142857142857,0.0,36.8,46
2024-01-25,diazepam,17.0,275.7142857142857,0.0,33.2,43
2024-01-26,diazepam,17.0,258.7142857142857,0.0,26.7,48
2024-01-27,diazepam,15.0,243.71428571428572,0.0,47.1,86
2024-01-28,diazepam,7.0,236.71428571428572,0.0,40.6,70
2024-01-29,diazepam,15.0,221.71428571428572,0.0,51.4,103
2024-01-30,diazepam,10.0,211.71428571428572,0.0,35.7,49
2024-01-31,diazepam,18.0,193.71428571428572,0.0,46.2,86
2024-02-01,diazepam,17.0,176.71428571428572,0.0,34.4,51
2024-02-02,diazepam,13.0,163.71428571428572,0.0,29.8,39
2024-02-03,diazepam,11.0,152.71428571428572,0.0,40.2,72
2024-02-04,diazepam,20.0,132.71428571428572,0.0,31.0,70
2024-02-05,diazepam,14.0,118.71428571428572,0.0,39.8,74
2024-02-06,diazepam,17.0,101.71428571428572,0.0,29.2,51
2024-02-07,diazepam,12.0,89.71428571428572,0.0,34.0,73
2024-02-08,diazepam,10.0,79.71428571428572,0.0,42.0,62
2024-02-09,diazepam,16.0,429.85714285714283,366.1428571428571,51.3,88
2024-02-10,diazepam,17.0,412.85714285714283,0.0,53.0,97
2024-02-11,diazepam,12.0,400.85714285714283,0.0,59.8,129
2024-02-12,diazepam,21.0,379.85714285714283,0.0,55.4,104
2024-02-13,diazepam,14.0,365.85714285714283,0.0,46.5,94
2024-02-14,diazepam,19.0,346.85714285714283,0.0,40.7,75
2024-02-15,diazepam,10.0,336.85714285714283,0.0,42.8,96
2024-02-16,diazepam,21.0,315.85714285714283,0.0,55.8,116
2024-02-17,diazepam,17.0,298.85714285714283,0.0,58.6,128
2024-02-18,diazepam,17.0,281.85714285714283,0.0,72.4,183
2024-02-19,diazepam,15.0,266.85714285714283,0.0,61.3,137
2024-02-20,diazepam,17.0,249.85714285714283,0.0,55.3,120
2024-02-21,diazepam,18.0,231.85714285714283,0.0,73.6,151
2024-02-22,diazepam,18.0,213.85714285714283,0.0,49.7,93
2024-02-23,diazepam,17.0,196.85714285714283,0.0,56.0,121
2024-02-24,diazepam,18.0,178.85714285714283,0.0,60.4,131
2024-02-25,diazepam,17.0,161.85714285714283,0.0,65.6,148
2024-02-26,diazepam,15.0,146.85714285714283,0.0,61.8,140
2024-02-27,diazepam,14.0,132.85714285714283,0.0,56.9,136
2024-02-28,diazepam,9.0,123.85714285714283,0.0,54.6,119
2024-02-29,diazepam,11.0,112.85714285714283,0.0,63.8,152
2024-03-01,diazepam,21.0,91.85714285714283,0.0,50.9,121
2024-03-02,diazepam,25.0,66.85714285714283,0.0,63.2,136
2024-03-03,diazepam,15.0,51.85714285714283,0.0,64.2,140
2024-03-04,diazepam,16.0,387.85714285714283,352.0,60.3,154
2024-03-05,diazepam,18.0,369.85714285714283,0.0,58.6,130
2024-03-06,diazepam,15.0,354.85714285714283,0.0,59.9,121
2024-03-07,diazepam,11.0,343.85714285714283,0.0,56.7,111
2024-03-08,diazepam,24.0,319.85714285714283,0.0,60.7,123
2024-03-09,diazepam,15.0,304.85714285714283,0.0,83.7,200
2024-03-10,diazepam,15.0,289.85714285714283,0.0,70.4,172
2024-03-11,diazepam,13.0,276.85714285714283,0.0,58.3,140
2024-03-12,diazepam,7.0,269.85714285714283,0.0,54.9,114
2024-03-13,diazepam,15.0,254.85714285714283,0.0,53.3,109
2024-03-14,diazepam,15.0,239.85714285714283,0.0,70.9,149
2024-03-15,diazepam,16.0,223.85714285714283,0.0,69.1,146
2024-03-16,diazepam,14.0,209.85714285714283,0.0,61.7,139
2024-03-17,diazepam,17.0,192.85714285714283,0.0,58.3,142
2024-03-18,diazepam,22.0,170.85714285714283,0.0,62.4,143
2024-03-19,diazepam,22.0,148.85714285714283,0.0,50.9,104
2024-03-20,diazepam,23.0,125.85714285714283,0.0,57.9,129
2024-03-21,diazepam,8.0,117.85714285714283,0.0,66.6,158
2024-03-22,diazepam,15.0,102.85714285714283,0.0,52.1,107
2024-03-23,diazepam,15.0,87.85714285714283,0.0,62.0,144
2024-03-24,diazepam,16.0,71.85714285714283,0.0,57.6,133
2024-03-25,diazepam,12.0,59.85714285714283,0.0,49.5,99
2024-03-26,diazepam,18.0,41.85714285714283,0.0,50.1,109
2024-03-27,diazepam,17.0,378.42857142857144,353.5714285714286,59.4,128
2024-03-28,diazepam,13.0,365.42857142857144,0.0,47.6,94
2024-03-29,diazepam,25.0,340.42857142857144,0.0,62.6,153
2024-03-30,diazepam,7.0,333.42857142857144,0.0,66.3,156
2024-03-31,diazepam,19.0,314.42857142857144,0.0,77.8,167
2024-04-01,diazepam,21.0,293.42857142857144,0.0,53.0,126
2024-04-02,diazepam,15.0,278.42857142857144,0.0,32.8,79
2024-04-03,diazepam,16.0,262.42857142857144,0.0,53.0,134
2024-04-04,diazepam,15.0,247.42857142857144,0.0,51.5,108
2024-04-05,diazepam,19.0,228.42857142857144,0.0,47.7,97
2024-04-06,diazepam,17.0,211.42857142857144,0.0,59.3,132
2024-04-07,diazepam,13.0,198.42857142857144,0.0,48.9,87
2024-04-08,diazepam,17.0,181.42857142857144,0.0,51.9,140
2024-04-09,diazepam,16.0,165.42857142857144,0.0,51.6,104
2024-04-10,diazepam,13.0,152.42857142857144,0.0,67.4,136
2024-04-11,diazepam,16.0,136.42857142857144,0.0,56.3,135
2024-04-12,diazepam,12.0,124.42857142857144,0.0,53.0,117
2024-04-13,diazepam,25.0,99.42857142857144,0.0,62.0,147
2024-04-14,diazepam,8.0,91.42857142857144,0.0,47.8,108
2024-04-15,diazepam,19.0,72.42857142857144,0.0,47.3,100
2024-04-16,diazepam,17.0,55.428571428571445,0.0,56.7,107
2024-04-17,diazepam,15.0,398.7142857142857,358.2857142857143,45.4,70
2024-04-18,diazepam,13.0,385.7142857142857,0.0,48.6,104
2024-04-19,diazepam,20.0,365.7142857142857,0.0,58.0,105
2024-04-20,diazepam,21.0,344.7142857142857,0.0,56.8,123
2024-04-21,diazepam,8.0,336.7142857142857,0.0,86.4,188
2024-04-22,diazepam,15.0,321.7142857142857,0.0,38.8,73
2024-04-23,diazepam,17.0,304.7142857142857,0.0,37.6,67
2024-04-24,diazepam,16.0,288.7142857142857,0.0,42.4,78
2024-04-25,diazepam,5.0,283.7142857142857,0.0,53.3,77
2024-04-26,diazepam,6.0,277.7142857142857,0.0,43.6,76
2024-04-27,diazepam,19.0,258.7142857142857,0.0,52.4,119
2024-04-28,diazepam,20.0,238.71428571428572,0.0,60.2,122
2024-04-29,diazepam,21.0,217.71428571428572,0.0,56.9,128
2024-04-30,diazepam,7.0,210.71428571428572,0.0,35.1,67
2024-05-01,diazepam,24.0,186.71428571428572,0.0,60.6,124
2024-05-02,diazepam,16.0,170.71428571428572,0.0,45.2,90
2024-05-03,diazepam,13.0,157.71428571428572,0.0,50.4,102
2024-05-04,diazepam,8.0,149.71428571428572,0.0,60.9,135
2024-05-05,diazepam,21.0,128.71428571428572,0.0,50.3,101
2024-05-06,diazepam,12.0,116.71428571428572,0.0,60.1,128
2024-05-07,diazepam,11.0,105.71428571428572,0.0,27.2,61
2024-05-08,diazepam,20.0,85.71428571428572,0.0,44.3,80
2024-05-09,diazepam,17.0,68.71428571428572,0.0,34.2,70
2024-05-10,diazepam,12.0,56.71428571428572,0.0,39.3,90
2024-05-11,diazepam,17.0,374.42857142857144,334.7142857142857,50.8,107
2024-05-12,diazepam,8.0,366.42857142857144,0.0,56.3,121
2024-05-13,diazepam,15.0,351.42857142857144,0.0,49.7,111
2024-05-14,diazepam,15.0,336.42857142857144,0.0,45.3,81
2024-05-15,diazepam,11.0,325.42857142857144,0.0,29.2,60
2024-05-16,diazepam,23.0,302.42857142857144,0.0,50.1,109
2024-05-17,diazepam,21.0,281.42857142857144,0.0,53.3,120
2024-05-18,diazepam,14.0,267.42857142857144,0.0,63.1,142
2024-05-19,diazepam,14.0,253.42857142857144,0.0,65.8,146
2024-05-20,diazepam,21.0,232.42857142857144,0.0,44.2,99
2024-05-21,diazepam,12.0,220.42857142857144,0.0,36.8,58
2024-05-22,diazepam,14.0,206.42857142857144,0.0,39.4,73
2024-05-23,diazepam,19.0,187.42857142857144,0.0,41.4,101
2024-05-24,diazepam,13.0,174.42857142857144,0.0,31.3,73
2024-05-25,diazepam,16.0,158.42857142857144,0.0,47.8,98
2024-05-26,diazepam,10.0,148.42857142857144,0.0,49.1,104
2024-05-27,diazepam,9.0,139.42857142857144,0.0,43.6,87
2024-05-28,diazepam,16.0,123.42857142857144,0.0,50.6,106
2024-05-29,diazepam,12.0,111.42857142857144,0.0,36.2,62
2024-05-30,diazepam,12.0,99.42857142857144,0.0,40.1,65
2024-05-31,diazepam,23.0,76.42857142857144,0.0,31.2,63
2024-06-01,diazepam,19.0,401.57142857142856,344.1428571428571,36.2,78
2024-06-02,diazepam,15.0,386.57142857142856,0.0,43.2,97
2024-06-03,diazepam,33.0,353.57142857142856,0.0,44.8,86
2024-06-04,diazepam,16.0,337.57142857142856,0.0,67.9,141
2024-06-05,diazepam,11.0,326.57142857142856,0.0,39.9,80
2024-06-06,diazepam,22.0,304.57142857142856,0.0,34.0,87
2024-06-07,diazepam,17.0,287.57142857142856,0.0,28.1,61
2024-06-08,diazepam,14.0,273.57142857142856,0.0,51.9,119
2024-06-09,diazepam,13.0,260.57142857142856,0.0,45.0,96
2024-06-10,diazepam,10.0,250.57142857142856,0.0,41.0,83
2024-06-11,diazepam,9.0,241.57142857142856,0.0,47.7,97
2024-06-12,diazepam,19.0,222.57142857142856,0.0,39.6,78
2024-06-13,diazepam,24.0,198.57142857142856,0.0,55.2,107
2024-06-14,diazepam,14.0,184.57142857142856,0.0,41.7,88
2024-06-15,diazepam,15.0,169.57142857142856,0.0,55.3,129
2024-06-16,diazepam,14.0,155.57142857142856,0.0,53.3,108
2024-06-17,diazepam,11.0,144.57142857142856,0.0,36.1,82
2024-06-18,diazepam,11.0,133.57142857142856,0.0,39.3,69
2024-06-19,diazepam,9.0,124.57142857142856,0.0,40.6,76
2024-06-20,diazepam,28.0,96.57142857142856,0.0,43.4,87
2024-06-21,diazepam,11.0,85.57142857142856,0.0,40.6,59
2024-06-22,diazepam,17.0,68.57142857142856,0.0,50.7,113
2024-06-23,diazepam,17.0,406.71428571428567,355.1428571428571,53.3,90
2024-06-24,diazepam,18.0,388.71428571428567,0.0,41.0,81
2024-06-25,diazepam,10.0,378.71428571428567,0.0,49.4,117
2024-06-26,diazepam,10.0,368.71428571428567,0.0,38.4,70
2024-06-27,diazepam,13.0,355.71428571428567,0.0,35.2,74
2024-06-28,diazepam,12.0,343.71428571428567,0.0,35.8,72
2024-06-29,diazepam,16.0,327.71428571428567,0.0,63.1,137
2024-06-30,diazepam,8.0,319.71428571428567,0.0,54.3,110
2024-07-01,diazepam,18.0,301.71428571428567,0.0,45.8,99
2024-07-02,diazepam,11.0,290.71428571428567,0.0,57.4,114
2024-07-03,diazepam,15.0,275.71428571428567,0.0,56.7,110
2024-07-04,diazepam,9.0,266.71428571428567,0.0,49.8,87
2024-07-05,diazepam,15.0,251.71428571428567,0.0,50.4,99
2024-07-06,diazepam,12.0,239.71428571428567,0.0,56.8,108
2024-07-07,diazepam,18.0,221.71428571428567,0.0,32.7,76
2024-07-08,diazepam,9.0,212.71428571428567,0.0,49.8,107
2024-07-09,diazepam,12.0,200.71428571428567,0.0,49.0,111
2024-07-10,diazepam,15.0,185.71428571428567,0.0,44.9,88
2024-07-11,diazepam,13.0,172.71428571428567,0.0,43.2,91
2024-07-12,diazepam,14.0,158.71428571428567,0.0,47.9,100
2024-07-13,diazepam,13.0,145.71428571428567,0.0,51.6,87
2024-07-14,diazepam,14.0,131.71428571428567,0.0,52.8,114
2024-07-15,diazepam,12.0,119.71428571428567,0.0,48.5,95
2024-07-16,diazepam,13.0,106.71428571428567,0.0,42.1,84
2024-07-17,diazepam,15.0,91.71428571428567,0.0,39.8,74
2024-07-18,diazepam,12.0,79.71428571428567,0.0,39.5,74
2024-07-19,diazepam,12.0,67.71428571428567,0.0,39.9,70
2024-07-20,diazepam,19.0,48.714285714285666,0.0,74.3,160
2024-07-21,diazepam,22.0,26.714285714285666,0.0,51.7,90
2024-07-22,diazepam,19.0,7.714285714285666,0.0,41.4,76
2024-07-23,diazepam,16.0,279.2857142857142,287.57142857142856,35.9,57
2024-07-24,diazepam,8.0,271.2857142857142,0.0,34.2,72
2024-07-25,diazepam,11.0,260.2857142857142,0.0,37.7,70
2024-07-26,diazepam,11.0,249.28571428571422,0.0,35.6,52
2024-07-27,diazepam,22.0,227.28571428571422,0.0,51.4,98
2024-07-28,diazepam,19.0,208.28571428571422,0.0,50.5,103
2024-07-29,diazepam,24.0,184.28571428571422,0.0,58.4,118
2024-07-30,diazepam,12.0,172.28571428571422,0.0,32.0,47
2024-07-31,diazepam,12.0,160.28571428571422,0.0,44.3,74
2024-08-01,diazepam,16.0,144.28571428571422,0.0,36.8,63
2024-08-02,diazepam,13.0,131.28571428571422,0.0,36.0,68
2024-08-03,diazepam,14.0,117.28571428571422,0.0,58.0,123
2024-08-04,diazepam,11.0,106.28571428571422,0.0,44.6,122
2024-08-05,diazepam,16.0,90.28571428571422,0.0,70.8,159
2024-08-06,diazepam,16.0,74.28571428571422,0.0,27.7,82
2024-08-07,diazepam,15.0,59.28571428571422,0.0,43.8,106
2024-08-08,diazepam,18.0,41.28571428571422,0.0,46.5,89
2024-08-09,diazepam,10.0,362.8571428571428,331.57142857142856,57.1,119
2024-08-10,diazepam,20.0,342.8571428571428,0.0,42.2,95
2024-08-11,diazepam,20.0,322.8571428571428,0.0,44.0,95
2024-08-12,diazepam,19.0,303.8571428571428,0.0,53.0,97
2024-08-13,diazepam,11.0,292.8571428571428,0.0,45.6,97
2024-08-14,diazepam,12.0,280.8571428571428,0.0,62.1,113
2024-08-15,diazepam,19.0,261.8571428571428,0.0,41.6,80
2024-08-16,diazepam,11.0,250.85714285714278,0.0,41.5,75
2024-08-17,diazepam,12.0,238.85714285714278,0.0,60.0,114
2024-08-18,diazepam,18.0,220.85714285714278,0.0,42.1,80
2024-08-19,diazepam,15.0,205.85714285714278,0.0,44.6,100
2024-08-20,diazepam,14.0,191.85714285714278,0.0,42.2,83
2024-08-21,diazepam,22.0,169.85714285714278,0.0,48.1,99
2024-08-22,diazepam,14.0,155.85714285714278,0.0,27.7,56
2024-08-23,diazepam,18.0,137.85714285714278,0.0,35.7,66
2024-08-24,diazepam,15.0,122.85714285714278,0.0,42.1,90
2024-08-25,diazepam,24.0,98.85714285714278,0.0,43.9,76
2024-08-26,diazepam,13.0,85.85714285714278,0.0,45.9,92
2024-08-27,diazepam,15.0,70.85714285714278,0.0,47.1,99
2024-08-28,diazepam,17.0,53.857142857142776,0.0,38.4,72
2024-08-29,diazepam,10.0,43.857142857142776,0.0,43.5,83
2024-08-30,diazepam,17.0,367.8571428571428,341.0,35.7,56
2024-08-31,diazepam,17.0,350.8571428571428,0.0,36.5,77
2024-09-01,diazepam,10.0,340.8571428571428,0.0,58.8,141
2024-09-02,diazepam,19.0,321.8571428571428,0.0,42.2,69
2024-09-03,diazepam,13.0,308.8571428571428,0.0,36.1,69
2024-09-04,diazepam,11.0,297.8571428571428,0.0,41.9,97
2024-09-05,diazepam,19.0,278.8571428571428,0.0,52.8,107
2024-09-06,diazepam,23.0,255.85714285714278,0.0,39.2,68
2024-09-07,diazepam,14.0,241.85714285714278,0.0,58.9,147
2024-09-08,diazepam,17.0,224.85714285714278,0.0,55.8,118
2024-09-09,diazepam,19.0,205.85714285714278,0.0,59.9,124
2024-09-10,diazepam,22.0,183.85714285714278,0.0,43.4,81
2024-09-11,diazepam,20.0,163.85714285714278,0.0,42.4,75
2024-09-12,diazepam,18.0,145.85714285714278,0.0,39.8,91
2024-09-13,diazepam,10.0,135.85714285714278,0.0,45.7,88
2024-09-14,diazepam,20.0,115.85714285714278,0.0,46.7,98
2024-09-15,diazepam,17.0,98.85714285714278,0.0,45.6,97
2024-09-16,diazepam,14.0,84.85714285714278,0.0,45.4,81
2024-09-17,diazepam,9.0,75.85714285714278,0.0,45.8,75
2024-09-18,diazepam,15.0,60.857142857142776,0.0,42.1,61
2024-09-19,diazepam,21.0,39.857142857142776,0.0,46.8,80
2024-09-20,diazepam,12.0,27.857142857142776,0.0,29.6,47
2024-09-21,diazepam,17.0,348.71428571428567,337.8571428571429,47.6,93
2024-09-22,diazepam,18.0,330.71428571428567,0.0,49.2,93
2024-09-23,diazepam,15.0,315.71428571428567,0.0,48.0,97
2024-09-24,diazepam,13.0,302.71428571428567,0.0,38.3,69
2024-09-25,diazepam,9.0,293.71428571428567,0.0,35.1,52
2024-09-26,diazepam,15.0,278.71428571428567,0.0,35.4,63
2024-09-27,diazepam,15.0,263.71428571428567,0.0,32.7,63
2024-09-28,diazepam,13.0,250.71428571428567,0.0,43.1,89
2024-09-29,diazepam,15.0,235.71428571428567,0.0,45.2,83
2024-09-30,diazepam,16.0,219.71428571428567,0.0,47.9,98
2024-10-01,diazepam,13.0,206.71428571428567,0.0,38.1,66
2024-10-02,diazepam,14.0,192.71428571428567,0.0,40.1,68
2024-10-03,diazepam,12.0,180.71428571428567,0.0,35.5,67
2024-10-04,diazepam,12.0,168.71428571428567,0.0,34.1,50
2024-10-05,diazepam,19.0,149.71428571428567,0.0,47.7,93
2024-10-06,diazepam,15.0,134.71428571428567,0.0,49.3,116
2024-10-07,diazepam,16.0,118.71428571428567,0.0,46.0,76
2024-10-08,diazepam,13.0,105.71428571428567,0.0,32.2,59
2024-10-09,diazepam,11.0,94.71428571428567,0.0,34.3,78
2024-10-10,diazepam,8.0,86.71428571428567,0.0,38.1,82
2024-10-11,diazepam,20.0,66.71428571428567,0.0,36.8,78
2024-10-12,diazepam,25.0,41.714285714285666,0.0,59.3,130
2024-10-13,diazepam,20.0,21.714285714285666,0.0,43.3,88
2024-10-14,diazepam,15.0,6.714285714285666,0.0,44.1,91
2024-10-15,diazepam,24.0,307.99999999999994,325.2857142857143,40.9,71
2024-10-16,diazepam,16.0,291.99999999999994,0.0,41.5,76
2024-10-17,diazepam,12.0,279.99999999999994,0.0,40.4,73
2024-10-18,diazepam,23.0,256.99999999999994,0.0,35.9,59
2024-10-19,diazepam,12.0,244.99999999999994,0.0,57.0,117
2024-10-20,diazepam,30.0,214.99999999999994,0.0,24.8,56
2024-10-21,diazepam,21.0,193.99999999999994,0.0,37.7,73
2024-10-22,diazepam,21.0,172.99999999999994,0.0,31.5,76
2024-10-23,diazepam,14.0,158.99999999999994,0.0,39.6,74
2024-10-24,diazepam,12.0,146.99999999999994,0.0,36.7,66
2024-10-25,diazepam,16.0,130.99999999999994,0.0,42.6,71
2024-10-26,diazepam,15.0,115.99999999999994,0.0,49.5,89
2024-10-27,diazepam,14.0,101.99999999999994,0.0,56.8,121
2024-10-28,diazepam,19.0,82.99999999999994,0.0,36.4,71
2024-10-29,diazepam,15.0,67.99999999999994,0.0,43.2,79
2024-10-30,diazepam,16.0,51.99999999999994,0.0,29.0,50
2024-10-31,diazepam,11.0,40.99999999999994,0.0,44.7,89
2024-11-01,diazepam,18.0,384.42857142857133,361.4285714285714,38.2,59
2024-11-02,diazepam,16.0,368.42857142857133,0.0,57.9,133
2024-11-03,diazepam,20.0,348.42857142857133,0.0,54.6,108
2024-11-04,diazepam,9.0,339.42857142857133,0.0,45.3,83
2024-11-05,diazepam,17.0,322.42857142857133,0.0,37.8,80
2024-11-06,diazepam,8.0,314.42857142857133,0.0,37.4,57
2024-11-07,diazepam,12.0,302.42857142857133,0.0,41.9,73
2024-11-08,diazepam,19.0,283.42857142857133,0.0,41.6,79
2024-11-09,diazepam,12.0,271.42857142857133,0.0,42.4,91
2024-11-10,diazepam,20.0,251.42857142857133,0.0,46.9,105
2024-11-11,diazepam,17.0,234.42857142857133,0.0,42.6,89
2024-11-12,diazepam,23.0,211.42857142857133,0.0,46.2,87
2024-11-13,diazepam,18.0,193.42857142857133,0.0,24.1,41
2024-11-14,diazepam,15.0,178.42857142857133,0.0,40.9,73
2024-11-15,diazepam,19.0,159.42857142857133,0.0,39.8,89
2024-11-16,diazepam,19.0,140.42857142857133,0.0,48.1,101
2024-11-17,diazepam,24.0,116.42857142857133,0.0,53.9,114
2024-11-18,diazepam,20.0,96.42857142857133,0.0,61.2,108
2024-11-19,diazepam,17.0,79.42857142857133,0.0,28.0,57
2024-11-20,diazepam,20.0,59.42857142857133,0.0,61.8,121
2024-11-21,diazepam,22.0,37.42857142857133,0.0,42.9,82
2024-11-22,diazepam,18.0,19.42857142857133,0.0,29.6,41
2024-11-23,diazepam,17.0,2.428571428571331,0.0,54.0,114
2024-11-24,diazepam,11.0,333.9999999999999,342.57142857142856,40.6,72
2024-11-25,diazepam,12.0,321.9999999999999,0.0,34.7,62
2024-11-26,diazepam,12.0,309.9999999999999,0.0,45.0,73
2024-11-27,diazepam,17.0,292.9999999999999,0.0,39.1,78
2024-11-28,diazepam,15.0,277.9999999999999,0.0,38.8,59
2024-11-29,diazepam,15.0,262.9999999999999,0.0,29.9,54
2024-11-30,diazepam,18.0,244.9999999999999,0.0,42.0,82
2024-12-01,diazepam,23.0,221.9999999999999,0.0,38.7,84
2024-12-02,diazepam,19.0,202.9999999999999,0.0,36.1,59
2024-12-03,diazepam,22.0,180.9999999999999,0.0,50.9,90
2024-12-04,diazepam,16.0,164.9999999999999,0.0,43.0,85
2024-12-05,diazepam,16.0,148.9999999999999,0.0,37.3,70
2024-12-06,diazepam,8.0,140.9999999999999,0.0,28.7,56
2024-12-07,diazepam,16.0,124.99999999999989,0.0,45.2,93
2024-12-08,diazepam,17.0,107.99999999999989,0.0,48.2,117
2024-12-09,diazepam,21.0,86.99999999999989,0.0,42.8,94
2024-12-10,diazepam,21.0,65.99999999999989,0.0,51.6,106
2024-12-11,diazepam,14.0,51.999999999999886,0.0,30.1,32
2024-12-12,diazepam,15.0,410.9999999999999,374.0,40.9,46
2024-12-13,diazepam,18.0,392.9999999999999,0.0,39.6,81
2024-12-14,diazepam,20.0,372.9999999999999,0.0,42.8,67
2024-12-15,diazepam,21.0,351.9999999999999,0.0,52.7,109
2024-12-16,diazepam,13.0,338.9999999999999,0.0,40.6,79
2024-12-17,diazepam,13.0,325.9999999999999,0.0,38.8,67
2024-12-18,diazepam,13.0,312.9999999999999,0.0,36.2,64
2024-12-19,diazepam,14.0,298.9999999999999,0.0,35.7,62
2024-12-20,diazepam,22.0,276.9999999999999,0.0,34.4,64
2024-12-21,diazepam,8.0,268.9999999999999,0.0,43.7,102
2024-12-22,diazepam,20.0,248.9999999999999,0.0,42.4,100
2024-12-23,diazepam,13.0,235.9999999999999,0.0,45.3,83
2024-12-24,diazepam,11.0,224.9999999999999,0.0,35.2,65
2024-12-25,diazepam,19.0,205.9999999999999,0.0,38.5,78
2024-12-26,diazepam,16.0,189.9999999999999,0.0,32.9,55
2024-12-27,diazepam,17.0,172.9999999999999,0.0,45.1,81
2024-12-28,diazepam,18.0,154.9999999999999,0.0,53.9,113
2024-12-29,diazepam,13.0,141.9999999999999,0.0,38.3,78
2024-12-30,diazepam,15.0,126.99999999999989,0.0,51.0,93
2024-12-31,diazepam,16.0,110.99999999999989,0.0,43.7,68
2025-01-01,diazepam,13.0,97.99999999999989,0.0,50.9,101
2025-01-02,diazepam,12.0,85.99999999999989,0.0,43.7,75
2025-01-03,diazepam,14.0,71.99999999999989,0.0,45.2,76
2025-01-04,diazepam,13.0,425.142857142857,366.1428571428571,50.7,93
2025-01-05,diazepam,8.0,417.142857142857,0.0,49.6,96
2025-01-06,diazepam,18.0,399.142857142857,0.0,49.6,96
2025-01-07,diazepam,16.0,383.142857142857,0.0,44.7,83
2025-01-08,diazepam,10.0,373.142857142857,0.0,36.2,77
2025-01-09,diazepam,14.0,359.142857142857,0.0,41.2,71
2025-01-10,diazepam,13.0,346.142857142857,0.0,46.3,109
2025-01-11,diazepam,23.0,323.142857142857,0.0,40.9,87
2025-01-12,diazepam,19.0,304.142857142857,0.0,41.6,65
2025-01-13,diazepam,18.0,286.142857142857,0.0,60.7,125
2025-01-14,diazepam,20.0,266.142857142857,0.0,39.8,58
2025-01-15,diazepam,16.0,250.142857142857,0.0,29.7,49
2025-01-16,diazepam,13.0,237.142857142857,0.0,34.9,74
2025-01-17,diazepam,9.0,228.142857142857,0.0,31.9,55
2025-01-18,diazepam,18.0,210.142857142857,0.0,39.9,74
2025-01-19,diazepam,16.0,194.142857142857,0.0,33.2,55
2025-01-20,diazepam,17.0,177.142857142857,0.0,50.0,91
2025-01-21,diazepam,20.0,157.142857142857,0.0,34.5,64
2025-01-22,diazepam,17.0,140.142857142857,0.0,43.3,81
2025-01-23,diazepam,18.0,122.142857142857,0.0,37.3,79
2025-01-24,diazepam,13.0,109.142857142857,0.0,34.6,55
2025-01-25,diazepam,33.0,76.142857142857,0.0,43.4,85
2025-01-26,diazepam,17.0,59.142857142857,0.0,43.8,95
2025-01-27,diazepam,11.0,48.142857142857,0.0,37.5,71
2025-01-28,diazepam,12.0,36.142857142857,0.0,40.2,78
2025-01-29,diazepam,17.0,19.142857142856997,0.0,41.9,84
2025-01-30,diazepam,19.0,337.9999999999999,337.8571428571429,36.4,45
2025-01-31,diazepam,22.0,315.9999999999999,0.0,40.5,78
2025-02-01,diazepam,18.0,297.9999999999999,0.0,43.4,88
2025-02-02,diazepam,23.0,274.9999999999999,0.0,40.5,101
2025-02-03,diazepam,17.0,257.9999999999999,0.0,33.1,66
2025-02-04,diazepam,17.0,240.9999999999999,0.0,37.0,70
2025-02-05,diazepam,15.0,225.9999999999999,0.0,38.5,79
2025-02-06,diazepam,14.0,211.9999999999999,0.0,52.0,94
2025-02-07,diazepam,11.0,200.9999999999999,0.0,30.8,51
2025-02-08,diazepam,17.0,183.9999999999999,0.0,58.3,113
2025-02-09,diazepam,23.0,160.9999999999999,0.0,47.4,96
2025-02-10,diazepam,13.0,147.9999999999999,0.0,46.6,94
2025-02-11,diazepam,10.0,137.9999999999999,0.0,41.6,81
2025-02-12,diazepam,20.0,117.99999999999989,0.0,30.4,48
2025-02-13,diazepam,12.0,105.99999999999989,0.0,36.9,47
2025-02-14,diazepam,19.0,490.8571428571428,403.8571428571429,25.0,59
2025-02-15,diazepam,8.0,482.8571428571428,0.0,26.9,61
2025-02-16,diazepam,17.0,465.8571428571428,0.0,36.3,71
2025-02-17,diazepam,24.0,441.8571428571428,0.0,50.4,105
2025-02-18,diazepam,25.0,416.8571428571428,0.0,32.1,45
2025-02-19,diazepam,15.0,401.8571428571428,0.0,45.6,86
2025-02-20,diazepam,16.0,385.8571428571428,0.0,35.5,67
2025-02-21,diazepam,23.0,362.8571428571428,0.0,43.6,74
2025-02-22,diazepam,15.0,347.8571428571428,0.0,47.1,84
2025-02-23,diazepam,12.0,335.8571428571428,0.0,56.3,120
2025-02-24,diazepam,15.0,320.8571428571428,0.0,46.8,84
2025-02-25,diazepam,14.0,306.8571428571428,0.0,28.0,38
2025-02-26,diazepam,19.0,287.8571428571428,0.0,26.7,44
2025-02-27,diazepam,18.0,269.8571428571428,0.0,39.8,67
2025-02-28,diazepam,25.0,244.85714285714278,0.0,39.9,74
2025-03-01,diazepam,16.0,228.85714285714278,0.0,46.1,93
2025-03-02,diazepam,16.0,212.85714285714278,0.0,58.7,112
2025-03-03,diazepam,14.0,198.85714285714278,0.0,42.3,110
2025-03-04,diazepam,15.0,183.85714285714278,0.0,26.1,52
2025-03-05,diazepam,14.0,169.85714285714278,0.0,31.9,66
2025-03-06,diazepam,11.0,158.85714285714278,0.0,28.9,48
2025-03-07,diazepam,25.0,133.85714285714278,0.0,33.6,60
2025-03-08,diazepam,24.0,109.85714285714278,0.0,44.7,106
2025-03-09,diazepam,12.0,97.85714285714278,0.0,36.2,76
2025-03-10,diazepam,25.0,72.85714285714278,0.0,50.4,115
2025-03-11,diazepam,18.0,54.857142857142776,0.0,45.8,64
2025-03-12,diazepam,15.0,426.4285714285714,386.5714285714286,39.7,54
2025-03-13,diazepam,14.0,412.4285714285714,0.0,41.3,84
2025-03-14,diazepam,16.0,396.4285714285714,0.0,38.7,76
2025-03-15,diazepam,19.0,377.4285714285714,0.0,46.1,106
2025-03-16,diazepam,19.0,358.4285714285714,0.0,53.6,136
2025-03-17,diazepam,18.0,340.4285714285714,0.0,50.6,107
2025-03-18,diazepam,16.0,324.4285714285714,0.0,41.1,90
2025-03-19,diazepam,15.0,309.4285714285714,0.0,46.9,96
2025-03-20,diazepam,14.0,295.4285714285714,0.0,28.9,62
2025-03-21,diazepam,9.0,286.4285714285714,0.0,28.4,51
2025-03-22,diazepam,15.0,271.4285714285714,0.0,51.3,106
2025-03-23,diazepam,17.0,254.4285714285714,0.0,46.9,91
2025-03-24,diazepam,9.0,245.4285714285714,0.0,46.4,89
2025-03-25,diazepam,16.0,229.4285714285714,0.0,36.3,80
2025-03-26,diazepam,13.0,216.4285714285714,0.0,39.4,64
2025-03-27,diazepam,17.0,199.4285714285714,0.0,43.6,95
2025-03-28,diazepam,14.0,185.4285714285714,0.0,50.8,99
2025-03-29,diazepam,18.0,167.4285714285714,0.0,54.8,118
2025-03-30,diazepam,12.0,155.4285714285714,0.0,44.1,103
2025-03-31,diazepam,14.0,141.4285714285714,0.0,43.1,88
2025-04-01,diazepam,17.0,124.42857142857139,0.0,45.2,86
2025-04-02,diazepam,7.0,117.42857142857139,0.0,38.1,63
2025-04-03,diazepam,16.0,101.42857142857139,0.0,43.1,86
2025-04-04,diazepam,18.0,83.42857142857139,0.0,48.4,82
2025-04-05,diazepam,10.0,73.42857142857139,0.0,50.9,95
2025-04-06,diazepam,10.0,63.42857142857139,0.0,47.9,101
2025-04-07,diazepam,14.0,49.42857142857139,0.0,53.7,106
2025-04-08,diazepam,13.0,366.4285714285714,330.0,51.4,86
2025-04-09,diazepam,13.0,353.4285714285714,0.0,45.6,69
2025-04-10,diazepam,13.0,340.4285714285714,0.0,29.3,59
2025-04-11,diazepam,13.0,327.4285714285714,0.0,43.5,96
2025-04-12,diazepam,21.0,306.4285714285714,0.0,66.1,133
2025-04-13,diazepam,17.0,289.4285714285714,0.0,55.6,132
2025-04-14,diazepam,15.0,274.4285714285714,0.0,40.5,92
2025-04-15,diazepam,13.0,261.4285714285714,0.0,41.0,84
2025-04-16,diazepam,16.0,245.4285714285714,0.0,48.2,94
2025-04-17,diazepam,10.0,235.4285714285714,0.0,42.9,85
2025-04-18,diazepam,23.0,212.4285714285714,0.0,54.7,125
2025-04-19,diazepam,11.0,201.4285714285714,0.0,53.6,122
2025-04-20,diazepam,18.0,183.4285714285714,0.0,52.7,120
2025-04-21,diazepam,29.0,154.4285714285714,0.0,73.8,182
2025-04-22,diazepam,12.0,142.4285714285714,0.0,50.4,79
2025-04-23,diazepam,16.0,126.42857142857139,0.0,43.5,82
2025-04-24,diazepam,21.0,105.42857142857139,0.0,65.4,138
2025-04-25,diazepam,17.0,88.42857142857139,0.0,42.8,89
2025-04-26,diazepam,15.0,73.42857142857139,0.0,62.2,141
2025-04-27,diazepam,10.0,63.42857142857139,0.0,48.2,107
2025-04-28,diazepam,18.0,45.42857142857139,0.0,32.7,85
2025-04-29,diazepam,12.0,33.42857142857139,0.0,27.3,55
2025-04-30,diazepam,12.0,21.428571428571388,0.0,33.3,77
2025-05-01,diazepam,21.0,0.42857142857138797,0.0,42.4,108
2025-05-02,diazepam,10.0,306.2857142857143,315.8571428571429,32.6,68
2025-05-03,diazepam,20.0,286.2857142857143,0.0,54.2,101
2025-05-04,diazepam,17.0,269.2857142857143,0.0,56.1,122
2025-05-05,diazepam,19.0,250.28571428571428,0.0,53.1,98
2025-05-06,diazepam,9.0,241.28571428571428,0.0,45.3,86
2025-05-07,diazepam,18.0,223.28571428571428,0.0,43.0,75
2025-05-08,diazepam,12.0,211.28571428571428,0.0,32.7,65
2025-05-09,diazepam,15.0,196.28571428571428,0.0,37.7,63
2025-05-10,diazepam,10.0,186.28571428571428,0.0,54.7,109
2025-05-11,diazepam,17.0,169.28571428571428,0.0,47.0,102
2025-05-12,diazepam,12.0,157.28571428571428,0.0,38.9,66
2025-05-13,diazepam,13.0,144.28571428571428,0.0,38.3,64
2025-05-14,diazepam,20.0,124.28571428571428,0.0,40.1,82
2025-05-15,diazepam,16.0,108.28571428571428,0.0,46.5,107
2025-05-16,diazepam,10.0,98.28571428571428,0.0,45.3,104
2025-05-17,diazepam,24.0,74.28571428571428,0.0,53.5,113
2025-05-18,diazepam,20.0,54.28571428571428,0.0,49.5,99
2025-05-19,diazepam,15.0,39.28571428571428,0.0,30.0,56
2025-05-20,diazepam,22.0,17.285714285714278,0.0,48.3,99
2025-05-21,diazepam,23.0,338.4285714285714,344.1428571428571,52.3,104
2025-05-22,diazepam,15.0,323.4285714285714,0.0,40.2,69
2025-05-23,diazepam,17.0,306.4285714285714,0.0,52.7,94
2025-05-24,diazepam,20.0,286.4285714285714,0.0,62.1,124
2025-05-25,diazepam,14.0,272.4285714285714,0.0,44.2,99
2025-05-26,diazepam,19.0,253.4285714285714,0.0,47.3,77
2025-05-27,diazepam,19.0,234.4285714285714,0.0,40.5,83
2025-05-28,diazepam,10.0,224.4285714285714,0.0,44.0,75
2025-05-29,diazepam,9.0,215.4285714285714,0.0,50.3,104
2025-05-30,diazepam,16.0,199.4285714285714,0.0,51.8,114
2025-05-31,diazepam,17.0,182.4285714285714,0.0,45.9,113
2025-06-01,diazepam,26.0,156.4285714285714,0.0,52.5,113
2025-06-02,diazepam,21.0,135.4285714285714,0.0,45.5,109
2025-06-03,diazepam,21.0,114.42857142857139,0.0,57.4,114
2025-06-04,diazepam,32.0,82.42857142857139,0.0,54.0,98
2025-06-05,diazepam,14.0,68.42857142857139,0.0,38.4,80
2025-06-06,diazepam,15.0,53.42857142857139,0.0,51.9,106
2025-06-07,diazepam,20.0,33.42857142857139,0.0,50.6,114
2025-06-08,diazepam,25.0,8.428571428571388,0.0,59.4,138
2025-06-09,diazepam,12.0,386.1428571428571,389.7142857142857,46.1,84
2025-06-10,diazepam,19.0,367.1428571428571,0.0,48.4,100
2025-06-11,diazepam,20.0,347.1428571428571,0.0,42.2,62
2025-06-12,diazepam,8.0,339.1428571428571,0.0,40.4,82
2025-06-13,diazepam,7.0,332.1428571428571,0.0,50.8,95
2025-06-14,diazepam,18.0,314.1428571428571,0.0,53.9,114
2025-06-15,diazepam,15.0,299.1428571428571,0.0,53.5,105
2025-06-16,diazepam,18.0,281.1428571428571,0.0,42.6,88
2025-06-17,diazepam,18.0,263.1428571428571,0.0,37.9,70
2025-06-18,diazepam,10.0,253.1428571428571,0.0,39.7,76
2025-06-19,diazepam,17.0,236.1428571428571,0.0,37.9,79
2025-06-20,diazepam,8.0,228.1428571428571,0.0,43.5,78
2025-06-21,diazepam,13.0,215.1428571428571,0.0,60.6,127
2025-06-22,diazepam,19.0,196.1428571428571,0.0,44.3,81
2025-06-23,diazepam,21.0,175.1428571428571,0.0,53.0,95
2025-06-24,diazepam,17.0,158.1428571428571,0.0,35.5,46
2025-06-25,diazepam,13.0,145.1428571428571,0.0,35.2,66
2025-06-26,diazepam,17.0,128.1428571428571,0.0,37.5,64
2025-06-27,diazepam,26.0,102.14285714285711,0.0,40.1,83
2025-06-28,diazepam,19.0,83.14285714285711,0.0,50.4,105
2025-06-29,diazepam,11.0,72.14285714285711,0.0,45.5,98
2025-06-30,diazepam,20.0,52.14285714285711,0.0,53.7,96
2025-07-01,diazepam,9.0,43.14285714285711,0.0,43.0,80
2025-07-02,diazepam,11.0,381.0,348.8571428571429,39.3,76
2025-07-03,diazepam,14.0,367.0,0.0,42.9,70
2025-07-04,diazepam,18.0,349.0,0.0,35.7,88
2025-07-05,diazepam,10.0,339.0,0.0,43.0,107
2025-07-06,diazepam,17.0,322.0,0.0,51.1,98
2025-07-07,diazepam,19.0,303.0,0.0,54.1,115
2025-07-08,diazepam,17.0,286.0,0.0,42.6,80
2025-07-09,diazepam,15.0,271.0,0.0,32.4,69
2025-07-10,diazepam,14.0,257.0,0.0,36.9,67
2025-07-11,diazepam,15.0,242.0,0.0,45.4,68
2025-07-12,diazepam,23.0,219.0,0.0,43.8,77
2025-07-13,diazepam,13.0,206.0,0.0,54.2,114
2025-07-14,diazepam,13.0,193.0,0.0,39.8,80
2025-07-15,diazepam,21.0,172.0,0.0,38.3,75
2025-07-16,diazepam,14.0,158.0,0.0,36.2,89
2025-07-17,diazepam,7.0,151.0,0.0,36.3,62
2025-07-18,diazepam,18.0,133.0,0.0,48.8,91
2025-07-19,diazepam,21.0,112.0,0.0,51.7,127
2025-07-20,diazepam,20.0,92.0,0.0,47.7,105
2025-07-21,diazepam,26.0,66.0,0.0,38.7,85
2025-07-22,diazepam,22.0,44.0,0.0,38.8,83
2025-07-23,diazepam,18.0,26.0,0.0,46.0,92
2025-07-24,diazepam,13.0,13.0,0.0,20.7,44
2025-07-25,diazepam,11.0,336.7142857142857,334.7142857142857,39.1,66
2025-07-26,diazepam,11.0,325.7142857142857,0.0,59.3,122
2025-07-27,diazepam,21.0,304.7142857142857,0.0,48.3,102
2025-07-28,diazepam,22.0,282.7142857142857,0.0,40.8,106
2025-07-29,diazepam,13.0,269.7142857142857,0.0,31.7,63
2025-07-30,diazepam,7.0,262.7142857142857,0.0,50.0,90
2025-07-31,diazepam,16.0,246.71428571428572,0.0,31.5,83
2025-08-01,diazepam,14.0,232.71428571428572,0.0,31.1,54
2025-08-02,diazepam,21.0,211.71428571428572,0.0,49.8,117
2025-08-03,diazepam,14.0,197.71428571428572,0.0,37.8,60
2025-08-04,diazepam,27.0,170.71428571428572,0.0,41.7,88
2025-08-05,diazepam,18.0,152.71428571428572,0.0,57.6,121
2025-08-06,diazepam,15.0,137.71428571428572,0.0,37.6,62
2025-08-07,diazepam,16.0,121.71428571428572,0.0,52.8,91
2025-08-08,diazepam,12.0,109.71428571428572,0.0,39.4,76
2025-08-09,diazepam,18.0,91.71428571428572,0.0,43.8,82
2025-08-10,diazepam,16.0,75.71428571428572,0.0,42.3,99
2025-08-11,diazepam,11.0,64.71428571428572,0.0,52.3,97
2025-08-12,diazepam,16.0,48.71428571428572,0.0,44.1,96
2025-08-13,diazepam,8.0,40.71428571428572,0.0,27.8,47
2025-08-14,diazepam,9.0,407.28571428571433,375.5714285714286,49.9,104
2025-08-15,diazepam,12.0,395.28571428571433,0.0,44.4,106
2025-08-16,diazepam,18.0,377.28571428571433,0.0,52.3,108
2025-08-17,diazepam,16.0,361.28571428571433,0.0,51.8,98
2025-08-18,diazepam,12.0,349.28571428571433,0.0,55.7,117
2025-08-19,diazepam,11.0,338.28571428571433,0.0,30.3,66
2025-08-20,diazepam,14.0,324.28571428571433,0.0,47.7,99
2025-08-21,diazepam,16.0,308.28571428571433,0.0,52.6,103
2025-08-22,diazepam,15.0,293.28571428571433,0.0,28.5,64
2025-08-23,diazepam,15.0,278.28571428571433,0.0,54.8,130
2025-08-24,diazepam,22.0,256.28571428571433,0.0,46.5,84
2025-08-25,diazepam,19.0,237.28571428571433,0.0,52.5,108
2025-08-26,diazepam,11.0,226.28571428571433,0.0,39.4,69
2025-08-27,diazepam,17.0,209.28571428571433,0.0,42.4,61
2025-08-28,diazepam,15.0,194.28571428571433,0.0,40.0,70
2025-08-29,diazepam,13.0,181.28571428571433,0.0,49.5,95
2025-08-30,diazepam,18.0,163.28571428571433,0.0,64.0,113
2025-08-31,diazepam,22.0,141.28571428571433,0.0,43.9,89
2025-09-01,diazepam,14.0,127.28571428571433,0.0,52.4,120
2025-09-02,diazepam,19.0,108.28571428571433,0.0,40.5,72
2025-09-03,diazepam,14.0,94.28571428571433,0.0,41.2,74
2025-09-04,diazepam,11.0,83.28571428571433,0.0,36.0,70
2025-09-05,diazepam,9.0,74.28571428571433,0.0,42.4,94
2025-09-06,diazepam,23.0,51.285714285714334,0.0,58.5,102
2025-09-07,diazepam,14.0,37.285714285714334,0.0,68.8,154
2025-09-08,diazepam,15.0,22.285714285714334,0.0,47.1,104
2025-09-09,diazepam,18.0,4.285714285714334,0.0,43.9,76
2025-09-10,diazepam,14.0,315.5714285714286,325.2857142857143,38.4,72
2025-09-11,diazepam,10.0,305.5714285714286,0.0,44.1,90
2025-09-12,diazepam,16.0,289.5714285714286,0.0,41.0,72
2025-09-13,diazepam,19.0,270.5714285714286,0.0,41.7,95
2025-09-14,diazepam,23.0,247.5714285714286,0.0,53.5,110
2025-09-15,diazepam,20.0,227.5714285714286,0.0,44.3,66
2025-09-16,diazepam,13.0,214.5714285714286,0.0,39.6,69
2025-09-17,diazepam,12.0,202.5714285714286,0.0,33.8,62
2025-09-18,diazepam,15.0,187.5714285714286,0.0,38.9,78
2025-09-19,diazepam,15.0,172.5714285714286,0.0,38.9,77
2025-09-20,diazepam,15.0,157.5714285714286,0.0,47.2,99
2025-09-21,diazepam,17.0,140.5714285714286,0.0,42.2,86
2025-09-22,diazepam,14.0,126.57142857142861,0.0,53.0,102
2025-09-23,diazepam,9.0,117.57142857142861,0.0,42.4,102
2025-09-24,diazepam,11.0,106.57142857142861,0.0,46.4,84
2025-09-25,diazepam,15.0,91.57142857142861,0.0,32.7,59
2025-09-26,diazepam,20.0,71.57142857142861,0.0,45.5,87
2025-09-27,diazepam,12.0,413.1428571428572,353.5714285714286,45.5,104
2025-09-28,diazepam,17.0,396.1428571428572,0.0,56.4,107
2025-09-29,diazepam,7.0,389.1428571428572,0.0,39.6,60
2025-09-30,diazepam,15.0,374.1428571428572,0.0,48.9,90
2025-10-01,diazepam,13.0,361.1428571428572,0.0,41.8,98
2025-10-02,diazepam,19.0,342.1428571428572,0.0,40.0,66
2025-10-03,diazepam,21.0,321.1428571428572,0.0,49.5,98
2025-10-04,diazepam,19.0,302.1428571428572,0.0,60.7,153
2025-10-05,diazepam,8.0,294.1428571428572,0.0,49.2,102
2025-10-06,diazepam,14.0,280.1428571428572,0.0,42.3,78
2025-10-07,diazepam,23.0,257.1428571428572,0.0,40.0,69
2025-10-08,diazepam,15.0,242.14285714285722,0.0,52.4,109
2025-10-09,diazepam,16.0,226.14285714285722,0.0,38.6,68
2025-10-10,diazepam,17.0,209.14285714285722,0.0,35.6,46
2025-10-11,diazepam,19.0,190.14285714285722,0.0,60.5,120
2025-10-12,diazepam,19.0,171.14285714285722,0.0,68.6,190
2025-10-13,diazepam,23.0,148.14285714285722,0.0,48.0,102
2025-10-14,diazepam,10.0,138.14285714285722,0.0,55.3,121
2025-10-15,diazepam,23.0,115.14285714285722,0.0,26.5,57
2025-10-16,diazepam,15.0,100.14285714285722,0.0,51.4,107
2025-10-17,diazepam,13.0,87.14285714285722,0.0,46.6,80
2025-10-18,diazepam,11.0,76.14285714285722,0.0,42.1,94
2025-10-19,diazepam,18.0,58.142857142857224,0.0,49.9,100
2025-10-20,diazepam,16.0,42.142857142857224,0.0,51.9,120
2025-10-21,diazepam,16.0,26.142857142857224,0.0,36.8,74
2025-10-22,diazepam,13.0,13.142857142857224,0.0,39.8,58
2025-10-23,diazepam,22.0,335.28571428571433,344.1428571428571,38.0,76
2025-10-24,diazepam,15.0,320.28571428571433,0.0,42.7,78
2025-10-25,diazepam,24.0,296.28571428571433,0.0,49.5,124
2025-10-26,diazepam,18.0,278.28571428571433,0.0,60.6,113
2025-10-27,diazepam,17.0,261.28571428571433,0.0,42.3,75
2025-10-28,diazepam,11.0,250.28571428571433,0.0,29.0,46
2025-10-29,diazepam,8.0,242.28571428571433,0.0,45.6,85
2025-10-30,diazepam,13.0,229.28571428571433,0.0,29.3,61
2025-10-31,diazepam,26.0,203.28571428571433,0.0,41.8,67
2025-11-01,diazepam,17.0,186.28571428571433,0.0,50.8,110
2025-11-02,diazepam,17.0,169.28571428571433,0.0,61.1,138
2025-11-03,diazepam,22.0,147.28571428571433,0.0,32.3,59
2025-11-04,diazepam,20.0,127.28571428571433,0.0,33.7,64
2025-11-05,diazepam,17.0,110.28571428571433,0.0,47.2,88
2025-11-06,diazepam,18.0,92.28571428571433,0.0,40.5,74
2025-11-07,diazepam,17.0,75.28571428571433,0.0,56.8,116
2025-11-08,diazepam,15.0,60.285714285714334,0.0,51.4,108
2025-11-09,diazepam,18.0,42.285714285714334,0.0,58.3,122
2025-11-10,diazepam,14.0,28.285714285714334,0.0,36.4,70
2025-11-11,diazepam,13.0,15.285714285714334,0.0,54.0,90
2025-11-12,diazepam,12.0,3.2857142857143344,0.0,31.8,70
2025-11-13,diazepam,14.0,327.1428571428572,337.8571428571429,59.2,116
2025-11-14,diazepam,26.0,301.1428571428572,0.0,41.5,64
2025-11-15,diazepam,32.0,269.1428571428572,0.0,58.1,137
2025-11-16,diazepam,16.0,253.14285714285722,0.0,53.3,88
2025-11-17,diazepam,18.0,235.14285714285722,0.0,56.1,110
2025-11-18,diazepam,22.0,213.14285714285722,0.0,40.2,65
2025-11-19,diazepam,15.0,198.14285714285722,0.0,37.2,67
2025-11-20,diazepam,12.0,186.14285714285722,0.0,48.8,103
2025-11-21,diazepam,15.0,171.14285714285722,0.0,42.5,85
2025-11-22,diazepam,15.0,156.14285714285722,0.0,49.8,99
2025-11-23,diazepam,25.0,131.14285714285722,0.0,54.9,102
2025-11-24,diazepam,20.0,111.14285714285722,0.0,37.1,65
2025-11-25,diazepam,7.0,104.14285714285722,0.0,26.7,48
2025-11-26,diazepam,20.0,84.14285714285722,0.0,39.6,65
2025-11-27,diazepam,15.0,469.85714285714295,400.7142857142857,35.5,52
2025-11-28,diazepam,19.0,450.85714285714295,0.0,26.7,30
2025-11-29,diazepam,9.0,441.85714285714295,0.0,47.7,89
2025-11-30,diazepam,21.0,420.85714285714295,0.0,53.8,118
2025-12-01,diazepam,28.0,392.85714285714295,0.0,44.5,99
2025-12-02,diazepam,10.0,382.85714285714295,0.0,33.9,68
2025-12-03,diazepam,17.0,365.85714285714295,0.0,28.7,62
2025-12-04,diazepam,17.0,348.85714285714295,0.0,48.8,98
2025-12-05,diazepam,11.0,337.85714285714295,0.0,47.6,98
2025-12-06,diazepam,22.0,315.85714285714295,0.0,38.4,76
2025-12-07,diazepam,24.0,291.85714285714295,0.0,36.8,100
2025-12-08,diazepam,15.0,276.85714285714295,0.0,46.1,107
2025-12-09,diazepam,9.0,267.85714285714295,0.0,41.2,66
2025-12-10,diazepam,14.0,253.85714285714295,0.0,43.8,94
2025-12-11,diazepam,17.0,236.85714285714295,0.0,43.4,81
2025-12-12,diazepam,21.0,215.85714285714295,0.0,32.5,70
2025-12-13,diazepam,13.0,202.85714285714295,0.0,47.3,80
2025-12-14,diazepam,13.0,189.85714285714295,0.0,44.2,89
2025-12-15,diazepam,15.0,174.85714285714295,0.0,34.0,55
2025-12-16,diazepam,15.0,159.85714285714295,0.0,41.8,54
2025-12-17,diazepam,21.0,138.85714285714295,0.0,38.9,55
2025-12-18,diazepam,18.0,120.85714285714295,0.0,36.9,70
2025-12-19,diazepam,9.0,111.85714285714295,0.0,37.1,74
2025-12-20,diazepam,23.0,88.85714285714295,0.0,43.4,89
2025-12-21,diazepam,7.0,81.85714285714295,0.0,48.9,95
2025-12-22,diazepam,11.0,70.85714285714295,0.0,49.2,103
2025-12-23,diazepam,16.0,421.00000000000006,366.1428571428571,29.2,49
2025-12-24,diazepam,12.0,409.00000000000006,0.0,38.0,53
2025-12-25,diazepam,28.0,381.00000000000006,0.0,53.7,116
2025-12-26,diazepam,13.0,368.00000000000006,0.0,52.2,84
2025-12-27,diazepam,12.0,356.00000000000006,0.0,40.9,77
2025-12-28,diazepam,21.0,335.00000000000006,0.0,62.0,118
2025-12-29,diazepam,21.0,314.00000000000006,0.0,38.5,67
2025-12-30,diazepam,19.0,295.00000000000006,0.0,36.0,53
2025-12-31,diazepam,21.0,274.00000000000006,0.0,36.6,74
